acc_ref,beat_no,severity,no_vehicle,no_casualt,a_date,a_day,a_date_day,a_date_mon,a_date_yr,a_time_hr,a_time_min,loc_auth,road1_class,road1_no,road_type,speed_limi,junc_det,junc_ctrl,road2_class,road2_no,light_cond,weather,road_surf,spec_cond,cway_hzrds,ovrtk_patrn,easting,northing,net_id,net_type,acc_type,text_id,division,Postcode,ped_xing_hc,ped_xing_p,place_reported,latitude,longitude,geojson
95011,,Slight,2,1,05/02/2011,Saturday,5,February,11,7,38,230,C,,Single carriageway - 2 lanes,30,'T' or staggered junction,Automatic Traffic Signal,Unclassified,,Daylight: street lights present,Fine (without high winds),Dry,None,None,No overtaking,327000,674910,520287,Junction,T.V.N.P.,345380,unset,EH75QL,Control by other authorised person,Pedestrian phase at traffic signal junction,At scene,55.9616913112,-3.16946269165,"{""type"": ""Feature"",""geometry"": {""type"": ""Point"",""coordinates"": -3.16946269165, 55.9616913112}}"
95811,,Slight,2,1,03/02/2011,Thursday,3,February,11,10,55,230,A,702,Dual carriageway - 2 lanes,30,'T' or staggered junction,Automatic Traffic Signal,A,8,Daylight: street lights present,Fine (without high winds),Dry,None,None,No overtaking,324700,673660,520920,Junction,Cyclist,345381,unset,EH12AD,Control by other authorised person,Pedestrian phase at traffic signal junction,Elsewhere,55.9501064928,-3.20595052553,"{""type"": ""Feature"",""geometry"": {""type"": ""Point"",""coordinates"": -3.20595052553, 55.9501064928}}"
95911,,Slight,1,1,07/02/2011,Monday,7,February,11,14,20,230,A,90,Single carriageway - 2 lanes,30,Not at or within 20 metres of junction,unset,\,,Daylight: street lights present,Fine (without high winds),Dry,None,None,No overtaking,322160,674480,555540,Segment,Pedestrian,345382,unset,EH42BN,No crossing facility within 50m or physical crossing facility not controlled by authorised person,No physical crossing facility within 50m,Elsewhere,55.9570684053,-3.24685545204,"{""type"": ""Feature"",""geometry"": {""type"": ""Point"",""coordinates"": -3.24685545204, 55.9570684053}}"
98211,,Serious,2,1,08/02/2011,Tuesday,8,February,11,13,0,230,B,900,Roundabout,30,Roundabout,Give way sign or markings,B,900,Daylight: no street lighting,Fine (without high winds),Dry,None,None,No overtaking,323520,674610,520098,Junction,Cyclist,345383,unset,EH42DL,Control by other authorised person,Central refuge - no other controls,At scene,55.9584547178,-3.22511326403,"{""type"": ""Feature"",""geometry"": {""type"": ""Point"",""coordinates"": -3.22511326403, 55.9584547178}}"
99011,,Slight,2,1,08/02/2011,Tuesday,8,February,11,16,25,230,Unclassified,,Single carriageway - 2 lanes,30,Crossroads,Automatic Traffic Signal,Unclassified,,Daylight: street lights present,Fine (without high winds),Dry,None,None,No overtaking,326730,671830,529477,Junction,Cyclist,345384,unset,EH91SB,No crossing facility within 50m or physical crossing facility not controlled by authorised person,No physical crossing facility within 50m,At scene,55.9339796724,-3.17295025419,"{""type"": ""Feature"",""geometry"": {""type"": ""Point"",""coordinates"": -3.17295025419, 55.9339796724}}"
99411,,Slight,1,1,07/02/2011,Monday,7,February,11,8,21,230,C,,Single carriageway - 2 lanes,30,Other junction,Automatic Traffic Signal,Unclassified,,Daylight: street lights present,Unknown,Dry,None,None,No overtaking,325360,673950,521061,Junction,Pedestrian,345385,unset,EH22DL,Control by other authorised person,Pedestrian phase at traffic signal junction,Elsewhere,55.9528147774,-3.19546332427,"{""type"": ""Feature"",""geometry"": {""type"": ""Point"",""coordinates"": -3.19546332427, 55.9528147774}}"
99711,,Slight,2,1,08/02/2011,Tuesday,8,February,11,13,53,230,B,6415,Single carriageway - 2 lanes,30,Other junction,Give way sign or markings,Unclassified,,Daylight: street lights present,Fine (without high winds),Dry,None,None,No overtaking,331820,673390,531400,Junction,Bus,345386,unset,EH152HD,No crossing facility within 50m or physical crossing facility not controlled by authorised person,No physical crossing facility within 50m,At scene,55.948743701,-3.09187797274,"{""type"": ""Feature"",""geometry"": {""type"": ""Point"",""coordinates"": -3.09187797274, 55.948743701}}"
99811,,Slight,1,1,11/01/2011,Tuesday,11,January,11,3,0,230,A,7,Single carriageway - 2 lanes,30,Not at or within 20 metres of junction,unset,\,,Darkness: street lights present and lit,Fine (without high winds),Dry,None,None,No overtaking,325920,673729,569273,Segment,Pedestrian,365476,unset,EH11SB,Control by other authorised person,Central refuge - no other controls,At scene,55.9509159998,-3.18643559267,"{""type"": ""Feature"",""geometry"": {""type"": ""Point"",""coordinates"": -3.18643559267, 55.9509159998}}"
101411,,Slight,1,1,09/02/2011,Wednesday,9,February,11,20,55,230,A,90,One way Street,30,'T' or staggered junction,Automatic Traffic Signal,A,90,Darkness: street lights present and lit,Raining (without high winds),Dry,None,None,No overtaking,324770,673820,520995,Junction,Pedestrian,345387,unset,EH24HE,Control by other authorised person,"Pelican, puffin, toucan or similar non-junction pedestrian light crossing",At scene,55.9515548693,-3.2048743778,"{""type"": ""Feature"",""geometry"": {""type"": ""Point"",""coordinates"": -3.2048743778, 55.9515548693}}"
102611,,Serious,2,1,10/02/2011,Thursday,10,February,11,8,20,230,A,90,Single carriageway - 2 lanes,30,'T' or staggered junction,Give way sign or markings,Unclassified,,Daylight: street lights present,Other,Dry,None,None,No overtaking,322020,674580,520044,Junction,Cyclist,345388,unset,EH42BS,No crossing facility within 50m or physical crossing facility not controlled by authorised person,"Pelican, puffin, toucan or similar non-junction pedestrian light crossing",At scene,55.9579440692,-3.24912633279,"{""type"": ""Feature"",""geometry"": {""type"": ""Point"",""coordinates"": -3.24912633279, 55.9579440692}}"
105011,,Slight,2,2,11/02/2011,Friday,11,February,11,7,45,230,A,90,Dual carriageway - 2 lanes,50,Other junction,Give way sign or markings,Unclassified,,Daylight: no street lighting,Fine (without high winds),Dry,None,None,No overtaking,312450,678040,533266,Junction,T.V.N.P.,345389,unset,EH309XY,Control by other authorised person,No physical crossing facility within 50m,At scene,55.9873769358,-3.40349998459,"{""type"": ""Feature"",""geometry"": {""type"": ""Point"",""coordinates"": -3.40349998459, 55.9873769358}}"
105211,,Slight,2,2,11/02/2011,Friday,11,February,11,15,50,230,A,1,Single carriageway - 3 lanes,70,Roundabout,Automatic Traffic Signal,A,6095,Daylight: no street lighting,Fine (without high winds),Dry,None,None,No overtaking,331630,671800,4464213,Junction,T.V.N.P.,345390,unset,EH218RX,No crossing facility within 50m or physical crossing facility not controlled by authorised person,No physical crossing facility within 50m,Elsewhere,55.934431843,-3.09451717819,"{""type"": ""Feature"",""geometry"": {""type"": ""Point"",""coordinates"": -3.09451717819, 55.934431843}}"
106911,,Slight,2,1,11/02/2011,Friday,11,February,11,19,40,230,B,701,Single carriageway - 2 lanes,30,'T' or staggered junction,Give way sign or markings,Unclassified,,Darkness: street lights present and lit,Fine (without high winds),Dry,None,None,No overtaking,328440,668520,530245,Junction,T.V.N.P.,345391,unset,EH178JX,No crossing facility within 50m or physical crossing facility not controlled by authorised person,No physical crossing facility within 50m,At scene,55.9044999293,-3.14470502054,"{""type"": ""Feature"",""geometry"": {""type"": ""Point"",""coordinates"": -3.14470502054, 55.9044999293}}"
107211,,Slight,2,1,12/02/2011,Saturday,12,February,11,13,20,230,Unclassified,,Single carriageway - 2 lanes,30,Using private drive or entrance,Give way sign or markings,Unclassified,,Daylight: street lights present,Fine (without high winds),Dry,None,None,No overtaking,322370,669650,564818,Segment,T.V.N.P.,345392,unset,EH141DS,No crossing facility within 50m or physical crossing facility not controlled by authorised person,No physical crossing facility within 50m,Elsewhere,55.9137109837,-3.24210323638,"{""type"": ""Feature"",""geometry"": {""type"": ""Point"",""coordinates"": -3.24210323638, 55.9137109837}}"
108711,,Slight,1,1,12/02/2011,Saturday,12,February,11,8,35,230,Unclassified,,Dual carriageway - 2 lanes,30,Multiple junction,Automatic Traffic Signal,C,,Daylight: street lights present,Fine (without high winds),Dry,None,None,No overtaking,325690,673970,521076,Junction,Bus,345393,unset,EH22BY,No crossing facility within 50m or physical crossing facility not controlled by authorised person,No physical crossing facility within 50m,Elsewhere,55.9530456026,-3.19018471398,"{""type"": ""Feature"",""geometry"": {""type"": ""Point"",""coordinates"": -3.19018471398, 55.9530456026}}"
109311,,Slight,1,1,12/02/2011,Saturday,12,February,11,22,55,230,Unclassified,,Single carriageway - 2 lanes,30,'T' or staggered junction,Give way sign or markings,Unclassified,,Darkness: street lights present and lit,Fine (without high winds),Dry,None,None,No overtaking,324580,673730,520956,Junction,Pedestrian,345394,unset,EH24PG,Control by other authorised person,Pedestrian phase at traffic signal junction,At scene,55.9507165421,-3.20789145915,"{""type"": ""Feature"",""geometry"": {""type"": ""Point"",""coordinates"": -3.20789145915, 55.9507165421}}"
109911,,Slight,2,2,13/02/2011,Sunday,13,February,11,17,25,230,A,90,One way Street,30,Not at or within 20 metres of junction,unset,\,,Darkness: street lights present and lit,Fine (without high winds),Dry,None,None,No overtaking,324640,673800,520968,Junction,Bus,345395,unset,EH24DR,No crossing facility within 50m or physical crossing facility not controlled by authorised person,No physical crossing facility within 50m,At scene,55.9513548229,-3.20695033236,"{""type"": ""Feature"",""geometry"": {""type"": ""Point"",""coordinates"": -3.20695033236, 55.9513548229}}"
110211,,Slight,1,1,13/02/2011,Sunday,13,February,11,3,52,230,C,,Single carriageway - 2 lanes,30,Not at or within 20 metres of junction,unset,\,,Daylight: street lights present,Fine (without high winds),Dry,None,None,No overtaking,325780,674340,566777,Segment,Pedestrian,345396,unset,EH13HU,No crossing facility within 50m or physical crossing facility not controlled by authorised person,Pedestrian phase at traffic signal junction,At scene,55.9563835477,-3.18884545576,"{""type"": ""Feature"",""geometry"": {""type"": ""Point"",""coordinates"": -3.18884545576, 55.9563835477}}"
112111,,Slight,2,1,11/02/2011,Friday,11,February,11,13,25,230,Motorway,8,Dual carriageway - 2 lanes,70,Not at or within 20 metres of junction,unset,\,,Daylight: no street lighting,Fine (without high winds),Dry,None,None,No overtaking,317910,670810,6452850,Segment,T.V.N.P.,345397,unset,EH129BU,No crossing facility within 50m or physical crossing facility not controlled by authorised person,No physical crossing facility within 50m,Elsewhere,55.9233916961,-3.31379650451,"{""type"": ""Feature"",""geometry"": {""type"": ""Point"",""coordinates"": -3.31379650451, 55.9233916961}}"
113211,,Slight,2,1,15/02/2011,Tuesday,15,February,11,7,5,230,Unclassified,,Roundabout,40,Roundabout,Give way sign or markings,A,71,Daylight: no street lighting,Fine (without high winds),Dry,None,None,No overtaking,320050,670810,529678,Junction,Cyclist,345398,unset,EH113TA,Control by other authorised person,No physical crossing facility within 50m,At scene,55.9237521322,-3.27955694282,"{""type"": ""Feature"",""geometry"": {""type"": ""Point"",""coordinates"": -3.27955694282, 55.9237521322}}"
113911,,Slight,2,1,15/02/2011,Tuesday,15,February,11,18,40,230,Unclassified,,Single carriageway - 2 lanes,30,Not at or within 20 metres of junction,unset,\,,Darkness: street lights present and lit,Fine (without high winds),Dry,None,None,No overtaking,322750,669330,564752,Segment,Cyclist,345399,unset,EH139AH,No crossing facility within 50m or physical crossing facility not controlled by authorised person,No physical crossing facility within 50m,Elsewhere,55.9108973253,-3.23593325745,"{""type"": ""Feature"",""geometry"": {""type"": ""Point"",""coordinates"": -3.23593325745, 55.9108973253}}"
114011,,Slight,3,1,15/02/2011,Tuesday,15,February,11,18,15,230,A,71,Dual carriageway - 2 lanes,40,Roundabout,Give way sign or markings,C,,Darkness: street lights present and lit,Fine (without high winds),Dry,None,None,No overtaking,320670,671090,529513,Junction,M.V.N.P.,345400,unset,EH113RQ,No crossing facility within 50m or physical crossing facility not controlled by authorised person,No physical crossing facility within 50m,Elsewhere,55.9263702019,-3.26971917323,"{""type"": ""Feature"",""geometry"": {""type"": ""Point"",""coordinates"": -3.26971917323, 55.9263702019}}"
114111,,Slight,1,1,14/02/2011,Monday,14,February,11,19,15,230,Unclassified,,Single carriageway - 2 lanes,30,Other junction,Give way sign or markings,Unclassified,,Darkness: street lights present and lit,Fine (without high winds),Dry,None,None,No overtaking,323140,671970,522264,Junction,Pedestrian,345401,unset,EH111QE,No crossing facility within 50m or physical crossing facility not controlled by authorised person,No physical crossing facility within 50m,At scene,55.9346769694,-3.23044644687,"{""type"": ""Feature"",""geometry"": {""type"": ""Point"",""coordinates"": -3.23044644687, 55.9346769694}}"
114211,,Slight,2,1,14/02/2011,Monday,14,February,11,16,27,230,A,701,Single carriageway - 2 lanes,30,Crossroads,Give way sign or markings,Unclassified,,Daylight: no street lighting,Fine (without high winds),Dry,None,None,No overtaking,327110,671130,529603,Junction,T.V.N.P.,345402,unset,EH165PS,Control by other authorised person,Pedestrian phase at traffic signal junction,At scene,55.927748637,-3.16667940859,"{""type"": ""Feature"",""geometry"": {""type"": ""Point"",""coordinates"": -3.16667940859, 55.927748637}}"
115011,,Slight,1,1,16/02/2011,Wednesday,16,February,11,6,50,230,Unclassified,,Single carriageway - 2 lanes,30,Roundabout,Give way sign or markings,Unclassified,,Daylight: no street lighting,Raining (without high winds),Dry,None,None,No overtaking,318590,674100,10303194,Junction,S.V.N.P.,345403,unset,EH128UP,Control by other authorised person,No physical crossing facility within 50m,At scene,55.9530630102,-3.30390931095,"{""type"": ""Feature"",""geometry"": {""type"": ""Point"",""coordinates"": -3.30390931095, 55.9530630102}}"
115511,,Fatal,1,1,15/02/2011,Tuesday,15,February,11,8,2,230,Unclassified,,Dual carriageway - 2 lanes,30,Not at or within 20 metres of junction,unset,\,,Daylight: street lights present,Fine (without high winds),Dry,None,None,No overtaking,318490,671780,12232438,Segment,Pedestrian,345404,unset,EH129EB,No crossing facility within 50m or physical crossing facility not controlled by authorised person,No physical crossing facility within 50m,At scene,55.9322043406,-3.3048095123,"{""type"": ""Feature"",""geometry"": {""type"": ""Point"",""coordinates"": -3.3048095123, 55.9322043406}}"
116811,,Slight,2,1,16/02/2011,Wednesday,16,February,11,17,40,230,A,71,Single carriageway - 2 lanes,30,'T' or staggered junction,Automatic Traffic Signal,Unclassified,,Darkness: street lights present but unlit,Fine (without high winds),Dry,None,None,No overtaking,321850,671610,522204,Junction,Cyclist,345405,unset,EH113AJ,Control by school crossing patrol,Pedestrian phase at traffic signal junction,At scene,55.9312349041,-3.25098825103,"{""type"": ""Feature"",""geometry"": {""type"": ""Point"",""coordinates"": -3.25098825103, 55.9312349041}}"
118611,,Slight,2,1,16/02/2011,Wednesday,16,February,11,7,0,230,Unclassified,,Unknown,30,Other junction,Automatic Traffic Signal,A,70,Darkness: street lights present and lit,Unknown,Dry,None,None,No overtaking,321970,670690,522765,Junction,Cyclist,345406,unset,EH141TN,Control by other authorised person,No physical crossing facility within 50m,Elsewhere,55.9229893697,-3.24880201113,"{""type"": ""Feature"",""geometry"": {""type"": ""Point"",""coordinates"": -3.24880201113, 55.9229893697}}"
119011,,Slight,2,1,17/02/2011,Thursday,17,February,11,18,20,230,A,8,Single carriageway - 2 lanes,30,Other junction,Give way sign or markings,Unclassified,,Daylight: no street lighting,Raining (without high winds),Dry,None,None,No overtaking,322860,673250,521271,Junction,Bus,345407,unset,EH126DF,No crossing facility within 50m or physical crossing facility not controlled by authorised person,No physical crossing facility within 50m,Elsewhere,55.946131325,-3.2352937463,"{""type"": ""Feature"",""geometry"": {""type"": ""Point"",""coordinates"": -3.2352937463, 55.946131325}}"
120311,,Slight,3,2,17/02/2011,Thursday,17,February,11,16,10,230,B,701,Single carriageway - 2 lanes,30,Using private drive or entrance,unset,\,,Daylight: street lights present,Fine (without high winds),Dry,None,None,No overtaking,329150,668600,2105870,Segment,M.V.N.P.,345408,unset,EH178RF,No crossing facility within 50m or physical crossing facility not controlled by authorised person,No physical crossing facility within 50m,At scene,55.9053236833,-3.13337102193,"{""type"": ""Feature"",""geometry"": {""type"": ""Point"",""coordinates"": -3.13337102193, 55.9053236833}}"
121911,,Slight,2,1,14/02/2011,Monday,14,February,11,18,30,230,A,900,Single carriageway - 2 lanes,30,Roundabout,Give way sign or markings,B,1350,Darkness: street lights present and lit,Fine (without high winds),Dry,None,None,No overtaking,326150,674540,520248,Junction,Cyclist,345409,unset,EH13NH,No crossing facility within 50m or physical crossing facility not controlled by authorised person,No physical crossing facility within 50m,At scene,55.9582373427,-3.18297507508,"{""type"": ""Feature"",""geometry"": {""type"": ""Point"",""coordinates"": -3.18297507508, 55.9582373427}}"
122411,,Serious,2,1,19/02/2011,Saturday,19,February,11,11,28,230,Unclassified,,Single carriageway - 2 lanes,30,'T' or staggered junction,Give way sign or markings,B,901,Daylight: no street lighting,Raining (without high winds),Dry,None,None,No overtaking,325040,675260,519837,Junction,Cyclist,345410,unset,EH35LP,No crossing facility within 50m or physical crossing facility not controlled by authorised person,"Pelican, puffin, toucan or similar non-junction pedestrian light crossing",At scene,55.9645337851,-3.20095168852,"{""type"": ""Feature"",""geometry"": {""type"": ""Point"",""coordinates"": -3.20095168852, 55.9645337851}}"
122711,,Slight,2,1,19/02/2011,Saturday,19,February,11,16,29,230,A,71,Dual carriageway - 2 lanes,40,Roundabout,Give way sign or markings,Unclassified,,Daylight: street lights present,Fine (without high winds),Dry,None,None,No overtaking,319430,670670,529651,Junction,T.V.N.P.,345411,unset,EH114NT,No crossing facility within 50m or physical crossing facility not controlled by authorised person,No physical crossing facility within 50m,At scene,55.9223909841,-3.28943513467,"{""type"": ""Feature"",""geometry"": {""type"": ""Point"",""coordinates"": -3.28943513467, 55.9223909841}}"
123111,,Slight,2,1,15/02/2011,Tuesday,15,February,11,9,17,230,Unclassified,,Single carriageway - 2 lanes,30,Multiple junction,Automatic Traffic Signal,Unclassified,,Daylight: street lights present,Fine (without high winds),Dry,None,None,No overtaking,323630,671430,529594,Junction,Cyclist,345412,unset,EH105BT,No crossing facility within 50m or physical crossing facility not controlled by authorised person,No physical crossing facility within 50m,At scene,55.9299037933,-3.22245131177,"{""type"": ""Feature"",""geometry"": {""type"": ""Point"",""coordinates"": -3.22245131177, 55.9299037933}}"
124011,,Slight,2,1,18/02/2011,Friday,18,February,11,17,45,230,A,700,Single carriageway - 2 lanes,30,'T' or staggered junction,Automatic Traffic Signal,C,,Daylight: no street lighting,Fine (without high winds),Dry,None,None,No overtaking,324950,672940,533362,Junction,Cyclist,345413,unset,EH39JG,Control by other authorised person,Pedestrian phase at traffic signal junction,Elsewhere,55.9436772314,-3.20174733559,"{""type"": ""Feature"",""geometry"": {""type"": ""Point"",""coordinates"": -3.20174733559, 55.9436772314}}"
124411,,Slight,1,1,20/02/2011,Sunday,20,February,11,13,38,230,Unclassified,,Single carriageway - 2 lanes,20,Crossroads,Automatic Traffic Signal,A,701,Daylight: no street lighting,Fine (without high winds),Dry,None,None,No overtaking,327220,671020,523080,Junction,Bus,345414,unset,EH165PB,Control by other authorised person,Central refuge - no other controls,At scene,55.9267770557,-3.16488950672,"{""type"": ""Feature"",""geometry"": {""type"": ""Point"",""coordinates"": -3.16488950672, 55.9267770557}}"
125211,,Slight,2,1,20/02/2011,Sunday,20,February,11,18,40,230,Unclassified,,Roundabout,30,Roundabout,Give way sign or markings,A,8,Daylight: no street lighting,Fine (without high winds),Dry,None,None,No overtaking,319310,672920,522900,Junction,T.V.N.P.,345415,unset,EH128HH,Control by other authorised person,Pedestrian phase at traffic signal junction,At scene,55.9425838839,-3.29202762333,"{""type"": ""Feature"",""geometry"": {""type"": ""Point"",""coordinates"": -3.29202762333, 55.9425838839}}"
125511,,Slight,2,1,18/02/2011,Friday,18,February,11,23,50,230,Unclassified,,Single carriageway - 2 lanes,30,'T' or staggered junction,Give way sign or markings,Unclassified,,Daylight: no street lighting,Fine (without high winds),Dry,None,None,No overtaking,326130,676350,532552,Junction,T.V.N.P.,345416,unset,EH64ET,No crossing facility within 50m or physical crossing facility not controlled by authorised person,No physical crossing facility within 50m,At scene,55.9744950876,-3.18379175274,"{""type"": ""Feature"",""geometry"": {""type"": ""Point"",""coordinates"": -3.18379175274, 55.9744950876}}"
125911,,Slight,1,1,21/02/2011,Monday,21,February,11,15,20,230,B,900,Single carriageway - 2 lanes,30,'T' or staggered junction,Give way sign or markings,Unclassified,,Daylight: street lights present,Fine with high winds,Dry,None,None,No overtaking,325880,675430,519849,Junction,Pedestrian,345417,unset,EH74LD,No crossing facility within 50m or physical crossing facility not controlled by authorised person,Pedestrian phase at traffic signal junction,Elsewhere,55.9661914075,-3.18754389845,"{""type"": ""Feature"",""geometry"": {""type"": ""Point"",""coordinates"": -3.18754389845, 55.9661914075}}"
126111,,Slight,1,1,15/02/2011,Tuesday,15,February,11,17,5,230,A,8,Single carriageway - 2 lanes,30,Not at or within 20 metres of junction,unset,\,,Daylight: street lights present,Unknown,Dry,None,None,No overtaking,323720,673230,550610,Segment,Pedestrian,345418,unset,EH125LQ,No crossing facility within 50m or physical crossing facility not controlled by authorised person,No physical crossing facility within 50m,Elsewhere,55.9460889089,-3.22151988187,"{""type"": ""Feature"",""geometry"": {""type"": ""Point"",""coordinates"": -3.22151988187, 55.9460889089}}"
126811,,Slight,2,1,21/02/2011,Monday,21,February,11,16,20,230,A,8,Single carriageway - 2 lanes,60,'T' or staggered junction,Automatic Traffic Signal,C,,Darkness: street lights present but unlit,Fine (without high winds),Dry,None,None,No overtaking,323040,673190,521283,Junction,T.V.N.P.,345419,unset,EH126AW,No crossing facility within 50m or physical crossing facility not controlled by authorised person,No physical crossing facility within 50m,Elsewhere,55.9456211562,-3.23239491762,"{""type"": ""Feature"",""geometry"": {""type"": ""Point"",""coordinates"": -3.23239491762, 55.9456211562}}"
126911,,Slight,2,1,22/02/2011,Tuesday,22,February,11,8,0,230,Unclassified,,Roundabout,30,Roundabout,Give way sign or markings,A,71,Daylight: street lights present,Fine (without high winds),Dry,None,None,No overtaking,319400,670700,529645,Junction,Bus,345420,unset,EH114HD,No crossing facility within 50m or physical crossing facility not controlled by authorised person,No physical crossing facility within 50m,At scene,55.9226554661,-3.28992406714,"{""type"": ""Feature"",""geometry"": {""type"": ""Point"",""coordinates"": -3.28992406714, 55.9226554661}}"
127811,,Serious,2,1,21/02/2011,Monday,21,February,11,16,40,230,A,8,Single carriageway - 2 lanes,30,Crossroads,Give way sign or markings,Unclassified,,Daylight: street lights present,Fine (without high winds),Dry,None,None,No overtaking,324480,673540,520881,Junction,Cyclist,345421,unset,EH38HA,No crossing facility within 50m or physical crossing facility not controlled by authorised person,No physical crossing facility within 50m,Elsewhere,55.9489939117,-3.20943939686,"{""type"": ""Feature"",""geometry"": {""type"": ""Point"",""coordinates"": -3.20943939686, 55.9489939117}}"
130011,,Slight,2,1,22/02/2011,Tuesday,22,February,11,16,20,230,Unclassified,,Roundabout,30,Roundabout,Give way sign or markings,C,,Daylight: no street lighting,Fine (without high winds),Dry,None,None,No overtaking,321410,671750,522168,Junction,Cyclist,345422,unset,EH113JT,No crossing facility within 50m or physical crossing facility not controlled by authorised person,Zebra crossing,At scene,55.9324209141,-3.25807041698,"{""type"": ""Feature"",""geometry"": {""type"": ""Point"",""coordinates"": -3.25807041698, 55.9324209141}}"
131011,,Slight,2,1,23/02/2011,Wednesday,23,February,11,8,26,230,Unclassified,,Dual carriageway - 2 lanes,30,Not at or within 20 metres of junction,unset,\,,Daylight: no street lighting,Raining (without high winds),Dry,None,None,No overtaking,326790,672490,4477242,Segment,T.V.N.P.,345423,unset,EH165BH,No crossing facility within 50m or physical crossing facility not controlled by authorised person,No physical crossing facility within 50m,At scene,55.9399182239,-3.17216901444,"{""type"": ""Feature"",""geometry"": {""type"": ""Point"",""coordinates"": -3.17216901444, 55.9399182239}}"
131111,,Slight,1,1,23/02/2011,Wednesday,23,February,11,12,45,230,C,,Single carriageway - 2 lanes,30,Not at or within 20 metres of junction,unset,\,,Daylight: street lights present,Raining (without high winds),Dry,None,None,No overtaking,322810,676730,559673,Segment,Pedestrian,345424,unset,EH51LT,No crossing facility within 50m or physical crossing facility not controlled by authorised person,No physical crossing facility within 50m,Elsewhere,55.9773866057,-3.23709118771,"{""type"": ""Feature"",""geometry"": {""type"": ""Point"",""coordinates"": -3.23709118771, 55.9773866057}}"
131311,,Serious,3,1,22/02/2011,Tuesday,22,February,11,19,10,230,A,90,Dual carriageway - 2 lanes,70,Not at or within 20 metres of junction,unset,\,,Darkness: no street lighting,Fine (without high winds),Dry,None,None,No overtaking,313540,677050,555414,Segment,M.V.N.P.,345425,unset,EH309SR,No crossing facility within 50m or physical crossing facility not controlled by authorised person,No physical crossing facility within 50m,At scene,55.9786812438,-3.38571405073,"{""type"": ""Feature"",""geometry"": {""type"": ""Point"",""coordinates"": -3.38571405073, 55.9786812438}}"
132311,,Slight,2,1,23/02/2011,Wednesday,23,February,11,16,26,230,C,,Single carriageway - 2 lanes,30,Crossroads,Give way sign or markings,Unclassified,,Daylight: no street lighting,Fine (without high winds),Dry,None,None,No overtaking,322520,670420,529984,Junction,T.V.N.P.,345426,unset,EH141DQ,No crossing facility within 50m or physical crossing facility not controlled by authorised person,No physical crossing facility within 50m,At scene,55.9206526565,-3.23992462192,"{""type"": ""Feature"",""geometry"": {""type"": ""Point"",""coordinates"": -3.23992462192, 55.9206526565}}"
132411,,Slight,1,1,23/02/2011,Wednesday,23,February,11,15,0,230,A,7,Single carriageway - 2 lanes,30,Other junction,Automatic Traffic Signal,Unclassified,,Daylight: no street lighting,Fine (without high winds),Dry,None,None,No overtaking,326000,673400,521589,Junction,Pedestrian,345427,unset,EH89AA,Control by other authorised person,Central refuge - no other controls,Elsewhere,55.9479726235,-3.18506436486,"{""type"": ""Feature"",""geometry"": {""type"": ""Point"",""coordinates"": -3.18506436486, 55.9479726235}}"
133511,,Slight,1,1,24/02/2011,Thursday,24,February,11,14,47,230,A,70,Single carriageway - 2 lanes,30,Not at or within 20 metres of junction,unset,\,,Daylight: street lights present,Fine (without high winds),Dry,None,None,No overtaking,322750,671600,522231,Junction,Bus,345428,unset,EH141PP,Control by other authorised person,Pedestrian phase at traffic signal junction,Elsewhere,55.9312904829,-3.23658241014,"{""type"": ""Feature"",""geometry"": {""type"": ""Point"",""coordinates"": -3.23658241014, 55.9312904829}}"
134111,,Slight,2,1,24/02/2011,Thursday,24,February,11,17,40,230,A,720,One way Street,50,Not at or within 20 metres of junction,unset,\,,Daylight: no street lighting,Fine (without high winds),Dry,None,None,No overtaking,318450,670580,2578773,Segment,T.V.N.P.,345429,unset,EH144AJ,No crossing facility within 50m or physical crossing facility not controlled by authorised person,No physical crossing facility within 50m,At scene,55.9214173333,-3.30508724905,"{""type"": ""Feature"",""geometry"": {""type"": ""Point"",""coordinates"": -3.30508724905, 55.9214173333}}"
135111,,Slight,1,1,25/01/2011,Tuesday,25,January,11,12,20,230,Unclassified,,Single carriageway - 2 lanes,30,'T' or staggered junction,Give way sign or markings,Unclassified,,Daylight: street lights present,Fine (without high winds),Dry,None,None,No overtaking,312860,678290,0,Unset,Pedestrian,365477,unset,EH309SD,No crossing facility within 50m or physical crossing facility not controlled by authorised person,No physical crossing facility within 50m,Elsewhere,55.9896973325,-3.39701053342,"{""type"": ""Feature"",""geometry"": {""type"": ""Point"",""coordinates"": -3.39701053342, 55.9896973325}}"