acc_ref,beat_no,severity,no_vehicle,no_casualt,a_date,a_day,a_date_day,a_date_mon,a_date_yr,a_time_hr,a_time_min,loc_auth,road1_class,road1_no,road_type,speed_limi,junc_det,junc_ctrl,road2_class,road2_no,light_cond,weather,road_surf,spec_cond,cway_hzrds,ovrtk_patrn,easting,northing,net_id,net_type,acc_type,text_id,division,Postcode,ped_xing_hc,ped_xing_p,place_reported,latitude,longitude,geojson
135411,,Slight,2,1,24/02/2011,Thursday,24,February,11,15,40,230,Unclassified,,Single carriageway - 2 lanes,30,Other junction,Give way sign or markings,Unclassified,,Daylight: street lights present,Fine (without high winds),Dry,None,None,No overtaking,327100,675950,12238947,Junction,T.V.N.P.,345430,unset,EH67EQ,No crossing facility within 50m or physical crossing facility not controlled by authorised person,Central refuge - no other controls,Elsewhere,55.9710497837,-3.16814253194,"{""type"": ""Feature"",""geometry"": {""type"": ""Point"",""coordinates"": -3.16814253194, 55.9710497837}}"
136811,,Slight,2,1,25/02/2011,Friday,25,February,11,9,45,230,A,1,Single carriageway - 2 lanes,30,Using private drive or entrance,Give way sign or markings,Unclassified,,Daylight: no street lighting,Fine (without high winds),Dry,None,None,No overtaking,329090,673260,523626,Junction,Cyclist,345431,unset,EH87RR,No crossing facility within 50m or physical crossing facility not controlled by authorised person,No physical crossing facility within 50m,Elsewhere,55.9471807138,-3.13555427747,"{""type"": ""Feature"",""geometry"": {""type"": ""Point"",""coordinates"": -3.13555427747, 55.9471807138}}"
137911,,Slight,3,1,25/02/2011,Friday,25,February,11,13,55,230,Unclassified,,Single carriageway - 2 lanes,30,Not at or within 20 metres of junction,unset,\,,Daylight: street lights present,Fine (without high winds),Dry,None,None,No overtaking,325570,673690,567177,Segment,M.V.N.P.,345432,unset,EH22EJ,No crossing facility within 50m or physical crossing facility not controlled by authorised person,No physical crossing facility within 50m,At scene,55.9505115454,-3.19202892523,"{""type"": ""Feature"",""geometry"": {""type"": ""Point"",""coordinates"": -3.19202892523, 55.9505115454}}"
139511,,Slight,2,1,26/02/2011,Saturday,26,February,11,23,30,230,C,,Single carriageway - 2 lanes,30,Crossroads,Automatic Traffic Signal,B,901,Darkness: street lights present and lit,Fine (without high winds),Dry,None,None,No overtaking,325910,674380,520599,Junction,T.V.N.P.,345433,unset,EH13JG,Control by other authorised person,Pedestrian phase at traffic signal junction,Elsewhere,55.9567629682,-3.18677463265,"{""type"": ""Feature"",""geometry"": {""type"": ""Point"",""coordinates"": -3.18677463265, 55.9567629682}}"
140311,,Serious,1,1,27/02/2011,Sunday,27,February,11,14,16,230,A,901,Single carriageway - 2 lanes,30,'T' or staggered junction,Give way sign or markings,Unclassified,,Daylight: street lights present,Fine (without high winds),Dry,None,None,No overtaking,326860,676000,531346,Junction,Pedestrian,345434,unset,EH65HX,Control by other authorised person,"Pelican, puffin, toucan or similar non-junction pedestrian light crossing",At scene,55.9714624826,-3.17200094599,"{""type"": ""Feature"",""geometry"": {""type"": ""Point"",""coordinates"": -3.17200094599, 55.9714624826}}"
140411,,Slight,1,1,25/02/2011,Friday,25,February,11,19,20,230,Motorway,9,Dual carriageway - 2 lanes,50,Not at or within 20 metres of junction,unset,\,,Darkness: street lights present and lit,Fine with high winds,Dry,Road suface defective,None,No overtaking,313920,676870,0,Unset,S.V.N.P.,345435,unset,EH309SR,No crossing facility within 50m or physical crossing facility not controlled by authorised person,No physical crossing facility within 50m,At scene,55.9771325628,-3.37956813051,"{""type"": ""Feature"",""geometry"": {""type"": ""Point"",""coordinates"": -3.37956813051, 55.9771325628}}"
140511,,Slight,1,1,25/02/2011,Friday,25,February,11,22,50,230,Unclassified,,Single carriageway - 2 lanes,30,Other junction,Give way sign or markings,Unclassified,,Darkness: street lights present and lit,Fine (without high winds),Dry,None,None,No overtaking,312740,678410,3948324,Junction,Pedestrian,345436,unset,EH309RE,No crossing facility within 50m or physical crossing facility not controlled by authorised person,No physical crossing facility within 50m,At scene,55.9907534956,-3.39897263668,"{""type"": ""Feature"",""geometry"": {""type"": ""Point"",""coordinates"": -3.39897263668, 55.9907534956}}"
140811,,Slight,1,1,26/02/2011,Saturday,26,February,11,22,55,230,C,,Single carriageway - 2 lanes,30,Not at or within 20 metres of junction,unset,\,,Darkness: street lights present and lit,Fine (without high winds),Dry,None,None,No overtaking,325440,674060,566552,Segment,Pedestrian,345437,unset,EH22PF,No crossing facility within 50m or physical crossing facility not controlled by authorised person,No physical crossing facility within 50m,At scene,55.9538154226,-3.19421274976,"{""type"": ""Feature"",""geometry"": {""type"": ""Point"",""coordinates"": -3.19421274976, 55.9538154226}}"
143111,,Slight,2,1,28/02/2011,Monday,28,February,11,10,10,230,Unclassified,,Roundabout,30,Roundabout,Give way sign or markings,Unclassified,,Daylight: street lights present,Fine (without high winds),Dry,None,None,No overtaking,319830,671470,9659151,Junction,T.V.N.P.,345438,unset,EH113SH,No crossing facility within 50m or physical crossing facility not controlled by authorised person,No physical crossing facility within 50m,Elsewhere,55.9296446927,-3.28327287688,"{""type"": ""Feature"",""geometry"": {""type"": ""Point"",""coordinates"": -3.28327287688, 55.9296446927}}"
145211,,Slight,2,1,28/02/2011,Monday,28,February,11,0,1,230,C,,Single carriageway - 2 lanes,30,Multiple junction,Automatic Traffic Signal,A,700,Daylight: street lighting unknown,Fine (without high winds),Dry,None,None,No overtaking,324950,672960,533362,Junction,Cyclist,345439,unset,EH39JG,No crossing facility within 50m or physical crossing facility not controlled by authorised person,Pedestrian phase at traffic signal junction,Elsewhere,55.9438569084,-3.20175290011,"{""type"": ""Feature"",""geometry"": {""type"": ""Point"",""coordinates"": -3.20175290011, 55.9438569084}}"
145711,,Slight,2,1,22/02/2011,Tuesday,22,February,11,19,5,230,Unclassified,,Single carriageway - 2 lanes,30,Other junction,Give way sign or markings,Unclassified,,Darkness: street lights present and lit,Fine (without high winds),Dry,None,None,No overtaking,326410,672190,532753,Junction,Cyclist,345440,unset,EH91SH,No crossing facility within 50m or physical crossing facility not controlled by authorised person,No physical crossing facility within 50m,Elsewhere,55.9371650238,-3.17816995362,"{""type"": ""Feature"",""geometry"": {""type"": ""Point"",""coordinates"": -3.17816995362, 55.9371650238}}"
145811,,Slight,2,1,01/03/2011,Tuesday,1,March,11,16,45,230,Unclassified,,Single carriageway - 2 lanes,30,Not at or within 20 metres of junction,unset,\,,Daylight: street lights present,Fine (without high winds),Dry,None,None,No overtaking,326040,676330,563613,Segment,T.V.N.P.,345624,unset,EH64NX,No crossing facility within 50m or physical crossing facility not controlled by authorised person,Pedestrian phase at traffic signal junction,Elsewhere,55.9743015547,-3.18522819189,"{""type"": ""Feature"",""geometry"": {""type"": ""Point"",""coordinates"": -3.18522819189, 55.9743015547}}"
145911,,Slight,2,1,28/02/2011,Monday,28,February,11,18,2,230,Unclassified,,Single carriageway - 2 lanes,30,'T' or staggered junction,Give way sign or markings,Unclassified,,Darkness: street lights present and lit,Fine (without high winds),Dry,None,None,No overtaking,319410,672390,0,Unset,T.V.N.P.,345441,unset,EH127PS,No crossing facility within 50m or physical crossing facility not controlled by authorised person,No physical crossing facility within 50m,At scene,55.9378393756,-3.29026854813,"{""type"": ""Feature"",""geometry"": {""type"": ""Point"",""coordinates"": -3.29026854813, 55.9378393756}}"
146311,,Slight,1,1,01/03/2011,Tuesday,1,March,11,18,0,230,Unclassified,,Single carriageway - 2 lanes,30,Not at or within 20 metres of junction,unset,\,,Darkness: street lights present and lit,Fine (without high winds),Dry,None,None,No overtaking,319620,676380,557148,Segment,S.V.N.P.,345625,unset,EH46JH,No crossing facility within 50m or physical crossing facility not controlled by authorised person,No physical crossing facility within 50m,At scene,55.9737188634,-3.28809720476,"{""type"": ""Feature"",""geometry"": {""type"": ""Point"",""coordinates"": -3.28809720476, 55.9737188634}}"
147611,,Slight,2,1,26/02/2011,Saturday,26,February,11,18,30,230,B,9085,Single carriageway - 2 lanes,40,'T' or staggered junction,Give way sign or markings,B,9085,Darkness: no street lighting,Fine (without high winds),Dry,None,None,No overtaking,320600,675200,519738,Junction,T.V.N.P.,345442,unset,EH45BP,No crossing facility within 50m or physical crossing facility not controlled by authorised person,Pedestrian phase at traffic signal junction,At scene,55.9632813064,-3.27204911384,"{""type"": ""Feature"",""geometry"": {""type"": ""Point"",""coordinates"": -3.27204911384, 55.9632813064}}"
148111,,Slight,2,1,02/03/2011,Wednesday,2,March,11,8,50,230,Unclassified,,Single carriageway - 2 lanes,30,'T' or staggered junction,Give way sign or markings,Unclassified,,Daylight: no street lighting,Fine (without high winds),Dry,None,None,No overtaking,322230,673420,521259,Junction,Cyclist,345626,unset,EH126EB,No crossing facility within 50m or physical crossing facility not controlled by authorised person,No physical crossing facility within 50m,Elsewhere,55.9475570276,-3.24542870461,"{""type"": ""Feature"",""geometry"": {""type"": ""Point"",""coordinates"": -3.24542870461, 55.9475570276}}"
149711,,Slight,2,1,02/03/2011,Wednesday,2,March,11,17,56,230,A,7,Single carriageway - 2 lanes,30,Crossroads,Automatic Traffic Signal,C,,Daylight: street lights present,Fine (without high winds),Dry,None,None,No overtaking,325940,673660,521103,Junction,Cyclist,345627,unset,EH11SB,No crossing facility within 50m or physical crossing facility not controlled by authorised person,Pedestrian phase at traffic signal junction,Elsewhere,55.950299194,-3.1860964053,"{""type"": ""Feature"",""geometry"": {""type"": ""Point"",""coordinates"": -3.1860964053, 55.950299194}}"
149911,,Slight,2,1,01/03/2011,Tuesday,1,March,11,16,45,230,Unclassified,,Single carriageway - 2 lanes,60,Other junction,Give way sign or markings,Unclassified,,Daylight: no street lighting,Fine (without high winds),Dry,Road signing defective or obscured,None,No overtaking,312940,674690,0,Unset,T.V.N.P.,345628,unset,EH299EQ,No crossing facility within 50m or physical crossing facility not controlled by authorised person,No physical crossing facility within 50m,At scene,55.9573726194,-3.39456434394,"{""type"": ""Feature"",""geometry"": {""type"": ""Point"",""coordinates"": -3.39456434394, 55.9573726194}}"
150211,,Slight,2,1,02/03/2011,Wednesday,2,March,11,17,20,230,A,70,Single carriageway - 2 lanes,30,Other junction,Give way sign or markings,Unclassified,,Daylight: street lights present,Fine (without high winds),Dry,None,None,No overtaking,319220,668270,533110,Junction,T.V.N.P.,345629,unset,EH145JY,No crossing facility within 50m or physical crossing facility not controlled by authorised person,No physical crossing facility within 50m,At scene,55.9007951522,-3.29207773963,"{""type"": ""Feature"",""geometry"": {""type"": ""Point"",""coordinates"": -3.29207773963, 55.9007951522}}"
151011,,Serious,1,1,03/03/2011,Thursday,3,March,11,19,27,230,C,,Single carriageway - 2 lanes,30,Not at or within 20 metres of junction,unset,\,,Darkness: street lights present and lit,Fine (without high winds),Dry,None,None,No overtaking,321330,670950,564595,Segment,Pedestrian,345630,unset,EH142BB,Control by other authorised person,"Pelican, puffin, toucan or similar non-junction pedestrian light crossing",At scene,55.9252208889,-3.25911761595,"{""type"": ""Feature"",""geometry"": {""type"": ""Point"",""coordinates"": -3.25911761595, 55.9252208889}}"
151311,,Slight,1,1,03/03/2011,Thursday,3,March,11,17,35,230,A,702,Single carriageway - 2 lanes,30,Not at or within 20 metres of junction,unset,\,,Daylight: street lighting unknown,Fine (without high winds),Dry,None,None,No overtaking,324730,673590,548952,Segment,Pedestrian,345631,unset,EH12DA,No crossing facility within 50m or physical crossing facility not controlled by authorised person,No physical crossing facility within 50m,At scene,55.9494823245,-3.20545064641,"{""type"": ""Feature"",""geometry"": {""type"": ""Point"",""coordinates"": -3.20545064641, 55.9494823245}}"
154511,,Slight,2,1,04/03/2011,Friday,4,March,11,10,30,230,A,7,Single carriageway - 2 lanes,30,'T' or staggered junction,Automatic Traffic Signal,Unclassified,,Daylight: street lights present,Fine (without high winds),Dry,None,None,No overtaking,326000,673430,521589,Junction,Cyclist,345632,unset,EH11LL,No crossing facility within 50m or physical crossing facility not controlled by authorised person,"Pelican, puffin, toucan or similar non-junction pedestrian light crossing",Elsewhere,55.9482421405,-3.18507259714,"{""type"": ""Feature"",""geometry"": {""type"": ""Point"",""coordinates"": -3.18507259714, 55.9482421405}}"
154611,,Slight,2,1,04/03/2011,Friday,4,March,11,14,50,230,A,1140,Single carriageway - 2 lanes,30,Not at or within 20 metres of junction,unset,\,,Daylight: street lights present,Fine (without high winds),Dry,None,None,No overtaking,328880,674150,558023,Segment,T.V.N.P.,345633,unset,EH87RU,No crossing facility within 50m or physical crossing facility not controlled by authorised person,No physical crossing facility within 50m,Elsewhere,55.9551454815,-3.13915124117,"{""type"": ""Feature"",""geometry"": {""type"": ""Point"",""coordinates"": -3.13915124117, 55.9551454815}}"
155511,,Slight,2,1,04/03/2011,Friday,4,March,11,19,0,230,Unclassified,,Single carriageway - 2 lanes,30,Not at or within 20 metres of junction,unset,\,,Darkness: street lights present and lit,Fine (without high winds),Dry,None,None,No overtaking,324250,675960,563655,Segment,T.V.N.P.,345634,unset,EH52AA,No crossing facility within 50m or physical crossing facility not controlled by authorised person,No physical crossing facility within 50m,Elsewhere,55.9706984844,-3.21380215713,"{""type"": ""Feature"",""geometry"": {""type"": ""Point"",""coordinates"": -3.21380215713, 55.9706984844}}"
156811,,Slight,1,1,03/03/2011,Thursday,3,March,11,13,45,230,B,701,Roundabout,30,Roundabout,Give way sign or markings,A,8,Daylight: street lights present,Fine (without high winds),Dry,None,None,No overtaking,319310,672950,522903,Junction,S.V.N.P.,345635,unset,EH128SJ,No crossing facility within 50m or physical crossing facility not controlled by authorised person,No physical crossing facility within 50m,Elsewhere,55.9428533902,-3.29203659672,"{""type"": ""Feature"",""geometry"": {""type"": ""Point"",""coordinates"": -3.29203659672, 55.9428533902}}"
157811,,Slight,2,1,05/03/2011,Saturday,5,March,11,12,45,230,C,,Single carriageway - 2 lanes,30,Crossroads,Automatic Traffic Signal,Unclassified,,Daylight: street lights present,Fine (without high winds),Dry,None,None,No overtaking,323340,674890,520071,Junction,Cyclist,345636,unset,EH41QL,No crossing facility within 50m or physical crossing facility not controlled by authorised person,Pedestrian phase at traffic signal junction,Elsewhere,55.9609414759,-3.22807554788,"{""type"": ""Feature"",""geometry"": {""type"": ""Point"",""coordinates"": -3.22807554788, 55.9609414759}}"
157911,,Serious,2,1,04/03/2011,Friday,4,March,11,20,30,230,B,901,Single carriageway - 2 lanes,30,Crossroads,Automatic Traffic Signal,B,900,Darkness: street lights present and lit,Fine (without high winds),Dry,None,None,No overtaking,325370,675020,519819,Junction,T.V.N.P.,345637,unset,EH35HA,Control by other authorised person,Pedestrian phase at traffic signal junction,At scene,55.9624290527,-3.19559949551,"{""type"": ""Feature"",""geometry"": {""type"": ""Point"",""coordinates"": -3.19559949551, 55.9624290527}}"
158011,,Slight,3,1,05/03/2011,Saturday,5,March,11,13,8,230,A,702,Single carriageway - 2 lanes,30,Crossroads,Automatic Traffic Signal,C,,Daylight: street lights present,Fine (without high winds),Dry,None,Pedestrian in carriagway - not injured,No overtaking,324830,673100,521400,Junction,M.V.N.P.,345638,unset,EH39AA,Control by other authorised person,Pedestrian phase at traffic signal junction,At scene,55.9450958952,-3.20371296288,"{""type"": ""Feature"",""geometry"": {""type"": ""Point"",""coordinates"": -3.20371296288, 55.9450958952}}"
160711,,Slight,1,1,07/03/2011,Monday,7,March,11,9,6,230,A,901,Single carriageway - 2 lanes,30,Multiple junction,Automatic Traffic Signal,A,900,Daylight: street lights present,Fine (without high winds),Dry,None,None,No overtaking,326940,675920,522483,Junction,Bus,345639,unset,EH65HX,No crossing facility within 50m or physical crossing facility not controlled by authorised person,Central refuge - no other controls,Elsewhere,55.9707559486,-3.17069761557,"{""type"": ""Feature"",""geometry"": {""type"": ""Point"",""coordinates"": -3.17069761557, 55.9707559486}}"
161211,,Slight,2,2,07/03/2011,Monday,7,March,11,10,10,230,Unclassified,,Single carriageway - 2 lanes,30,Multiple junction,Automatic Traffic Signal,Unclassified,,Daylight: no street lighting,Fine (without high winds),Dry,Road works present,None,No overtaking,323640,671430,529594,Junction,T.V.N.P.,345640,unset,EH105DG,Control by other authorised person,Pedestrian phase at traffic signal junction,At scene,55.9299053812,-3.22229128316,"{""type"": ""Feature"",""geometry"": {""type"": ""Point"",""coordinates"": -3.22229128316, 55.9299053812}}"
161811,,Slight,1,1,07/03/2011,Monday,7,March,11,16,46,230,C,,Single carriageway - 2 lanes,30,Crossroads,Give way sign or markings,Unclassified,,Daylight: street lights present,Fine (without high winds),Dry,None,None,No overtaking,325230,674410,520533,Junction,S.V.N.P.,345641,unset,EH36QG,No crossing facility within 50m or physical crossing facility not controlled by authorised person,No physical crossing facility within 50m,At scene,55.9569271368,-3.19767254,"{""type"": ""Feature"",""geometry"": {""type"": ""Point"",""coordinates"": -3.19767254, 55.9569271368}}"
161911,,Slight,2,2,07/03/2011,Monday,7,March,11,16,30,230,Unclassified,,Single carriageway - 2 lanes,30,'T' or staggered junction,Give way sign or markings,Unclassified,,Daylight: street lights present,Fine (without high winds),Dry,None,None,No overtaking,324800,676860,0,Unset,T.V.N.P.,345642,unset,EH53LA,No crossing facility within 50m or physical crossing facility not controlled by authorised person,No physical crossing facility within 50m,At scene,55.9788703488,-3.20524267084,"{""type"": ""Feature"",""geometry"": {""type"": ""Point"",""coordinates"": -3.20524267084, 55.9788703488}}"
162111,,Slight,2,1,07/03/2011,Monday,7,March,11,18,45,230,Unclassified,,Dual carriageway - 2 lanes,30,Other junction,Give way sign or markings,Unclassified,,Darkness: street lighting unknown,Fine (without high winds),Dry,None,None,No overtaking,327700,674020,0,Unset,Cyclist,345643,unset,EH87AT,No crossing facility within 50m or physical crossing facility not controlled by authorised person,No physical crossing facility within 50m,Elsewhere,55.9538014477,-3.15801249505,"{""type"": ""Feature"",""geometry"": {""type"": ""Point"",""coordinates"": -3.15801249505, 55.9538014477}}"
163011,,Slight,2,3,04/03/2011,Friday,4,March,11,14,30,230,Unclassified,,Single carriageway - 2 lanes,30,'T' or staggered junction,Give way sign or markings,Unclassified,,Daylight: no street lighting,Fine (without high winds),Dry,None,None,No overtaking,321310,674820,12231233,Junction,T.V.N.P.,345644,unset,EH43TA,No crossing facility within 50m or physical crossing facility not controlled by authorised person,No physical crossing facility within 50m,At scene,55.959984371,-3.26056649943,"{""type"": ""Feature"",""geometry"": {""type"": ""Point"",""coordinates"": -3.26056649943, 55.959984371}}"
163211,,Slight,3,1,07/03/2011,Monday,7,March,11,8,57,230,A,720,Dual carriageway - 2 lanes,60,Not at or within 20 metres of junction,unset,\,,Daylight: no street lighting,Fine (without high winds),Dry,None,None,No overtaking,327480,666900,2588061,Segment,M.V.N.P.,345645,unset,EH178SG,No crossing facility within 50m or physical crossing facility not controlled by authorised person,No physical crossing facility within 50m,At scene,55.8898020905,-3.15962383665,"{""type"": ""Feature"",""geometry"": {""type"": ""Point"",""coordinates"": -3.15962383665, 55.8898020905}}"
164411,,Slight,2,1,08/03/2011,Tuesday,8,March,11,9,0,230,Unclassified,,Single carriageway - 2 lanes,30,'T' or staggered junction,Give way sign or markings,Unclassified,,Daylight: no street lighting,Unknown,Dry,None,None,No overtaking,325450,676430,10310071,Junction,T.V.N.P.,345646,unset,EH64RB,No crossing facility within 50m or physical crossing facility not controlled by authorised person,No physical crossing facility within 50m,At scene,55.9751086889,-3.1947084833,"{""type"": ""Feature"",""geometry"": {""type"": ""Point"",""coordinates"": -3.1947084833, 55.9751086889}}"
164511,,Slight,2,1,08/03/2011,Tuesday,8,March,11,8,45,230,A,702,Single carriageway - 2 lanes,50,Multiple junction,Automatic Traffic Signal,C,,Daylight: street lights present,Fine (without high winds),Dry,None,None,No overtaking,324830,673060,521403,Junction,Cyclist,345647,unset,EH39BN,Control by other authorised person,Pedestrian phase at traffic signal junction,Elsewhere,55.9447365415,-3.20370181524,"{""type"": ""Feature"",""geometry"": {""type"": ""Point"",""coordinates"": -3.20370181524, 55.9447365415}}"
164911,,Slight,2,1,07/03/2011,Monday,7,March,11,12,25,230,A,6106,Single carriageway - 2 lanes,30,Not at or within 20 metres of junction,unset,\,,Daylight: street lights present,Fine (without high winds),Dry,None,None,No overtaking,330470,671870,569114,Segment,T.V.N.P.,345648,unset,EH153EH,No crossing facility within 50m or physical crossing facility not controlled by authorised person,No physical crossing facility within 50m,At scene,55.9348943935,-3.11310143531,"{""type"": ""Feature"",""geometry"": {""type"": ""Point"",""coordinates"": -3.11310143531, 55.9348943935}}"
165011,,Slight,1,1,08/03/2011,Tuesday,8,March,11,12,45,230,Unclassified,,Single carriageway - 2 lanes,30,Not at or within 20 metres of junction,unset,\,,Daylight: street lights present,Fine (without high winds),Dry,None,None,No overtaking,326200,674600,2263132,Segment,Pedestrian,345649,unset,EH74AA,No crossing facility within 50m or physical crossing facility not controlled by authorised person,No physical crossing facility within 50m,Elsewhere,55.9587840599,-3.18219076681,"{""type"": ""Feature"",""geometry"": {""type"": ""Point"",""coordinates"": -3.18219076681, 55.9587840599}}"
166311,,Serious,2,1,09/03/2011,Wednesday,9,March,11,7,19,230,Unclassified,,Roundabout,30,Roundabout,Give way sign or markings,Unclassified,,Daylight: street lights present,Fine (without high winds),Dry,None,None,No overtaking,326530,676900,0,Unset,Cyclist,345650,unset,EH66NE,No crossing facility within 50m or physical crossing facility not controlled by authorised person,No physical crossing facility within 50m,At scene,55.9794975998,-3.17753326311,"{""type"": ""Feature"",""geometry"": {""type"": ""Point"",""coordinates"": -3.17753326311, 55.9794975998}}"
166811,,Slight,1,1,09/03/2011,Wednesday,9,March,11,6,40,230,A,720,Single carriageway - 3 lanes,70,Not at or within 20 metres of junction,unset,\,,Daylight: no street lighting,Snowing (without high winds),Dry,None,None,No overtaking,329160,667220,2579169,Segment,S.V.N.P.,345651,unset,EH178SD,No crossing facility within 50m or physical crossing facility not controlled by authorised person,No physical crossing facility within 50m,At scene,55.8929270461,-3.1328496964,"{""type"": ""Feature"",""geometry"": {""type"": ""Point"",""coordinates"": -3.1328496964, 55.8929270461}}"
166911,,Slight,2,1,09/03/2011,Wednesday,9,March,11,8,25,230,Unclassified,,Single carriageway - 2 lanes,30,'T' or staggered junction,Give way sign or markings,Unclassified,,Daylight: no street lighting,Fine (without high winds),Dry,None,None,No overtaking,326010,675910,10217458,Junction,T.V.N.P.,345652,unset,EH65RQ,No crossing facility within 50m or physical crossing facility not controlled by authorised person,No physical crossing facility within 50m,At scene,55.9705237101,-3.18559342,"{""type"": ""Feature"",""geometry"": {""type"": ""Point"",""coordinates"": -3.18559342, 55.9705237101}}"
167911,,Slight,3,1,09/03/2011,Wednesday,9,March,11,10,10,230,A,71,Single carriageway - 2 lanes,50,Not at or within 20 metres of junction,unset,\,,Daylight: no street lighting,Fine with high winds,Dry,None,None,No overtaking,313990,668990,549671,Segment,M.V.N.P.,345653,unset,EH278EB,No crossing facility within 50m or physical crossing facility not controlled by authorised person,No physical crossing facility within 50m,At scene,55.906357215,-3.37593439552,"{""type"": ""Feature"",""geometry"": {""type"": ""Point"",""coordinates"": -3.37593439552, 55.906357215}}"
169111,,Slight,2,2,10/03/2011,Thursday,10,March,11,10,0,230,C,,Single carriageway - 2 lanes,30,Other junction,Give way sign or markings,Unclassified,,Daylight: street lights present,Fine with high winds,Dry,None,None,No overtaking,321350,670960,529696,Junction,T.V.N.P.,345654,unset,EH142BA,Control by other authorised person,Pedestrian phase at traffic signal junction,Elsewhere,55.9253139964,-3.25880051404,"{""type"": ""Feature"",""geometry"": {""type"": ""Point"",""coordinates"": -3.25880051404, 55.9253139964}}"
169911,,Slight,1,1,10/03/2011,Thursday,10,March,11,17,10,230,Unclassified,,Single carriageway - 2 lanes,30,Not at or within 20 metres of junction,unset,\,,Daylight: no street lighting,Fine (without high winds),Dry,None,None,No overtaking,327650,667720,0,Unset,Pedestrian,345655,unset,EH178AS,No crossing facility within 50m or physical crossing facility not controlled by authorised person,No physical crossing facility within 50m,At scene,55.8971945947,-3.15712533207,"{""type"": ""Feature"",""geometry"": {""type"": ""Point"",""coordinates"": -3.15712533207, 55.8971945947}}"
170011,,Slight,1,1,09/03/2011,Wednesday,9,March,11,11,5,230,Unclassified,,Single carriageway - 2 lanes,30,Not at or within 20 metres of junction,unset,\,,Daylight: street lights present,Fine (without high winds),Dry,None,None,No overtaking,319370,675070,0,Unset,Pedestrian,345656,unset,EH46EP,No crossing facility within 50m or physical crossing facility not controlled by authorised person,No physical crossing facility within 50m,Elsewhere,55.9619085488,-3.2917101657,"{""type"": ""Feature"",""geometry"": {""type"": ""Point"",""coordinates"": -3.2917101657, 55.9619085488}}"
172811,,Slight,1,1,11/03/2011,Friday,11,March,11,8,20,230,A,8,Dual carriageway - 2 lanes,30,Not at or within 20 metres of junction,unset,\,,Daylight: street lights present,Fine (without high winds),Dry,None,None,No overtaking,325540,673920,551196,Segment,Bus,345657,unset,EH22DF,No crossing facility within 50m or physical crossing facility not controlled by authorised person,No physical crossing facility within 50m,At scene,55.9525731882,-3.19257279153,"{""type"": ""Feature"",""geometry"": {""type"": ""Point"",""coordinates"": -3.19257279153, 55.9525731882}}"
173811,,Slight,2,2,10/03/2011,Thursday,10,March,11,13,0,230,A,8,Single carriageway - 2 lanes,30,Other junction,Give way sign or markings,Unclassified,,Daylight: no street lighting,Fine (without high winds),Dry,None,None,No overtaking,320610,672810,521742,Junction,T.V.N.P.,345658,unset,EH127AR,No crossing facility within 50m or physical crossing facility not controlled by authorised person,No physical crossing facility within 50m,At scene,55.9418121489,-3.27118514935,"{""type"": ""Feature"",""geometry"": {""type"": ""Point"",""coordinates"": -3.27118514935, 55.9418121489}}"
175211,,Slight,2,1,09/03/2011,Wednesday,9,March,11,16,0,230,A,7,Single carriageway - 2 lanes,30,'T' or staggered junction,Automatic Traffic Signal,Unclassified,,Daylight: street lights present,Fine (without high winds),Dry,None,None,No overtaking,326790,672350,522078,Junction,Cyclist,345659,unset,EH165BS,Control by other authorised person,Pedestrian phase at traffic signal junction,Elsewhere,55.9386604702,-3.17213102845,"{""type"": ""Feature"",""geometry"": {""type"": ""Point"",""coordinates"": -3.17213102845, 55.9386604702}}"
175711,,Slight,3,1,10/03/2011,Thursday,10,March,11,16,28,230,A,71,Dual carriageway - 2 lanes,40,Not at or within 20 metres of junction,unset,\,,Daylight: street lights present,Fine (without high winds),Dry,None,None,No overtaking,320900,671180,549776,Segment,M.V.N.P.,345660,unset,EH113PA,No crossing facility within 50m or physical crossing facility not controlled by authorised person,No physical crossing facility within 50m,At scene,55.9272166108,-3.26606527515,"{""type"": ""Feature"",""geometry"": {""type"": ""Point"",""coordinates"": -3.26606527515, 55.9272166108}}"
176111,,Slight,2,1,15/02/2011,Tuesday,15,February,11,8,15,230,A,8,Dual carriageway - 2 lanes,30,'T' or staggered junction,Give way sign or markings,Unclassified,,Daylight: street lights present,Fine (without high winds),Dry,None,None,No overtaking,323650,673230,517900,Junction,Cyclist,345443,unset,EH125JH,Control by other authorised person,No physical crossing facility within 50m,Elsewhere,55.9460777942,-3.22264054923,"{""type"": ""Feature"",""geometry"": {""type"": ""Point"",""coordinates"": -3.22264054923, 55.9460777942}}"
176411,,Slight,1,1,12/03/2011,Saturday,12,March,11,9,20,230,A,720,Dual carriageway - 2 lanes,70,Not at or within 20 metres of junction,unset,\,,Daylight: no street lighting,Raining (without high winds),Dry,None,None,No overtaking,330080,667700,2579205,Segment,S.V.N.P.,345661,unset,EH181AT,No crossing facility within 50m or physical crossing facility not controlled by authorised person,No physical crossing facility within 50m,At scene,55.8973739089,-3.11826457156,"{""type"": ""Feature"",""geometry"": {""type"": ""Point"",""coordinates"": -3.11826457156, 55.8973739089}}"