acc_ref,beat_no,severity,no_vehicle,no_casualt,a_date,a_day,a_date_day,a_date_mon,a_date_yr,a_time_hr,a_time_min,loc_auth,road1_class,road1_no,road_type,speed_limi,junc_det,junc_ctrl,road2_class,road2_no,light_cond,weather,road_surf,spec_cond,cway_hzrds,ovrtk_patrn,easting,northing,net_id,net_type,acc_type,text_id,division,Postcode,ped_xing_hc,ped_xing_p,place_reported,latitude,longitude,geojson
268111,,Slight,2,1,22/04/2011,Friday,22,April,11,23,10,230,A,8,Single carriageway - 2 lanes,30,Not at or within 20 metres of junction,unset,\,,Darkness: street lights present and lit,Fine (without high winds),Dry,None,None,No overtaking,324450,673520,550613,Segment,Pedestrian,350853,unset,EH37AL,No crossing facility within 50m or physical crossing facility not controlled by authorised person,No physical crossing facility within 50m,At scene,55.9488095201,-3.20991411766,"{""type"": ""Feature"",""geometry"": {""type"": ""Point"",""coordinates"": -3.20991411766, 55.9488095201}}"
268311,,Slight,2,1,02/04/2011,Saturday,2,April,11,20,44,230,C,,Single carriageway - 2 lanes,30,Not at or within 20 metres of junction,unset,\,,Darkness: street lights present and lit,Fine (without high winds),Dry,None,None,No overtaking,322260,671940,565565,Segment,T.V.N.P.,350854,unset,EH112RZ,No crossing facility within 50m or physical crossing facility not controlled by authorised person,No physical crossing facility within 50m,At scene,55.9342659873,-3.24452194927,"{""type"": ""Feature"",""geometry"": {""type"": ""Point"",""coordinates"": -3.24452194927, 55.9342659873}}"
268411,,Slight,1,1,23/04/2011,Saturday,23,April,11,11,5,230,A,7,Single carriageway - 2 lanes,30,'T' or staggered junction,Give way sign or markings,Unclassified,,Daylight: street lights present,Raining (without high winds),Dry,None,None,No overtaking,325950,673610,521106,Junction,Pedestrian,350855,unset,EH11LL,Control by other authorised person,Pedestrian phase at traffic signal junction,Elsewhere,55.9498515403,-3.185922559,"{""type"": ""Feature"",""geometry"": {""type"": ""Point"",""coordinates"": -3.185922559, 55.9498515403}}"
268711,,Slight,1,1,23/04/2011,Saturday,23,April,11,15,0,230,Unclassified,,Single carriageway - 2 lanes,30,'T' or staggered junction,Give way sign or markings,A,901,Daylight: street lights present,Raining (without high winds),Dry,None,None,No overtaking,326880,676030,531346,Junction,Pedestrian,350856,unset,EH66BT,No crossing facility within 50m or physical crossing facility not controlled by authorised person,No physical crossing facility within 50m,At scene,55.9717350459,-3.17168868636,"{""type"": ""Feature"",""geometry"": {""type"": ""Point"",""coordinates"": -3.17168868636, 55.9717350459}}"
268911,,Slight,1,2,23/04/2011,Saturday,23,April,11,10,45,230,A,8,One way Street,30,Other junction,Automatic Traffic Signal,Unclassified,,Daylight: no street lighting,Raining (without high winds),Dry,None,None,No overtaking,325570,673930,521097,Junction,Bus,350857,unset,EH22DF,No crossing facility within 50m or physical crossing facility not controlled by authorised person,Pedestrian phase at traffic signal junction,At scene,55.9526676748,-3.19209518072,"{""type"": ""Feature"",""geometry"": {""type"": ""Point"",""coordinates"": -3.19209518072, 55.9526676748}}"
269211,,Serious,1,1,18/04/2011,Monday,18,April,11,18,0,230,Unclassified,,Unknown,20,Not at or within 20 metres of junction,unset,\,,Daylight: street lighting unknown,Fine (without high winds),Dry,None,None,No overtaking,320280,676960,0,Unset,Cyclist,350858,unset,EH45ES,No crossing facility within 50m or physical crossing facility not controlled by authorised person,No physical crossing facility within 50m,Elsewhere,55.9790393587,-3.27769537798,"{""type"": ""Feature"",""geometry"": {""type"": ""Point"",""coordinates"": -3.27769537798, 55.9790393587}}"
269311,,Slight,2,1,22/04/2011,Friday,22,April,11,17,15,230,Unclassified,,Single carriageway - 2 lanes,30,Not at or within 20 metres of junction,unset,\,,Daylight: no street lighting,Fine (without high winds),Dry,None,None,No overtaking,325720,673320,567189,Segment,T.V.N.P.,350859,unset,EH11EY,No crossing facility within 50m or physical crossing facility not controlled by authorised person,Zebra crossing,At scene,55.9472107177,-3.18952527228,"{""type"": ""Feature"",""geometry"": {""type"": ""Point"",""coordinates"": -3.18952527228, 55.9472107177}}"
269411,,Slight,2,1,23/04/2011,Saturday,23,April,11,17,15,230,A,1,Single carriageway - 2 lanes,30,Not at or within 20 metres of junction,unset,\,,Daylight: no street lighting,Fine (without high winds),Dry,None,None,No overtaking,326280,674000,2106001,Segment,T.V.N.P.,350860,unset,EH75BL,No crossing facility within 50m or physical crossing facility not controlled by authorised person,No physical crossing facility within 50m,At scene,55.9534060017,-3.18074545984,"{""type"": ""Feature"",""geometry"": {""type"": ""Point"",""coordinates"": -3.18074545984, 55.9534060017}}"
269511,,Slight,1,1,23/04/2011,Saturday,23,April,11,18,45,230,B,701,Single carriageway - 2 lanes,30,Not at or within 20 metres of junction,unset,\,,Daylight: street lights present,Fine (without high winds),Dry,None,None,No overtaking,319190,673730,551723,Segment,Cyclist,350861,unset,EH128TD,No crossing facility within 50m or physical crossing facility not controlled by authorised person,No physical crossing facility within 50m,At scene,55.9498403871,-3.29419123655,"{""type"": ""Feature"",""geometry"": {""type"": ""Point"",""coordinates"": -3.29419123655, 55.9498403871}}"
270211,,Slight,2,1,12/04/2011,Tuesday,12,April,11,20,20,230,A,702,Dual carriageway - 2 lanes,30,Not at or within 20 metres of junction,unset,\,,Daylight: street lights present,Fine (without high winds),Dry,None,None,No overtaking,324850,673050,549192,Segment,Cyclist,350862,unset,EH39BN,No crossing facility within 50m or physical crossing facility not controlled by authorised person,No physical crossing facility within 50m,Elsewhere,55.9446498305,-3.20337884734,"{""type"": ""Feature"",""geometry"": {""type"": ""Point"",""coordinates"": -3.20337884734, 55.9446498305}}"
270611,,Serious,1,1,25/04/2011,Monday,25,April,11,16,20,230,A,900,Single carriageway - 2 lanes,30,Other junction,Give way sign or markings,Unclassified,,Daylight: no street lighting,Fine (without high winds),Dry,None,None,No overtaking,326710,675400,519885,Junction,Pedestrian,350863,unset,EH68NY,No crossing facility within 50m or physical crossing facility not controlled by authorised person,"Pelican, puffin, toucan or similar non-junction pedestrian light crossing",At scene,55.9660492683,-3.17424071069,"{""type"": ""Feature"",""geometry"": {""type"": ""Point"",""coordinates"": -3.17424071069, 55.9660492683}}"
270711,,Slight,1,1,15/04/2011,Friday,15,April,11,12,35,230,A,90,Dual carriageway - 2 lanes,70,Not at or within 20 metres of junction,unset,\,,Daylight: no street lighting,Fine (without high winds),Dry,None,None,No overtaking,313040,677120,555414,Segment,S.V.N.P.,350864,unset,EH309SR,No crossing facility within 50m or physical crossing facility not controlled by authorised person,No physical crossing facility within 50m,At scene,55.9792197486,-3.39374762111,"{""type"": ""Feature"",""geometry"": {""type"": ""Point"",""coordinates"": -3.39374762111, 55.9792197486}}"
275211,,Fatal,2,1,28/04/2011,Thursday,28,April,11,7,51,230,B,900,Single carriageway - 2 lanes,30,'T' or staggered junction,Give way sign or markings,Unclassified,,Daylight: street lights present,Fine (without high winds),Dry,None,None,No overtaking,325830,675350,519846,Junction,Cyclist,350865,unset,EH74LG,No crossing facility within 50m or physical crossing facility not controlled by authorised person,No physical crossing facility within 50m,At scene,55.9654649792,-3.18832277226,"{""type"": ""Feature"",""geometry"": {""type"": ""Point"",""coordinates"": -3.18832277226, 55.9654649792}}"
275311,,Serious,1,1,28/04/2011,Thursday,28,April,11,8,35,230,A,71,Single carriageway - 2 lanes,30,Not at or within 20 metres of junction,unset,\,,Darkness: street lights present and lit,Fine (without high winds),Dry,None,None,No overtaking,322870,672240,549710,Segment,Pedestrian,350866,unset,EH112PP,No crossing facility within 50m or physical crossing facility not controlled by authorised person,Pedestrian phase at traffic signal junction,At scene,55.9370593482,-3.23484489558,"{""type"": ""Feature"",""geometry"": {""type"": ""Point"",""coordinates"": -3.23484489558, 55.9370593482}}"
275711,,Slight,2,1,26/04/2011,Tuesday,26,April,11,13,36,230,Unclassified,,Single carriageway - 2 lanes,30,Roundabout,Give way sign or markings,B,1350,Daylight: street lights present,Fine (without high winds),Dry,None,None,No overtaking,326150,674530,520248,Junction,T.V.N.P.,350867,unset,EH74AA,Control by other authorised person,"Pelican, puffin, toucan or similar non-junction pedestrian light crossing",At scene,55.9581475037,-3.1829723348,"{""type"": ""Feature"",""geometry"": {""type"": ""Point"",""coordinates"": -3.1829723348, 55.9581475037}}"
277011,,Slight,2,2,26/04/2011,Tuesday,26,April,11,20,0,230,Unclassified,,Single carriageway - 2 lanes,30,Crossroads,Give way sign or markings,Unclassified,,Daylight: street lights present,Fine (without high winds),Dry,None,Other object in carriageway,No overtaking,325490,674710,0,Unset,T.V.N.P.,350868,unset,EH36PS,No crossing facility within 50m or physical crossing facility not controlled by authorised person,No physical crossing facility within 50m,At scene,55.9596626877,-3.19359179857,"{""type"": ""Feature"",""geometry"": {""type"": ""Point"",""coordinates"": -3.19359179857, 55.9596626877}}"
278311,,Slight,1,1,27/04/2011,Wednesday,27,April,11,8,15,230,Unclassified,,Single carriageway - 2 lanes,30,Crossroads,Authorised Person,Unclassified,,Daylight: street lights present,Fine (without high winds),Dry,None,None,No overtaking,323830,671520,522288,Junction,Pedestrian,350869,unset,EH105DG,Control by school crossing patrol,"Pelican, puffin, toucan or similar non-junction pedestrian light crossing",Elsewhere,55.9307440549,-3.21927612892,"{""type"": ""Feature"",""geometry"": {""type"": ""Point"",""coordinates"": -3.21927612892, 55.9307440549}}"
278911,,Slight,1,1,15/04/2011,Friday,15,April,11,21,58,230,A,70,Single carriageway - 2 lanes,30,Not at or within 20 metres of junction,unset,\,,Daylight: no street lighting,Fine (without high winds),Dry,None,None,No overtaking,324070,673140,521382,Junction,Pedestrian,350870,unset,EH112BQ,No crossing facility within 50m or physical crossing facility not controlled by authorised person,No physical crossing facility within 50m,At scene,55.9453357875,-3.21589119615,"{""type"": ""Feature"",""geometry"": {""type"": ""Point"",""coordinates"": -3.21589119615, 55.9453357875}}"
279511,,Slight,2,1,27/04/2011,Wednesday,27,April,11,14,25,230,A,720,Dual carriageway - 2 lanes,70,Not at or within 20 metres of junction,unset,\,,Daylight: no street lighting,Fine (without high winds),Dry,None,None,No overtaking,323810,667960,570546,Segment,T.V.N.P.,350871,unset,EH107DS,No crossing facility within 50m or physical crossing facility not controlled by authorised person,No physical crossing facility within 50m,At scene,55.8987584275,-3.21859251001,"{""type"": ""Feature"",""geometry"": {""type"": ""Point"",""coordinates"": -3.21859251001, 55.8987584275}}"
279611,,Serious,2,3,27/04/2011,Wednesday,27,April,11,18,49,230,A,772,Single carriageway - 2 lanes,30,Crossroads,Automatic Traffic Signal,A,772,Daylight: no street lighting,Fine (without high winds),Dry,None,None,No overtaking,329230,668680,530257,Junction,T.V.N.P.,350872,unset,EH178RQ,Control by other authorised person,Pedestrian phase at traffic signal junction,At scene,55.9060541821,-3.1321124998,"{""type"": ""Feature"",""geometry"": {""type"": ""Point"",""coordinates"": -3.1321124998, 55.9060541821}}"
279711,,Serious,2,2,29/04/2011,Friday,29,April,11,11,45,230,Unclassified,,Single carriageway - 2 lanes,30,'T' or staggered junction,Give way sign or markings,Unclassified,,Daylight: street lights present,Fine (without high winds),Dry,None,None,No overtaking,319830,670150,529894,Junction,T.V.N.P.,350873,unset,EH142SN,No crossing facility within 50m or physical crossing facility not controlled by authorised person,No physical crossing facility within 50m,At scene,55.9177863348,-3.28288106397,"{""type"": ""Feature"",""geometry"": {""type"": ""Point"",""coordinates"": -3.28288106397, 55.9177863348}}"
280011,,Slight,2,1,26/04/2011,Tuesday,26,April,11,10,0,230,A,1,Roundabout,30,Roundabout,Give way sign or markings,Unclassified,,Daylight: street lights present,Fine (without high winds),Dry,None,None,No overtaking,331210,672890,521496,Junction,T.V.N.P.,350874,unset,EH153QH,Control by other authorised person,"Pelican, puffin, toucan or similar non-junction pedestrian light crossing",Elsewhere,55.9441646904,-3.10151734781,"{""type"": ""Feature"",""geometry"": {""type"": ""Point"",""coordinates"": -3.10151734781, 55.9441646904}}"
280811,,Slight,1,1,28/04/2011,Thursday,28,April,11,13,49,230,Unclassified,,Single carriageway - 2 lanes,30,'T' or staggered junction,Give way sign or markings,C,,Daylight: no street lighting,Fine (without high winds),Dry,None,None,No overtaking,325020,673340,521493,Junction,Pedestrian,350876,unset,EH12EW,No crossing facility within 50m or physical crossing facility not controlled by authorised person,No physical crossing facility within 50m,At scene,55.947281697,-3.20073792762,"{""type"": ""Feature"",""geometry"": {""type"": ""Point"",""coordinates"": -3.20073792762, 55.947281697}}"
280911,,Serious,1,1,29/04/2011,Friday,29,April,11,9,15,230,A,772,Single carriageway - 2 lanes,60,Not at or within 20 metres of junction,unset,\,,Daylight: street lights present,Fine (without high winds),Dry,None,None,No overtaking,330120,668170,569234,Segment,S.V.N.P.,350877,unset,EH181AT,No crossing facility within 50m or physical crossing facility not controlled by authorised person,No physical crossing facility within 50m,At scene,55.9016022821,-3.11774638704,"{""type"": ""Feature"",""geometry"": {""type"": ""Point"",""coordinates"": -3.11774638704, 55.9016022821}}"
281011,,Slight,2,1,28/04/2011,Thursday,28,April,11,16,25,230,Unclassified,,Single carriageway - 2 lanes,30,Not at or within 20 metres of junction,unset,\,,Daylight: street lights present,Fine (without high winds),Dry,None,None,No overtaking,322220,676590,0,Unset,Cyclist,350878,unset,EH44LP,No crossing facility within 50m or physical crossing facility not controlled by authorised person,No physical crossing facility within 50m,Elsewhere,55.9760336656,-3.24650390521,"{""type"": ""Feature"",""geometry"": {""type"": ""Point"",""coordinates"": -3.24650390521, 55.9760336656}}"
281111,,Serious,1,1,29/04/2011,Friday,29,April,11,19,0,230,Unclassified,,Single carriageway - 2 lanes,30,Other junction,Automatic Traffic Signal,A,702,Daylight: street lights present,Fine (without high winds),Dry,None,None,No overtaking,324750,673430,10254968,Junction,Pedestrian,350879,unset,EH12DA,No crossing facility within 50m or physical crossing facility not controlled by authorised person,Pedestrian phase at traffic signal junction,Elsewhere,55.9480480433,-3.20508577676,"{""type"": ""Feature"",""geometry"": {""type"": ""Point"",""coordinates"": -3.20508577676, 55.9480480433}}"
281611,,Slight,1,2,30/04/2011,Saturday,30,April,11,14,25,230,A,1,Single carriageway - 2 lanes,30,Not at or within 20 metres of junction,unset,\,,Daylight: street lights present,Fine (without high winds),Dry,None,Pedestrian in carriagway - not injured,No overtaking,328140,674170,2106118,Segment,Bus,350880,unset,EH87AG,Control by other authorised person,Pedestrian phase at traffic signal junction,Elsewhere,55.9552150541,-3.15100670778,"{""type"": ""Feature"",""geometry"": {""type"": ""Point"",""coordinates"": -3.15100670778, 55.9552150541}}"
281911,,Slight,2,2,30/04/2011,Saturday,30,April,11,13,5,230,A,8,Single carriageway - 2 lanes,30,Not at or within 20 metres of junction,unset,\,,Daylight: no street lighting,Fine (without high winds),Dry,None,None,No overtaking,319420,672950,550737,Segment,T.V.N.P.,350881,unset,EH127XF,No crossing facility within 50m or physical crossing facility not controlled by authorised person,No physical crossing facility within 50m,At scene,55.9428718426,-3.29027574074,"{""type"": ""Feature"",""geometry"": {""type"": ""Point"",""coordinates"": -3.29027574074, 55.9428718426}}"
282011,,Slight,4,1,30/04/2011,Saturday,30,April,11,11,50,230,Unclassified,,Single carriageway - 2 lanes,30,Not at or within 20 metres of junction,unset,\,,Daylight: street lights present,Fine (without high winds),Dry,None,None,No overtaking,324120,675930,563658,Segment,M.V.N.P.,350882,unset,EH52DW,Control by other authorised person,Pedestrian phase at traffic signal junction,At scene,55.9704084462,-3.21587626932,"{""type"": ""Feature"",""geometry"": {""type"": ""Point"",""coordinates"": -3.21587626932, 55.9704084462}}"
282111,,Slight,1,1,01/05/2011,Sunday,1,May,11,13,20,230,A,8,Single carriageway - 2 lanes,30,Not at or within 20 metres of junction,unset,\,,Daylight: street lights present,Fine (without high winds),Dry,None,None,No overtaking,324670,673670,551181,Segment,Bus,351000,unset,EH12AD,No crossing facility within 50m or physical crossing facility not controlled by authorised person,No physical crossing facility within 50m,At scene,55.9501916293,-3.2064336579,"{""type"": ""Feature"",""geometry"": {""type"": ""Point"",""coordinates"": -3.2064336579, 55.9501916293}}"
282211,,Slight,1,1,01/05/2011,Sunday,1,May,11,13,10,230,Unclassified,,Single carriageway - 2 lanes,30,Not at or within 20 metres of junction,unset,\,,Daylight: street lights present,Fine (without high winds),Dry,None,None,No overtaking,326260,673170,569697,Segment,Pedestrian,351001,unset,EH89HS,No crossing facility within 50m or physical crossing facility not controlled by authorised person,No physical crossing facility within 50m,At scene,55.9459462866,-3.18083873371,"{""type"": ""Feature"",""geometry"": {""type"": ""Point"",""coordinates"": -3.18083873371, 55.9459462866}}"
282311,,Slight,3,2,01/05/2011,Sunday,1,May,11,13,35,230,A,89,Single carriageway - 2 lanes,40,'T' or staggered junction,Automatic Traffic Signal,B,800,Daylight: street lights present,Fine (without high winds),Dry,None,None,No overtaking,311920,672880,517540,Junction,M.V.N.P.,351002,unset,EH288LA,No crossing facility within 50m or physical crossing facility not controlled by authorised person,No physical crossing facility within 50m,At scene,55.9409272958,-3.41030639189,"{""type"": ""Feature"",""geometry"": {""type"": ""Point"",""coordinates"": -3.41030639189, 55.9409272958}}"
287111,,Slight,1,1,03/05/2011,Tuesday,3,May,11,11,45,230,Unclassified,,Single carriageway - 2 lanes,30,Not at or within 20 metres of junction,unset,\,,Daylight: no street lighting,Fine (without high winds),Dry,None,None,No overtaking,326060,670990,564340,Segment,Pedestrian,351003,unset,EH93HY,Control by other authorised person,Pedestrian phase at traffic signal junction,Elsewhere,55.9263306104,-3.18344340065,"{""type"": ""Feature"",""geometry"": {""type"": ""Point"",""coordinates"": -3.18344340065, 55.9263306104}}"
288411,,Slight,2,1,03/05/2011,Tuesday,3,May,11,4,38,230,A,772,Single carriageway - 2 lanes,30,Not at or within 20 metres of junction,unset,\,,Daylight: no street lighting,Fine (without high winds),Dry,None,None,No overtaking,328800,669180,569375,Segment,T.V.N.P.,351004,unset,EH177JG,No crossing facility within 50m or physical crossing facility not controlled by authorised person,No physical crossing facility within 50m,At scene,55.9104828215,-3.13912139633,"{""type"": ""Feature"",""geometry"": {""type"": ""Point"",""coordinates"": -3.13912139633, 55.9104828215}}"
288511,,Slight,2,1,27/04/2011,Wednesday,27,April,11,14,50,230,C,,Single carriageway - 2 lanes,20,'T' or staggered junction,Give way sign or markings,Unclassified,,Daylight: no street lighting,Fine (without high winds),Dry,None,None,No overtaking,325700,673320,521541,Junction,Cyclist,350883,unset,EH11HU,No crossing facility within 50m or physical crossing facility not controlled by authorised person,Zebra crossing,At scene,55.9472076262,-3.18984547605,"{""type"": ""Feature"",""geometry"": {""type"": ""Point"",""coordinates"": -3.18984547605, 55.9472076262}}"
288611,,Slight,1,1,03/05/2011,Tuesday,3,May,11,13,20,230,A,901,Single carriageway - 2 lanes,30,Crossroads,Automatic Traffic Signal,Unclassified,,Daylight: no street lighting,Fine (without high winds),Dry,None,None,No overtaking,326520,676440,531376,Junction,Pedestrian,351005,unset,EH65LP,No crossing facility within 50m or physical crossing facility not controlled by authorised person,"Pelican, puffin, toucan or similar non-junction pedestrian light crossing",At scene,55.9753634838,-3.17756792464,"{""type"": ""Feature"",""geometry"": {""type"": ""Point"",""coordinates"": -3.17756792464, 55.9753634838}}"
290111,,Slight,2,1,24/04/2011,Sunday,24,April,11,7,30,230,Unclassified,,Single carriageway - 2 lanes,30,Other junction,Give way sign or markings,Unclassified,,Daylight: street lights present,Fine (without high winds),Dry,None,None,No overtaking,324540,668870,533101,Junction,Cyclist,350884,unset,EH106RF,No crossing facility within 50m or physical crossing facility not controlled by authorised person,No physical crossing facility within 50m,Elsewhere,55.9070487343,-3.20717363572,"{""type"": ""Feature"",""geometry"": {""type"": ""Point"",""coordinates"": -3.20717363572, 55.9070487343}}"
292011,,Slight,2,2,01/05/2011,Sunday,1,May,11,12,30,230,Unclassified,,Single carriageway - 2 lanes,30,'T' or staggered junction,Give way sign or markings,Unclassified,,Daylight: street lights present,Fine (without high winds),Dry,None,None,No overtaking,320050,670350,0,Unset,T.V.N.P.,351006,unset,EH142PU,No crossing facility within 50m or physical crossing facility not controlled by authorised person,No physical crossing facility within 50m,At scene,55.919619667,-3.2794207941,"{""type"": ""Feature"",""geometry"": {""type"": ""Point"",""coordinates"": -3.2794207941, 55.919619667}}"
292711,,Slight,2,1,03/05/2011,Tuesday,3,May,11,9,20,230,C,,Single carriageway - 2 lanes,30,Other junction,Give way sign or markings,Unclassified,,Daylight: street lights present,Fine (without high winds),Dry,None,None,No overtaking,327030,675220,519900,Junction,Cyclist,351007,unset,EH68RT,No crossing facility within 50m or physical crossing facility not controlled by authorised person,No physical crossing facility within 50m,At scene,55.9644808877,-3.16906616566,"{""type"": ""Feature"",""geometry"": {""type"": ""Point"",""coordinates"": -3.16906616566, 55.9644808877}}"
293311,,Slight,2,1,03/05/2011,Tuesday,3,May,11,17,5,230,C,,Single carriageway - 2 lanes,30,Not at or within 20 metres of junction,unset,\,,Daylight: street lights present,Fine (without high winds),Dry,None,None,No overtaking,325410,673680,567084,Segment,Cyclist,351008,unset,EH12LU,No crossing facility within 50m or physical crossing facility not controlled by authorised person,Pedestrian phase at traffic signal junction,Elsewhere,55.9503968984,-3.19458800291,"{""type"": ""Feature"",""geometry"": {""type"": ""Point"",""coordinates"": -3.19458800291, 55.9503968984}}"
293911,,Slight,1,1,03/05/2011,Tuesday,3,May,11,14,25,230,Unclassified,,Single carriageway - 2 lanes,30,Not at or within 20 metres of junction,unset,\,,Daylight: street lights present,Fine (without high winds),Dry,None,None,No overtaking,324530,671230,530422,Junction,Bus,351009,unset,EH104QT,No crossing facility within 50m or physical crossing facility not controlled by authorised person,No physical crossing facility within 50m,Elsewhere,55.9282491011,-3.20799276793,"{""type"": ""Feature"",""geometry"": {""type"": ""Point"",""coordinates"": -3.20799276793, 55.9282491011}}"
295111,,Slight,2,1,30/04/2011,Saturday,30,April,11,14,30,230,Unclassified,,Dual carriageway - 2 lanes,30,Not at or within 20 metres of junction,unset,\,,Daylight: street lights present,Unknown,Dry,None,None,No overtaking,329990,674330,552868,Segment,T.V.N.P.,350885,unset,EH151DL,No crossing facility within 50m or physical crossing facility not controlled by authorised person,No physical crossing facility within 50m,Elsewhere,55.9569256427,-3.12142263947,"{""type"": ""Feature"",""geometry"": {""type"": ""Point"",""coordinates"": -3.12142263947, 55.9569256427}}"
296411,,Slight,2,1,03/05/2011,Tuesday,3,May,11,9,25,230,A,6095,Single carriageway - 2 lanes,30,Crossroads,Give way sign or markings,C,,Daylight: street lights present,Fine (without high winds),Dry,None,None,No overtaking,329350,671610,523791,Junction,T.V.N.P.,351010,unset,EH164PJ,No crossing facility within 50m or physical crossing facility not controlled by authorised person,Pedestrian phase at traffic signal junction,Elsewhere,55.9323952675,-3.13095949392,"{""type"": ""Feature"",""geometry"": {""type"": ""Point"",""coordinates"": -3.13095949392, 55.9323952675}}"
297211,,Slight,1,1,04/05/2011,Wednesday,4,May,11,18,25,230,A,900,Single carriageway - 2 lanes,30,Other junction,Give way sign or markings,Unclassified,,Daylight: street lights present,Fine (without high winds),Dry,None,None,No overtaking,326800,675580,519478,Junction,Bus,351011,unset,EH68NR,No crossing facility within 50m or physical crossing facility not controlled by authorised person,No physical crossing facility within 50m,Elsewhere,55.9676800983,-3.17284800289,"{""type"": ""Feature"",""geometry"": {""type"": ""Point"",""coordinates"": -3.17284800289, 55.9676800983}}"
298111,,Slight,1,1,05/05/2011,Thursday,5,May,11,11,15,230,A,8,Single carriageway - 2 lanes,30,Not at or within 20 metres of junction,unset,\,,Daylight: street lights present,Fine (without high winds),Dry,None,None,No overtaking,320030,672930,550692,Segment,S.V.N.P.,351012,unset,EH127SD,No crossing facility within 50m or physical crossing facility not controlled by authorised person,No physical crossing facility within 50m,At scene,55.9427940411,-3.2805050278,"{""type"": ""Feature"",""geometry"": {""type"": ""Point"",""coordinates"": -3.2805050278, 55.9427940411}}"
298811,,Slight,1,1,05/05/2011,Thursday,5,May,11,15,20,230,Unclassified,,Single carriageway - 2 lanes,30,Not at or within 20 metres of junction,unset,\,,Daylight: street lights present,Raining (without high winds),Dry,None,None,No overtaking,322990,671880,561724,Segment,Pedestrian,351013,unset,EH111QU,Control by other authorised person,"Pelican, puffin, toucan or similar non-junction pedestrian light crossing",At scene,55.9338444303,-3.23282148325,"{""type"": ""Feature"",""geometry"": {""type"": ""Point"",""coordinates"": -3.23282148325, 55.9338444303}}"
299911,,Slight,2,1,06/05/2011,Friday,6,May,11,6,10,230,Unclassified,,Single carriageway - 2 lanes,30,'T' or staggered junction,Give way sign or markings,Unclassified,,Daylight: street lights present,Raining (without high winds),Dry,None,None,No overtaking,320600,670400,0,Unset,Cyclist,351014,unset,EH142AB,No crossing facility within 50m or physical crossing facility not controlled by authorised person,No physical crossing facility within 50m,Elsewhere,55.9201599342,-3.27063641249,"{""type"": ""Feature"",""geometry"": {""type"": ""Point"",""coordinates"": -3.27063641249, 55.9201599342}}"
300111,,Slight,2,1,06/05/2011,Friday,6,May,11,12,20,230,A,720,Dual carriageway - 2 lanes,70,Not at or within 20 metres of junction,unset,\,,Daylight: no street lighting,Fine (without high winds),Dry,None,None,No overtaking,317650,671800,6453019,Segment,T.V.N.P.,351015,unset,EH129DF,No crossing facility within 50m or physical crossing facility not controlled by authorised person,No physical crossing facility within 50m,At scene,55.9322408956,-3.3182583252,"{""type"": ""Feature"",""geometry"": {""type"": ""Point"",""coordinates"": -3.3182583252, 55.9322408956}}"
300311,,Slight,2,1,05/05/2011,Thursday,5,May,11,18,50,230,A,720,Dual carriageway - 2 lanes,50,Not at or within 20 metres of junction,unset,\,,Daylight: no street lighting,Raining (without high winds),Dry,None,None,No overtaking,317520,672380,6453019,Segment,T.V.N.P.,351016,unset,EH129BS,No crossing facility within 50m or physical crossing facility not controlled by authorised person,No physical crossing facility within 50m,At scene,55.9374290197,-3.32051598843,"{""type"": ""Feature"",""geometry"": {""type"": ""Point"",""coordinates"": -3.32051598843, 55.9374290197}}"
300511,,Slight,2,1,03/05/2011,Tuesday,3,May,11,7,30,230,Unclassified,,Single carriageway - 2 lanes,30,'T' or staggered junction,Give way sign or markings,Unclassified,,Daylight: street lights present,Fine (without high winds),Dry,None,None,No overtaking,312970,677620,4421942,Junction,Cyclist,351017,unset,EH309PB,No crossing facility within 50m or physical crossing facility not controlled by authorised person,No physical crossing facility within 50m,Elsewhere,55.9836986177,-3.39503087148,"{""type"": ""Feature"",""geometry"": {""type"": ""Point"",""coordinates"": -3.39503087148, 55.9836986177}}"
302311,,Slight,2,1,06/05/2011,Friday,6,May,11,17,45,230,Unclassified,,Single carriageway - 2 lanes,30,Not at or within 20 metres of junction,unset,\,,Daylight: street lights present,Fine (without high winds),Dry,None,None,No overtaking,322520,672400,559248,Segment,T.V.N.P.,351018,unset,EH112QH,No crossing facility within 50m or physical crossing facility not controlled by authorised person,No physical crossing facility within 50m,At scene,55.9384404698,-3.24049283282,"{""type"": ""Feature"",""geometry"": {""type"": ""Point"",""coordinates"": -3.24049283282, 55.9384404698}}"
302711,,Slight,2,1,07/05/2011,Saturday,7,May,11,8,0,230,A,8,Dual carriageway - 2 lanes,40,Roundabout,Automatic Traffic Signal,A,8,Daylight: street lights present,Fine (without high winds),Dry,None,None,No overtaking,312590,672700,517579,Junction,T.V.N.P.,351019,unset,EH288SY,No crossing facility within 50m or physical crossing facility not controlled by authorised person,No physical crossing facility within 50m,Elsewhere,55.9394326204,-3.39952388315,"{""type"": ""Feature"",""geometry"": {""type"": ""Point"",""coordinates"": -3.39952388315, 55.9394326204}}"