acc_ref,beat_no,severity,no_vehicle,no_casualt,a_date,a_day,a_date_day,a_date_mon,a_date_yr,a_time_hr,a_time_min,loc_auth,road1_class,road1_no,road_type,speed_limi,junc_det,junc_ctrl,road2_class,road2_no,light_cond,weather,road_surf,spec_cond,cway_hzrds,ovrtk_patrn,easting,northing,net_id,net_type,acc_type,text_id,division,Postcode,ped_xing_hc,ped_xing_p,place_reported,latitude,longitude,geojson
303311,,Slight,2,2,07/05/2011,Saturday,7,May,11,8,45,230,Unclassified,,Single carriageway - 2 lanes,30,'T' or staggered junction,Give way sign or markings,Unclassified,,Daylight: street lighting unknown,Fine (without high winds),Dry,None,None,No overtaking,326860,674170,520695,Junction,T.V.N.P.,351021,unset,EH88EJ,No crossing facility within 50m or physical crossing facility not controlled by authorised person,No physical crossing facility within 50m,At scene,55.9550219073,-3.17150413644,"{""type"": ""Feature"",""geometry"": {""type"": ""Point"",""coordinates"": -3.17150413644, 55.9550219073}}"
304711,,Slight,1,1,07/05/2011,Saturday,7,May,11,1,50,230,C,,Single carriageway - 2 lanes,30,Not at or within 20 metres of junction,unset,\,,Darkness: street lights present and lit,Raining (without high winds),Dry,None,None,No overtaking,325800,673470,2106559,Segment,Pedestrian,351022,unset,EH11JL,No crossing facility within 50m or physical crossing facility not controlled by authorised person,No physical crossing facility within 50m,Elsewhere,55.9485706589,-3.18828572861,"{""type"": ""Feature"",""geometry"": {""type"": ""Point"",""coordinates"": -3.18828572861, 55.9485706589}}"
304811,,Slight,2,1,07/05/2011,Saturday,7,May,11,5,38,230,Unclassified,,Single carriageway - 2 lanes,30,'T' or staggered junction,Give way sign or markings,Unclassified,,Daylight: street lights present,Other,Dry,None,None,No overtaking,324330,672580,10252432,Junction,T.V.N.P.,351023,unset,EH39PH,No crossing facility within 50m or physical crossing facility not controlled by authorised person,No physical crossing facility within 50m,At scene,55.9403458516,-3.21157169797,"{""type"": ""Feature"",""geometry"": {""type"": ""Point"",""coordinates"": -3.21157169797, 55.9403458516}}"
305011,,Slight,2,1,07/05/2011,Saturday,7,May,11,19,25,230,C,,Single carriageway - 2 lanes,30,'T' or staggered junction,Give way sign or markings,Unclassified,,Daylight: street lights present,Fine (without high winds),Dry,None,None,No overtaking,327890,668920,533107,Junction,T.V.N.P.,351024,unset,EH166SU,No crossing facility within 50m or physical crossing facility not controlled by authorised person,No physical crossing facility within 50m,At scene,55.9080114783,-3.15360774118,"{""type"": ""Feature"",""geometry"": {""type"": ""Point"",""coordinates"": -3.15360774118, 55.9080114783}}"
305511,,Slight,1,1,07/05/2011,Saturday,7,May,11,12,10,230,A,1140,Single carriageway - 2 lanes,30,Not at or within 20 metres of junction,unset,\,,Daylight: street lights present,Fine (without high winds),Dry,None,None,No overtaking,329310,674290,554915,Segment,Bus,351025,unset,EH76RY,No crossing facility within 50m or physical crossing facility not controlled by authorised person,No physical crossing facility within 50m,Elsewhere,55.9564667074,-3.13230203125,"{""type"": ""Feature"",""geometry"": {""type"": ""Point"",""coordinates"": -3.13230203125, 55.9564667074}}"
307611,,Serious,2,1,09/05/2011,Monday,9,May,11,10,33,230,Unclassified,,Single carriageway - 2 lanes,30,Not at or within 20 metres of junction,unset,\,,Daylight: street lights present,Fine (without high winds),Dry,None,None,No overtaking,322650,670450,554744,Segment,T.V.N.P.,351026,unset,EH141BP,No crossing facility within 50m or physical crossing facility not controlled by authorised person,No physical crossing facility within 50m,At scene,55.9209430887,-3.23785334792,"{""type"": ""Feature"",""geometry"": {""type"": ""Point"",""coordinates"": -3.23785334792, 55.9209430887}}"
307811,,Slight,2,1,09/05/2011,Monday,9,May,11,11,36,230,A,7,Single carriageway - 2 lanes,30,Not at or within 20 metres of junction,unset,\,,Daylight: street lights present,Fine (without high winds),Dry,None,None,No overtaking,326040,673270,569288,Segment,Cyclist,351027,unset,EH89DH,No crossing facility within 50m or physical crossing facility not controlled by authorised person,No physical crossing facility within 50m,At scene,55.9468108735,-3.1843882912,"{""type"": ""Feature"",""geometry"": {""type"": ""Point"",""coordinates"": -3.1843882912, 55.9468108735}}"
309111,,Slight,1,1,09/05/2011,Monday,9,May,11,14,30,230,C,,Single carriageway - 2 lanes,30,Not at or within 20 metres of junction,unset,\,,Daylight: street lights present,Fine (without high winds),Dry,None,None,No overtaking,324640,672920,559484,Segment,Bus,351028,unset,EH39QG,No crossing facility within 50m or physical crossing facility not controlled by authorised person,No physical crossing facility within 50m,Elsewhere,55.9434490526,-3.2067044256,"{""type"": ""Feature"",""geometry"": {""type"": ""Point"",""coordinates"": -3.2067044256, 55.9434490526}}"
309811,,Slight,2,1,06/05/2011,Friday,6,May,11,15,0,230,Unclassified,,Single carriageway - 2 lanes,30,Not at or within 20 metres of junction,unset,\,,Daylight: street lights present,Fine (without high winds),Dry,None,None,No overtaking,319170,676490,0,Unset,Pedestrian,351029,unset,EH46JB,No crossing facility within 50m or physical crossing facility not controlled by authorised person,No physical crossing facility within 50m,At scene,55.9746315011,-3.29533945569,"{""type"": ""Feature"",""geometry"": {""type"": ""Point"",""coordinates"": -3.29533945569, 55.9746315011}}"
310211,,Slight,1,1,10/05/2011,Tuesday,10,May,11,7,40,230,Unclassified,,Single carriageway - 2 lanes,30,Not at or within 20 metres of junction,unset,\,,Daylight: no street lighting,Fine (without high winds),Dry,None,None,No overtaking,326780,674020,2106526,Segment,Pedestrian,351030,unset,EH88DU,No crossing facility within 50m or physical crossing facility not controlled by authorised person,No physical crossing facility within 50m,At scene,55.9536621329,-3.17274447374,"{""type"": ""Feature"",""geometry"": {""type"": ""Point"",""coordinates"": -3.17274447374, 55.9536621329}}"
310411,,Slight,2,1,09/05/2011,Monday,9,May,11,11,7,230,B,701,Single carriageway - 2 lanes,30,'T' or staggered junction,Automatic Traffic Signal,Unclassified,,Daylight: no street lighting,Fine (without high winds),Dry,None,None,No overtaking,321620,668990,532924,Junction,T.V.N.P.,351031,unset,EH130LE,No crossing facility within 50m or physical crossing facility not controlled by authorised person,No physical crossing facility within 50m,Elsewhere,55.9076601497,-3.25390887015,"{""type"": ""Feature"",""geometry"": {""type"": ""Point"",""coordinates"": -3.25390887015, 55.9076601497}}"
311011,,Slight,1,1,07/05/2011,Saturday,7,May,11,11,30,230,A,8,Single carriageway - 2 lanes,30,'T' or staggered junction,Automatic Traffic Signal,C,,Daylight: no street lighting,Fine (without high winds),Dry,None,None,No overtaking,325370,673870,521049,Junction,Bus,351032,unset,EH22ER,No crossing facility within 50m or physical crossing facility not controlled by authorised person,Pedestrian phase at traffic signal junction,Elsewhere,55.9520976219,-3.19528105385,"{""type"": ""Feature"",""geometry"": {""type"": ""Point"",""coordinates"": -3.19528105385, 55.9520976219}}"
311811,,Slight,1,1,10/05/2011,Tuesday,10,May,11,17,0,230,Unclassified,,Single carriageway - 2 lanes,30,'T' or staggered junction,Automatic Traffic Signal,Unclassified,,Daylight: street lights present,Fine (without high winds),Dry,None,None,No overtaking,324660,676010,519205,Junction,Pedestrian,351033,unset,EH35QY,No crossing facility within 50m or physical crossing facility not controlled by authorised person,No physical crossing facility within 50m,Elsewhere,55.9712121773,-3.20724803704,"{""type"": ""Feature"",""geometry"": {""type"": ""Point"",""coordinates"": -3.20724803704, 55.9712121773}}"
311911,,Slight,1,1,10/05/2011,Tuesday,10,May,11,19,13,230,Motorway,8,Dual carriageway - 2 lanes,70,Not at or within 20 metres of junction,unset,\,,Daylight: no street lighting,Fine (without high winds),Dry,None,None,No overtaking,314470,671680,6452039,Segment,S.V.N.P.,351034,unset,EH288LX,No crossing facility within 50m or physical crossing facility not controlled by authorised person,No physical crossing facility within 50m,At scene,55.9306078251,-3.36910968824,"{""type"": ""Feature"",""geometry"": {""type"": ""Point"",""coordinates"": -3.36910968824, 55.9306078251}}"
312011,,Slight,1,1,10/05/2011,Tuesday,10,May,11,17,50,230,A,700,Single carriageway - 2 lanes,30,Other junction,Give way sign or markings,Unclassified,,Daylight: no street lighting,Fine (without high winds),Dry,None,None,No overtaking,325030,672870,521853,Junction,Pedestrian,351035,unset,EH39JT,Control by other authorised person,"Pelican, puffin, toucan or similar non-junction pedestrian light crossing",At scene,55.9430608456,-3.20044718758,"{""type"": ""Feature"",""geometry"": {""type"": ""Point"",""coordinates"": -3.20044718758, 55.9430608456}}"
312611,,Slight,1,1,12/05/2011,Thursday,12,May,11,8,30,230,Unclassified,,Single carriageway - 2 lanes,30,Not at or within 20 metres of junction,unset,\,,Daylight: no street lighting,Fine (without high winds),Dry,None,None,No overtaking,326630,672940,0,Unset,Pedestrian,351036,unset,EH87AT,No crossing facility within 50m or physical crossing facility not controlled by authorised person,No physical crossing facility within 50m,At scene,55.9439366054,-3.17485256262,"{""type"": ""Feature"",""geometry"": {""type"": ""Point"",""coordinates"": -3.17485256262, 55.9439366054}}"
313811,,Slight,2,1,11/05/2011,Wednesday,11,May,11,12,0,230,B,701,Single carriageway - 2 lanes,30,'T' or staggered junction,Give way sign or markings,Unclassified,,Daylight: street lights present,Fine (without high winds),Dry,None,None,No overtaking,323650,668550,533074,Junction,T.V.N.P.,351037,unset,EH139NQ,Control by other authorised person,Central refuge - no other controls,At scene,55.9040335534,-3.22131746667,"{""type"": ""Feature"",""geometry"": {""type"": ""Point"",""coordinates"": -3.22131746667, 55.9040335534}}"
314911,,Slight,1,1,01/05/2011,Sunday,1,May,11,1,15,230,Unclassified,,Single carriageway - 2 lanes,30,'T' or staggered junction,Give way sign or markings,Unclassified,,Darkness: street lights present and lit,Unknown,Dry,None,None,No overtaking,330340,672540,12240130,Junction,S.V.N.P.,351038,unset,EH153LR,Control by other authorised person,Pedestrian phase at traffic signal junction,Elsewhere,55.9408949477,-3.11535511458,"{""type"": ""Feature"",""geometry"": {""type"": ""Point"",""coordinates"": -3.11535511458, 55.9408949477}}"
315111,,Slight,1,1,12/05/2011,Thursday,12,May,11,16,8,230,Unclassified,,Single carriageway - 2 lanes,30,'T' or staggered junction,Give way sign or markings,Unclassified,,Daylight: street lights present,Fine (without high winds),Dry,None,None,No overtaking,321520,675490,12285884,Junction,Pedestrian,351039,unset,EH44QT,Control by other authorised person,Pedestrian phase at traffic signal junction,At scene,55.9660377613,-3.25739850595,"{""type"": ""Feature"",""geometry"": {""type"": ""Point"",""coordinates"": -3.25739850595, 55.9660377613}}"
316111,,Slight,1,2,08/05/2011,Sunday,8,May,11,1,15,230,Unclassified,,Roundabout,30,Roundabout,Give way sign or markings,Unclassified,,Daylight: no street lighting,Fine (without high winds),Dry,None,None,No overtaking,327910,674610,520326,Junction,S.V.N.P.,351040,unset,EH76BP,Control by other authorised person,"Pelican, puffin, toucan or similar non-junction pedestrian light crossing",At scene,55.9591335522,-3.15480754933,"{""type"": ""Feature"",""geometry"": {""type"": ""Point"",""coordinates"": -3.15480754933, 55.9591335522}}"
316411,,Slight,2,2,12/05/2011,Thursday,12,May,11,7,45,230,A,902,Single carriageway - 2 lanes,40,Other junction,Give way sign or markings,Unclassified,,Daylight: no street lighting,Fine (without high winds),Dry,None,None,No overtaking,318100,672910,12201547,Junction,T.V.N.P.,351041,unset,EH128NX,No crossing facility within 50m or physical crossing facility not controlled by authorised person,No physical crossing facility within 50m,At scene,55.9422894148,-3.31139373218,"{""type"": ""Feature"",""geometry"": {""type"": ""Point"",""coordinates"": -3.31139373218, 55.9422894148}}"
317611,,Slight,2,1,11/05/2011,Wednesday,11,May,11,15,25,230,Unclassified,,Single carriageway - 2 lanes,30,Not at or within 20 metres of junction,unset,\,,Daylight: no street lighting,Fine (without high winds),Dry,None,None,No overtaking,322160,671310,559177,Segment,Bus,351042,unset,EH141RW,Control by other authorised person,Pedestrian phase at traffic signal junction,Elsewhere,55.9285900648,-3.24594074512,"{""type"": ""Feature"",""geometry"": {""type"": ""Point"",""coordinates"": -3.24594074512, 55.9285900648}}"
319311,,Slight,2,2,13/05/2011,Friday,13,May,11,12,40,230,Unclassified,,Single carriageway - 2 lanes,30,Not at or within 20 metres of junction,unset,\,,Daylight: street lights present,Fine (without high winds),Dry,None,None,No overtaking,319810,671410,9659211,Junction,T.V.N.P.,351043,unset,EH113UP,Control by other authorised person,Pedestrian phase at traffic signal junction,At scene,55.9291023427,-3.28357510398,"{""type"": ""Feature"",""geometry"": {""type"": ""Point"",""coordinates"": -3.28357510398, 55.9291023427}}"
319811,,Serious,2,2,13/05/2011,Friday,13,May,11,17,56,230,A,71,Single carriageway - 2 lanes,30,Other junction,Automatic Traffic Signal,Unclassified,,Daylight: street lights present,Other,Dry,None,None,No overtaking,322290,671860,522219,Junction,T.V.N.P.,351044,unset,EH112RT,No crossing facility within 50m or physical crossing facility not controlled by authorised person,No physical crossing facility within 50m,At scene,55.9335521386,-3.24401878092,"{""type"": ""Feature"",""geometry"": {""type"": ""Point"",""coordinates"": -3.24401878092, 55.9335521386}}"
321211,,Slight,2,1,14/05/2011,Saturday,14,May,11,18,45,230,Unclassified,,Single carriageway - 2 lanes,30,Not at or within 20 metres of junction,unset,\,,Daylight: street lights present,Fine (without high winds),Dry,None,None,No overtaking,328660,674260,0,Unset,Cyclist,351045,unset,EH87BU,No crossing facility within 50m or physical crossing facility not controlled by authorised person,No physical crossing facility within 50m,Elsewhere,55.9561011085,-3.14270337674,"{""type"": ""Feature"",""geometry"": {""type"": ""Point"",""coordinates"": -3.14270337674, 55.9561011085}}"
321411,,Slight,2,2,14/05/2011,Saturday,14,May,11,19,55,230,A,90,Dual carriageway - 2 lanes,40,Multiple junction,Automatic Traffic Signal,A,902,Daylight: street lights present,Fine (without high winds),Dry,None,None,No overtaking,321570,674920,520029,Junction,T.V.N.P.,351046,unset,EH42AJ,No crossing facility within 50m or physical crossing facility not controlled by authorised person,No physical crossing facility within 50m,At scene,55.960925255,-3.25643169028,"{""type"": ""Feature"",""geometry"": {""type"": ""Point"",""coordinates"": -3.25643169028, 55.960925255}}"
322711,,Slight,2,1,14/05/2011,Saturday,14,May,11,13,0,230,A,1,Single carriageway - 2 lanes,30,Not at or within 20 metres of junction,unset,\,,Daylight: no street lighting,Fine (without high winds),Dry,None,None,No overtaking,327120,674430,2106016,Segment,Cyclist,351047,unset,EH75SN,No crossing facility within 50m or physical crossing facility not controlled by authorised person,No physical crossing facility within 50m,At scene,55.9573972419,-3.16741091939,"{""type"": ""Feature"",""geometry"": {""type"": ""Point"",""coordinates"": -3.16741091939, 55.9573972419}}"
323211,,Slight,2,1,15/05/2011,Sunday,15,May,11,19,0,230,Unclassified,,Single carriageway - 2 lanes,30,'T' or staggered junction,Give way sign or markings,Unclassified,,Daylight: no street lighting,Fine (without high winds),Dry,None,None,No overtaking,320110,671630,522132,Junction,T.V.N.P.,351048,unset,EH113SR,Control by other authorised person,Pedestrian phase at traffic signal junction,At scene,55.9311286646,-3.2788395501,"{""type"": ""Feature"",""geometry"": {""type"": ""Point"",""coordinates"": -3.2788395501, 55.9311286646}}"
324611,,Slight,2,1,16/05/2011,Monday,16,May,11,9,54,230,A,702,Single carriageway - 2 lanes,30,Crossroads,Automatic Traffic Signal,C,,Daylight: street lights present,Fine (without high winds),Dry,None,None,No overtaking,324930,672780,533329,Junction,Cyclist,351049,unset,EH39NA,Control by other authorised person,Pedestrian phase at traffic signal junction,At scene,55.9422366919,-3.20202298304,"{""type"": ""Feature"",""geometry"": {""type"": ""Point"",""coordinates"": -3.20202298304, 55.9422366919}}"
325111,,Slight,2,2,17/05/2011,Tuesday,17,May,11,9,40,230,A,1,Single carriageway - 2 lanes,30,'T' or staggered junction,Give way sign or markings,Unclassified,,Daylight: no street lighting,Fine (without high winds),Dry,None,None,No overtaking,326460,674010,520647,Junction,T.V.N.P.,351050,unset,EH75BL,No crossing facility within 50m or physical crossing facility not controlled by authorised person,No physical crossing facility within 50m,At scene,55.9535234237,-3.17786588167,"{""type"": ""Feature"",""geometry"": {""type"": ""Point"",""coordinates"": -3.17786588167, 55.9535234237}}"
325411,,Slight,3,2,17/05/2011,Tuesday,17,May,11,19,45,230,A,902,Roundabout,40,Roundabout,Automatic Traffic Signal,Unclassified,,Daylight: no street lighting,Fine (without high winds),Dry,None,None,No overtaking,318050,672770,521640,Junction,M.V.N.P.,351051,unset,EH128LS,Control by other authorised person,Pedestrian phase at traffic signal junction,At scene,55.9410232069,-3.31215157606,"{""type"": ""Feature"",""geometry"": {""type"": ""Point"",""coordinates"": -3.31215157606, 55.9410232069}}"
326411,,Slight,2,1,18/05/2011,Wednesday,18,May,11,8,55,230,Motorway,8,Dual carriageway - 2 lanes,70,Not at or within 20 metres of junction,unset,\,,Daylight: street lights present,Fine (without high winds),Dry,None,None,No overtaking,317880,670790,6452850,Segment,T.V.N.P.,351052,unset,EH129BU,No crossing facility within 50m or physical crossing facility not controlled by authorised person,No physical crossing facility within 50m,Elsewhere,55.9232069057,-3.31427041201,"{""type"": ""Feature"",""geometry"": {""type"": ""Point"",""coordinates"": -3.31427041201, 55.9232069057}}"
326611,,Slight,1,1,03/05/2011,Tuesday,3,May,11,15,15,230,A,90,Single carriageway - 2 lanes,40,'T' or staggered junction,Automatic Traffic Signal,B,701,Daylight: street lights present,Fine (without high winds),Dry,None,None,No overtaking,318890,674910,519933,Junction,S.V.N.P.,351053,unset,EH48AR,Control by other authorised person,Pedestrian phase at traffic signal junction,At scene,55.9603903785,-3.29934948927,"{""type"": ""Feature"",""geometry"": {""type"": ""Point"",""coordinates"": -3.29934948927, 55.9603903785}}"
330411,,Slight,2,1,18/05/2011,Wednesday,18,May,11,17,0,230,A,8,Dual carriageway - 2 lanes,40,Not at or within 20 metres of junction,unset,\,,Daylight: no street lighting,Fine (without high winds),Dry,Road works present,None,No overtaking,317370,672590,9659460,Segment,T.V.N.P.,351054,unset,EH129BQ,No crossing facility within 50m or physical crossing facility not controlled by authorised person,No physical crossing facility within 50m,At scene,55.9392897861,-3.32298109544,"{""type"": ""Feature"",""geometry"": {""type"": ""Point"",""coordinates"": -3.32298109544, 55.9392897861}}"
331011,,Slight,2,1,18/05/2011,Wednesday,18,May,11,23,15,230,A,8,Single carriageway - 2 lanes,30,Not at or within 20 metres of junction,unset,\,,Darkness: street lights present and lit,Fine with high winds,Dry,None,None,No overtaking,323020,673190,550574,Segment,T.V.N.P.,351055,unset,EH126AW,No crossing facility within 50m or physical crossing facility not controlled by authorised person,No physical crossing facility within 50m,At scene,55.9456179534,-3.23271510322,"{""type"": ""Feature"",""geometry"": {""type"": ""Point"",""coordinates"": -3.23271510322, 55.9456179534}}"
331111,,Slight,1,1,18/05/2011,Wednesday,18,May,11,14,0,230,C,,Single carriageway - 2 lanes,30,Not at or within 20 metres of junction,unset,\,,Daylight: street lights present,Fine with high winds,Dry,None,None,No overtaking,325100,674090,566435,Segment,Bus,351056,unset,EH21LN,No crossing facility within 50m or physical crossing facility not controlled by authorised person,No physical crossing facility within 50m,Elsewhere,55.954032058,-3.19966545827,"{""type"": ""Feature"",""geometry"": {""type"": ""Point"",""coordinates"": -3.19966545827, 55.954032058}}"
331411,,Serious,2,1,19/05/2011,Thursday,19,May,11,15,0,230,Unclassified,,Single carriageway - 2 lanes,30,Crossroads,Stop sign,Unclassified,,Daylight: street lights present,Fine (without high winds),Dry,None,None,No overtaking,325610,671530,523860,Junction,Cyclist,351057,unset,EH92DX,No crossing facility within 50m or physical crossing facility not controlled by authorised person,Pedestrian phase at traffic signal junction,At scene,55.9311125343,-3.19079289113,"{""type"": ""Feature"",""geometry"": {""type"": ""Point"",""coordinates"": -3.19079289113, 55.9311125343}}"
331711,,Slight,1,1,18/05/2011,Wednesday,18,May,11,10,20,230,Unclassified,,One way Street,30,Other junction,Automatic Traffic Signal,C,,Daylight: no street lighting,Fine (without high winds),Dry,None,None,No overtaking,325720,673120,521514,Junction,Bus,351058,unset,EH89AF,Control by other authorised person,Pedestrian phase at traffic signal junction,At scene,55.94541394,-3.18947018905,"{""type"": ""Feature"",""geometry"": {""type"": ""Point"",""coordinates"": -3.18947018905, 55.94541394}}"
334411,,Slight,2,1,20/05/2011,Friday,20,May,11,8,10,230,A,90,Single carriageway - 2 lanes,40,Crossroads,Automatic Traffic Signal,Unclassified,,Daylight: street lights present,Raining with high winds,Dry,None,None,No overtaking,318560,674970,519963,Junction,T.V.N.P.,351059,unset,EH46AT,Control by other authorised person,Pedestrian phase at traffic signal junction,At scene,55.960873554,-3.30465255186,"{""type"": ""Feature"",""geometry"": {""type"": ""Point"",""coordinates"": -3.30465255186, 55.960873554}}"
335511,,Slight,1,1,20/05/2011,Friday,20,May,11,22,30,230,A,701,Single carriageway - 2 lanes,30,Not at or within 20 metres of junction,unset,\,,Darkness: street lights present and lit,Fine (without high winds),Dry,None,None,No overtaking,327180,670790,569345,Segment,Bus,351060,unset,EH165TY,Control by other authorised person,Pedestrian phase at traffic signal junction,At scene,55.9247046823,-3.16546756298,"{""type"": ""Feature"",""geometry"": {""type"": ""Point"",""coordinates"": -3.16546756298, 55.9247046823}}"
335611,,Slight,2,2,19/05/2011,Thursday,19,May,11,18,50,230,Unclassified,,Single carriageway - 2 lanes,30,Not at or within 20 metres of junction,unset,\,,Daylight: street lights present,Fine (without high winds),Dry,None,None,No overtaking,327430,675440,557443,Segment,T.V.N.P.,351061,unset,EH68DQ,No crossing facility within 50m or physical crossing facility not controlled by authorised person,No physical crossing facility within 50m,At scene,55.9665179604,-3.16271844723,"{""type"": ""Feature"",""geometry"": {""type"": ""Point"",""coordinates"": -3.16271844723, 55.9665179604}}"
336211,,Slight,2,1,21/05/2011,Saturday,21,May,11,4,45,230,B,901,Single carriageway - 2 lanes,30,Other junction,Give way sign or markings,Unclassified,,Daylight: street lights present,Fine (without high winds),Dry,None,None,No overtaking,325810,674570,520197,Junction,Cyclist,351062,unset,EH13SA,No crossing facility within 50m or physical crossing facility not controlled by authorised person,No physical crossing facility within 50m,At scene,55.9584544727,-3.1884283498,"{""type"": ""Feature"",""geometry"": {""type"": ""Point"",""coordinates"": -3.1884283498, 55.9584544727}}"
337111,,Slight,2,2,21/05/2011,Saturday,21,May,11,13,45,230,A,8,Single carriageway - 2 lanes,30,Not at or within 20 metres of junction,unset,\,,Daylight: street lights present,Fine (without high winds),Dry,None,None,No overtaking,324470,673540,520881,Junction,Bus,351063,unset,EH37AL,No crossing facility within 50m or physical crossing facility not controlled by authorised person,No physical crossing facility within 50m,At scene,55.9489923401,-3.20959950494,"{""type"": ""Feature"",""geometry"": {""type"": ""Point"",""coordinates"": -3.20959950494, 55.9489923401}}"
337511,,Slight,1,1,22/05/2011,Sunday,22,May,11,0,35,230,A,903,Single carriageway - 2 lanes,30,Not at or within 20 metres of junction,unset,\,,Darkness: street lights present and lit,Fine (without high winds),Dry,None,None,No overtaking,324200,676710,519016,Junction,S.V.N.P.,351065,unset,EH53RG,No crossing facility within 50m or physical crossing facility not controlled by authorised person,No physical crossing facility within 50m,At scene,55.9774284178,-3.21481430372,"{""type"": ""Feature"",""geometry"": {""type"": ""Point"",""coordinates"": -3.21481430372, 55.9774284178}}"
337611,,Slight,1,1,22/05/2011,Sunday,22,May,11,2,45,230,C,,Single carriageway - 2 lanes,30,Other junction,Give way sign or markings,Unclassified,,Darkness: street lights present and lit,Fine (without high winds),Dry,None,None,No overtaking,325030,673020,521451,Junction,Pedestrian,351066,unset,EH39JB,No crossing facility within 50m or physical crossing facility not controlled by authorised person,No physical crossing facility within 50m,At scene,55.9444084241,-3.20048887692,"{""type"": ""Feature"",""geometry"": {""type"": ""Point"",""coordinates"": -3.20048887692, 55.9444084241}}"
337811,,Slight,1,1,20/05/2011,Friday,20,May,11,9,0,230,C,,Dual carriageway - 2 lanes,30,Roundabout,Give way sign or markings,C,,Daylight: street lights present,Fine (without high winds),Dry,None,None,No overtaking,325160,673980,521073,Junction,Bus,351067,unset,EH22LR,No crossing facility within 50m or physical crossing facility not controlled by authorised person,No physical crossing facility within 50m,Elsewhere,55.9530531841,-3.19867414305,"{""type"": ""Feature"",""geometry"": {""type"": ""Point"",""coordinates"": -3.19867414305, 55.9530531841}}"
337911,,Slight,2,1,22/05/2011,Sunday,22,May,11,9,20,230,Unclassified,,Single carriageway - 2 lanes,30,Not at or within 20 metres of junction,unset,\,,Daylight: street lights present,Fine (without high winds),Dry,None,None,No overtaking,330630,671310,569117,Segment,Cyclist,351068,unset,EH153HW,No crossing facility within 50m or physical crossing facility not controlled by authorised person,No physical crossing facility within 50m,At scene,55.9298863756,-3.11039663493,"{""type"": ""Feature"",""geometry"": {""type"": ""Point"",""coordinates"": -3.11039663493, 55.9298863756}}"
339111,,Slight,2,1,20/05/2011,Friday,20,May,11,16,5,230,Unclassified,,Single carriageway - 2 lanes,30,Mini-roundabout,Give way sign or markings,Unclassified,,Daylight: no street lighting,Fine (without high winds),Dry,None,None,No overtaking,327260,676760,0,Unset,T.V.N.P.,351069,unset,EH67DA,Control by other authorised person,Central refuge - no other controls,At scene,55.9783510261,-3.16579816072,"{""type"": ""Feature"",""geometry"": {""type"": ""Point"",""coordinates"": -3.16579816072, 55.9783510261}}"
339711,,Slight,1,1,24/05/2011,Tuesday,24,May,11,8,25,230,Unclassified,,Single carriageway - 2 lanes,30,Other junction,Give way sign or markings,Unclassified,,Daylight: no street lighting,Fine with high winds,Dry,None,None,No overtaking,324370,673840,10258615,Junction,Pedestrian,351070,unset,EH37PX,Control by other authorised person,Pedestrian phase at traffic signal junction,At scene,55.9516717565,-3.2112847327,"{""type"": ""Feature"",""geometry"": {""type"": ""Point"",""coordinates"": -3.2112847327, 55.9516717565}}"
341211,,Slight,1,1,24/05/2011,Tuesday,24,May,11,6,47,230,Unclassified,,Dual carriageway - 2 lanes,30,Not at or within 20 metres of junction,unset,\,,Daylight: no street lighting,Fine (without high winds),Dry,None,None,No overtaking,313210,677070,555414,Segment,S.V.N.P.,351071,unset,EH309SR,No crossing facility within 50m or physical crossing facility not controlled by authorised person,No physical crossing facility within 50m,At scene,55.9788013578,-3.3910077346,"{""type"": ""Feature"",""geometry"": {""type"": ""Point"",""coordinates"": -3.3910077346, 55.9788013578}}"
341311,,Slight,2,1,24/05/2011,Tuesday,24,May,11,13,45,230,Unclassified,,Single carriageway - 2 lanes,30,'T' or staggered junction,Give way sign or markings,Unclassified,,Daylight: no street lighting,Raining (without high winds),Dry,None,None,No overtaking,324510,671530,523824,Junction,T.V.N.P.,351072,unset,EH104AZ,No crossing facility within 50m or physical crossing facility not controlled by authorised person,No physical crossing facility within 50m,At scene,55.9309411176,-3.20839669499,"{""type"": ""Feature"",""geometry"": {""type"": ""Point"",""coordinates"": -3.20839669499, 55.9309411176}}"
341411,,Slight,2,1,24/05/2011,Tuesday,24,May,11,16,18,230,A,90,Dual carriageway - 2 lanes,50,Not at or within 20 metres of junction,unset,\,,Daylight: no street lighting,Fine (without high winds),Dry,None,None,No overtaking,312550,677550,555711,Segment,T.V.N.P.,351073,unset,EH309SS,No crossing facility within 50m or physical crossing facility not controlled by authorised person,No physical crossing facility within 50m,At scene,55.9829934607,-3.40173817017,"{""type"": ""Feature"",""geometry"": {""type"": ""Point"",""coordinates"": -3.40173817017, 55.9829934607}}"
341511,,Slight,1,1,23/05/2011,Monday,23,May,11,16,45,230,A,1,Single carriageway - 2 lanes,30,Not at or within 20 metres of junction,unset,\,,Daylight: no street lighting,Fine (without high winds),Dry,None,None,No overtaking,327490,674340,2106025,Segment,Pedestrian,351074,unset,EH75TJ,No crossing facility within 50m or physical crossing facility not controlled by authorised person,No physical crossing facility within 50m,At scene,55.9566446717,-3.16146132249,"{""type"": ""Feature"",""geometry"": {""type"": ""Point"",""coordinates"": -3.16146132249, 55.9566446717}}"