acc_ref,beat_no,severity,no_vehicle,no_casualt,a_date,a_day,a_date_day,a_date_mon,a_date_yr,a_time_hr,a_time_min,loc_auth,road1_class,road1_no,road_type,speed_limi,junc_det,junc_ctrl,road2_class,road2_no,light_cond,weather,road_surf,spec_cond,cway_hzrds,ovrtk_patrn,easting,northing,net_id,net_type,acc_type,text_id,division,Postcode,ped_xing_hc,ped_xing_p,place_reported,latitude,longitude,geojson
341611,,Slight,1,1,23/05/2011,Monday,23,May,11,18,0,230,A,8,Dual carriageway - 2 lanes,40,Not at or within 20 metres of junction,unset,\,,Daylight: no street lighting,Fine (without high winds),Dry,None,None,No overtaking,316980,672470,550815,Segment,Bus,351075,unset,EH129BQ,No crossing facility within 50m or physical crossing facility not controlled by authorised person,No physical crossing facility within 50m,At scene,55.9381445864,-3.32918654274,"{""type"": ""Feature"",""geometry"": {""type"": ""Point"",""coordinates"": -3.32918654274, 55.9381445864}}"
341911,,Slight,2,1,25/05/2011,Wednesday,25,May,11,8,50,230,A,700,Single carriageway - 2 lanes,30,'T' or staggered junction,Automatic Traffic Signal,Unclassified,,Daylight: no street lighting,Fine (without high winds),Dry,None,None,No overtaking,325660,672520,521871,Junction,Cyclist,351076,unset,EH39EE,No crossing facility within 50m or physical crossing facility not controlled by authorised person,No physical crossing facility within 50m,At scene,55.9400143291,-3.19026541031,"{""type"": ""Feature"",""geometry"": {""type"": ""Point"",""coordinates"": -3.19026541031, 55.9400143291}}"
344011,,Slight,2,1,24/05/2011,Tuesday,24,May,11,15,0,230,Unclassified,,Single carriageway - 2 lanes,30,'T' or staggered junction,Give way sign or markings,Unclassified,,Daylight: street lights present,Fine (without high winds),Dry,None,None,No overtaking,322480,673800,520836,Junction,T.V.N.P.,351077,unset,EH126HE,No crossing facility within 50m or physical crossing facility not controlled by authorised person,No physical crossing facility within 50m,Elsewhere,55.9510112271,-3.24153544265,"{""type"": ""Feature"",""geometry"": {""type"": ""Point"",""coordinates"": -3.24153544265, 55.9510112271}}"
345211,,Slight,2,1,25/05/2011,Wednesday,25,May,11,15,46,230,Unclassified,,Single carriageway - 2 lanes,30,Multiple junction,Automatic Traffic Signal,Unclassified,,Daylight: no street lighting,Fine (without high winds),Dry,None,None,No overtaking,326010,671000,533401,Junction,Cyclist,351078,unset,EH93ER,No crossing facility within 50m or physical crossing facility not controlled by authorised person,No physical crossing facility within 50m,At scene,55.9264127608,-3.18424622123,"{""type"": ""Feature"",""geometry"": {""type"": ""Point"",""coordinates"": -3.18424622123, 55.9264127608}}"
347511,,Slight,1,1,27/05/2011,Friday,27,May,11,0,1,230,C,,Single carriageway - 2 lanes,60,Not at or within 20 metres of junction,unset,\,,Darkness: street lights present and lit,Fine (without high winds),Dry,None,None,No overtaking,329110,667390,562993,Segment,S.V.N.P.,351079,unset,EH178RZ,No crossing facility within 50m or physical crossing facility not controlled by authorised person,No physical crossing facility within 50m,At scene,55.8944469928,-3.13369363939,"{""type"": ""Feature"",""geometry"": {""type"": ""Point"",""coordinates"": -3.13369363939, 55.8944469928}}"
348111,,Slight,2,2,25/05/2011,Wednesday,25,May,11,16,0,230,Unclassified,,Single carriageway - 2 lanes,30,Other junction,Give way sign or markings,Unclassified,,Daylight: street lights present,Fine (without high winds),Dry,None,None,No overtaking,324300,673630,10258595,Junction,T.V.N.P.,351080,unset,EH37JA,No crossing facility within 50m or physical crossing facility not controlled by authorised person,No physical crossing facility within 50m,At scene,55.9497741347,-3.21234660617,"{""type"": ""Feature"",""geometry"": {""type"": ""Point"",""coordinates"": -3.21234660617, 55.9497741347}}"
348211,,Slight,2,2,25/05/2011,Wednesday,25,May,11,16,30,230,C,,Single carriageway - 2 lanes,30,Crossroads,Automatic Traffic Signal,Unclassified,,Daylight: street lights present,Fine (without high winds),Dry,None,None,No overtaking,326910,674310,520689,Junction,T.V.N.P.,351081,unset,EH88EJ,No crossing facility within 50m or physical crossing facility not controlled by authorised person,No physical crossing facility within 50m,Elsewhere,55.956287267,-3.17074142341,"{""type"": ""Feature"",""geometry"": {""type"": ""Point"",""coordinates"": -3.17074142341, 55.956287267}}"
349411,,Slight,3,1,26/05/2011,Thursday,26,May,11,14,10,230,A,6095,Single carriageway - 2 lanes,30,Not at or within 20 metres of junction,unset,\,,Daylight: street lights present,Fine (without high winds),Dry,None,None,No overtaking,328920,671660,553846,Segment,M.V.N.P.,351082,unset,EH164BE,No crossing facility within 50m or physical crossing facility not controlled by authorised person,No physical crossing facility within 50m,Elsewhere,55.932781103,-3.13785454355,"{""type"": ""Feature"",""geometry"": {""type"": ""Point"",""coordinates"": -3.13785454355, 55.932781103}}"
349511,,Slight,2,1,25/05/2011,Wednesday,25,May,11,16,25,230,Unclassified,,Single carriageway - 2 lanes,30,Other junction,Give way sign or markings,Unclassified,,Daylight: no street lighting,Fine (without high winds),Dry,None,None,No overtaking,324210,675950,519418,Junction,Cyclist,351083,unset,EH35QF,No crossing facility within 50m or physical crossing facility not controlled by authorised person,No physical crossing facility within 50m,At scene,55.970602335,-3.21444013235,"{""type"": ""Feature"",""geometry"": {""type"": ""Point"",""coordinates"": -3.21444013235, 55.970602335}}"
350811,,Slight,4,1,26/05/2011,Thursday,26,May,11,16,30,230,Unclassified,,Single carriageway - 2 lanes,30,'T' or staggered junction,Give way sign or markings,Unclassified,,Daylight: street lights present,Fine (without high winds),Dry,None,None,No overtaking,322480,673790,520836,Junction,M.V.N.P.,351084,unset,EH126HE,Control by other authorised person,Central refuge - no other controls,At scene,55.95092139,-3.24153256752,"{""type"": ""Feature"",""geometry"": {""type"": ""Point"",""coordinates"": -3.24153256752, 55.95092139}}"
350911,,Slight,1,1,27/05/2011,Friday,27,May,11,15,55,230,Unclassified,,Single carriageway - 2 lanes,30,Other junction,Give way sign or markings,Unclassified,,Daylight: no street lighting,Fine (without high winds),Dry,None,None,No overtaking,324530,671290,530425,Junction,Bus,351085,unset,EH104QP,Control by other authorised person,"Pelican, puffin, toucan or similar non-junction pedestrian light crossing",At scene,55.9287881323,-3.20800953871,"{""type"": ""Feature"",""geometry"": {""type"": ""Point"",""coordinates"": -3.20800953871, 55.9287881323}}"
352311,,Serious,2,2,27/05/2011,Friday,27,May,11,12,55,230,A,720,Dual carriageway - 2 lanes,70,Not at or within 20 metres of junction,unset,\,,Daylight: no street lighting,Fine (without high winds),Dry,None,None,No overtaking,322500,668020,570552,Segment,T.V.N.P.,351086,unset,EH139QP,No crossing facility within 50m or physical crossing facility not controlled by authorised person,No physical crossing facility within 50m,At scene,55.8990883776,-3.23955653998,"{""type"": ""Feature"",""geometry"": {""type"": ""Point"",""coordinates"": -3.23955653998, 55.8990883776}}"
354011,,Slight,1,1,27/05/2011,Friday,27,May,11,11,45,230,C,,Single carriageway - 2 lanes,30,Crossroads,Automatic Traffic Signal,Unclassified,,Daylight: street lights present,Fine (without high winds),Dry,None,None,No overtaking,326160,673700,521157,Junction,Bus,351087,unset,EH88AA,No crossing facility within 50m or physical crossing facility not controlled by authorised person,No physical crossing facility within 50m,Elsewhere,55.9506924051,-3.18258482919,"{""type"": ""Feature"",""geometry"": {""type"": ""Point"",""coordinates"": -3.18258482919, 55.9506924051}}"
355311,,Slight,2,1,28/05/2011,Saturday,28,May,11,18,58,230,Unclassified,,Single carriageway - 2 lanes,30,Not at or within 20 metres of junction,unset,\,,Daylight: street lights present,Fine with high winds,Dry,None,None,No overtaking,321350,667950,0,Unset,Cyclist,351088,unset,EH130PA,No crossing facility within 50m or physical crossing facility not controlled by authorised person,No physical crossing facility within 50m,Elsewhere,55.8982730355,-3.25792466076,"{""type"": ""Feature"",""geometry"": {""type"": ""Point"",""coordinates"": -3.25792466076, 55.8982730355}}"
355611,,Serious,1,2,29/05/2011,Sunday,29,May,11,13,40,230,A,8,Dual carriageway - 2 lanes,30,Not at or within 20 metres of junction,unset,\,,Daylight: no street lighting,Fine (without high winds),Dry,None,None,No overtaking,325050,673780,551193,Segment,Pedestrian,351089,unset,EH23AA,No crossing facility within 50m or physical crossing facility not controlled by authorised person,Central refuge - no other controls,At scene,55.9512392698,-3.20037992184,"{""type"": ""Feature"",""geometry"": {""type"": ""Point"",""coordinates"": -3.20037992184, 55.9512392698}}"
355711,,Slight,1,1,29/05/2011,Sunday,29,May,11,18,30,230,A,199,Single carriageway - 2 lanes,40,Not at or within 20 metres of junction,unset,\,,Daylight: street lights present,Fine with high winds,Dry,None,None,No overtaking,329020,675620,563287,Segment,S.V.N.P.,351090,unset,EH67LW,No crossing facility within 50m or physical crossing facility not controlled by authorised person,No physical crossing facility within 50m,At scene,55.9683727124,-3.13729657018,"{""type"": ""Feature"",""geometry"": {""type"": ""Point"",""coordinates"": -3.13729657018, 55.9683727124}}"
355911,,Slight,3,1,28/05/2011,Saturday,28,May,11,12,10,230,Unclassified,,Single carriageway - 2 lanes,20,'T' or staggered junction,Give way sign or markings,Unclassified,,Daylight: street lights present,Fine with high winds,Dry,None,None,No overtaking,318320,668100,0,Unset,Pedestrian,351091,unset,EH145LN,No crossing facility within 50m or physical crossing facility not controlled by authorised person,No physical crossing facility within 50m,At scene,55.8991160992,-3.30641774031,"{""type"": ""Feature"",""geometry"": {""type"": ""Point"",""coordinates"": -3.30641774031, 55.8991160992}}"
360611,,Slight,2,1,30/05/2011,Monday,30,May,11,11,45,230,Unclassified,,Single carriageway - 2 lanes,30,Not at or within 20 metres of junction,unset,\,,Daylight: no street lighting,Fine (without high winds),Dry,None,None,No overtaking,320070,672720,564511,Segment,T.V.N.P.,351092,unset,EH127HD,No crossing facility within 50m or physical crossing facility not controlled by authorised person,No physical crossing facility within 50m,Elsewhere,55.9409141403,-3.27980249615,"{""type"": ""Feature"",""geometry"": {""type"": ""Point"",""coordinates"": -3.27980249615, 55.9409141403}}"
361511,,Slight,2,1,30/05/2011,Monday,30,May,11,16,30,230,Unclassified,,Single carriageway - 2 lanes,30,'T' or staggered junction,Give way sign or markings,Unclassified,,Daylight: no street lighting,Fine (without high winds),Dry,None,None,No overtaking,321000,674510,519984,Junction,Cyclist,351093,unset,EH43PP,No crossing facility within 50m or physical crossing facility not controlled by authorised person,No physical crossing facility within 50m,Elsewhere,55.9571485699,-3.26544027906,"{""type"": ""Feature"",""geometry"": {""type"": ""Point"",""coordinates"": -3.26544027906, 55.9571485699}}"
362611,,Slight,1,1,31/05/2011,Tuesday,31,May,11,11,5,230,A,70,Single carriageway - 2 lanes,30,Not at or within 20 metres of junction,unset,\,,Daylight: street lights present,Fine (without high winds),Dry,None,None,No overtaking,323490,672420,561700,Segment,Bus,351094,unset,EH112JL,Control by other authorised person,Pedestrian phase at traffic signal junction,At scene,55.938775492,-3.22497234452,"{""type"": ""Feature"",""geometry"": {""type"": ""Point"",""coordinates"": -3.22497234452, 55.938775492}}"
363811,,Slight,2,1,31/05/2011,Tuesday,31,May,11,17,0,230,C,,Single carriageway - 2 lanes,30,Not at or within 20 metres of junction,unset,\,,Daylight: street lights present,Fine (without high winds),Dry,None,None,No overtaking,326570,673680,2106535,Segment,Cyclist,351095,unset,EH88AS,No crossing facility within 50m or physical crossing facility not controlled by authorised person,No physical crossing facility within 50m,At scene,55.950575552,-3.17601458574,"{""type"": ""Feature"",""geometry"": {""type"": ""Point"",""coordinates"": -3.17601458574, 55.950575552}}"
364211,,Slight,1,1,31/05/2011,Tuesday,31,May,11,20,20,230,Unclassified,,Single carriageway - 2 lanes,30,'T' or staggered junction,Give way sign or markings,Unclassified,,Daylight: street lights present,Fine (without high winds),Dry,None,None,No overtaking,329590,669380,12219953,Junction,Pedestrian,351096,unset,EH177DQ,No crossing facility within 50m or physical crossing facility not controlled by authorised person,No physical crossing facility within 50m,At scene,55.9123958764,-3.12653712904,"{""type"": ""Feature"",""geometry"": {""type"": ""Point"",""coordinates"": -3.12653712904, 55.9123958764}}"
364611,,Slight,1,1,31/05/2011,Tuesday,31,May,11,15,45,230,Unclassified,,Single carriageway - 2 lanes,30,Not at or within 20 metres of junction,unset,\,,Daylight: street lights present,Fine (without high winds),Dry,None,None,No overtaking,325330,676720,10310212,Segment,Pedestrian,351097,unset,EH53BJ,No crossing facility within 50m or physical crossing facility not controlled by authorised person,No physical crossing facility within 50m,At scene,55.9776953485,-3.19671152701,"{""type"": ""Feature"",""geometry"": {""type"": ""Point"",""coordinates"": -3.19671152701, 55.9776953485}}"
365311,,Slight,2,1,31/05/2011,Tuesday,31,May,11,15,10,230,A,71,Single carriageway - 2 lanes,40,Not at or within 20 metres of junction,unset,\,,Daylight: street lights present,Fine (without high winds),Dry,None,None,No overtaking,317620,670170,549641,Segment,T.V.N.P.,351098,unset,EH144AH,No crossing facility within 50m or physical crossing facility not controlled by authorised person,No physical crossing facility within 50m,At scene,55.9175926903,-3.31824121869,"{""type"": ""Feature"",""geometry"": {""type"": ""Point"",""coordinates"": -3.31824121869, 55.9175926903}}"
366411,,Slight,2,1,01/06/2011,Wednesday,1,June,11,17,15,230,A,71,Roundabout,30,Roundabout,Give way sign or markings,Unclassified,,Daylight: street lights present,Fine (without high winds),Dry,None,None,No overtaking,320770,671110,529501,Junction,Cyclist,354220,unset,EH113PA,No crossing facility within 50m or physical crossing facility not controlled by authorised person,No physical crossing facility within 50m,Elsewhere,55.9265663578,-3.26812492872,"{""type"": ""Feature"",""geometry"": {""type"": ""Point"",""coordinates"": -3.26812492872, 55.9265663578}}"
366711,,Slight,2,1,01/06/2011,Wednesday,1,June,11,15,56,230,A,8,Single carriageway - 2 lanes,30,Crossroads,Automatic Traffic Signal,Unclassified,,Daylight: no street lighting,Fine (without high winds),Dry,None,None,No overtaking,321950,673130,521235,Junction,T.V.N.P.,354221,unset,EH126JQ,No crossing facility within 50m or physical crossing facility not controlled by authorised person,Pedestrian phase at traffic signal junction,At scene,55.9449063679,-3.249827575,"{""type"": ""Feature"",""geometry"": {""type"": ""Point"",""coordinates"": -3.249827575, 55.9449063679}}"
367011,,Slight,1,1,02/06/2011,Thursday,2,June,11,8,45,230,C,,Single carriageway - 2 lanes,30,Not at or within 20 metres of junction,unset,\,,Daylight: street lights present,Fine (without high winds),Dry,None,None,No overtaking,330360,673700,553579,Segment,Pedestrian,354222,unset,EH151LT,No crossing facility within 50m or physical crossing facility not controlled by authorised person,No physical crossing facility within 50m,Elsewhere,55.9513194283,-3.1153344781,"{""type"": ""Feature"",""geometry"": {""type"": ""Point"",""coordinates"": -3.1153344781, 55.9513194283}}"
367511,,Serious,1,1,02/06/2011,Thursday,2,June,11,10,0,230,A,8,Single carriageway - 2 lanes,40,Not at or within 20 metres of junction,unset,\,,Daylight: street lights present,Fine (without high winds),Dry,None,None,No overtaking,318840,672820,550667,Segment,Pedestrian,354223,unset,EH128LL,No crossing facility within 50m or physical crossing facility not controlled by authorised person,Pedestrian phase at traffic signal junction,At scene,55.9416064074,-3.29952112101,"{""type"": ""Feature"",""geometry"": {""type"": ""Point"",""coordinates"": -3.29952112101, 55.9416064074}}"
367711,,Slight,1,1,02/06/2011,Thursday,2,June,11,11,58,230,A,900,Dual carriageway - 2 lanes,30,Not at or within 20 metres of junction,unset,\,,Daylight: street lights present,Fine (without high winds),Dry,None,None,No overtaking,326430,674950,558503,Segment,Bus,354224,unset,EH74LT,Control by other authorised person,Pedestrian phase at traffic signal junction,Elsewhere,55.9619637041,-3.17860287,"{""type"": ""Feature"",""geometry"": {""type"": ""Point"",""coordinates"": -3.17860287, 55.9619637041}}"
368511,,Slight,1,1,02/06/2011,Thursday,2,June,11,17,55,230,B,901,Single carriageway - 2 lanes,30,Crossroads,Automatic Traffic Signal,B,900,Daylight: street lights present,Fine (without high winds),Dry,None,None,No overtaking,325390,675020,519819,Junction,Pedestrian,354225,unset,EH74EA,No crossing facility within 50m or physical crossing facility not controlled by authorised person,No physical crossing facility within 50m,At scene,55.9624321597,-3.19527916674,"{""type"": ""Feature"",""geometry"": {""type"": ""Point"",""coordinates"": -3.19527916674, 55.9624321597}}"
368611,,Slight,1,1,02/06/2011,Thursday,2,June,11,7,40,230,Unclassified,,Single carriageway - 2 lanes,30,'T' or staggered junction,Give way sign or markings,Unclassified,,Daylight: street lights present,Fine (without high winds),Dry,None,None,No overtaking,324260,669870,532882,Junction,Pedestrian,354226,unset,EH106EY,No crossing facility within 50m or physical crossing facility not controlled by authorised person,Central refuge - no other controls,At scene,55.9159886221,-3.21193203099,"{""type"": ""Feature"",""geometry"": {""type"": ""Point"",""coordinates"": -3.21193203099, 55.9159886221}}"
369911,,Slight,1,2,03/06/2011,Friday,3,June,11,11,25,230,Unclassified,,Single carriageway - 2 lanes,30,'T' or staggered junction,Automatic Traffic Signal,Unclassified,,Daylight: street lights present,Fine (without high winds),Dry,None,None,No overtaking,324520,670870,529825,Junction,Bus,354227,unset,EH106AD,No crossing facility within 50m or physical crossing facility not controlled by authorised person,No physical crossing facility within 50m,At scene,55.9250133436,-3.2080521646,"{""type"": ""Feature"",""geometry"": {""type"": ""Point"",""coordinates"": -3.2080521646, 55.9250133436}}"
370011,,Serious,1,1,03/06/2011,Friday,3,June,11,8,43,230,A,7,Single carriageway - 2 lanes,30,Not at or within 20 metres of junction,unset,\,,Daylight: street lights present,Fine (without high winds),Dry,None,None,No overtaking,325870,673910,569270,Segment,Cyclist,354228,unset,EH11BB,No crossing facility within 50m or physical crossing facility not controlled by authorised person,No physical crossing facility within 50m,At scene,55.9525343729,-3.18728594605,"{""type"": ""Feature"",""geometry"": {""type"": ""Point"",""coordinates"": -3.18728594605, 55.9525343729}}"
370711,,Slight,2,1,03/06/2011,Friday,3,June,11,18,40,230,A,901,Single carriageway - 2 lanes,30,Not at or within 20 metres of junction,unset,\,,Daylight: no street lighting,Fine (without high winds),Dry,None,None,No overtaking,325770,677030,558788,Segment,Cyclist,354229,unset,EH64HY,Control by other authorised person,"Pelican, puffin, toucan or similar non-junction pedestrian light crossing",At scene,55.9805485763,-3.18974700622,"{""type"": ""Feature"",""geometry"": {""type"": ""Point"",""coordinates"": -3.18974700622, 55.9805485763}}"
370911,,Slight,1,1,03/06/2011,Friday,3,June,11,23,40,230,B,701,Single carriageway - 2 lanes,30,Crossroads,Give way sign or markings,Unclassified,,Darkness: street lights present and lit,Fine (without high winds),Dry,None,None,No overtaking,328560,668490,530332,Junction,Pedestrian,354230,unset,EH178LH,No crossing facility within 50m or physical crossing facility not controlled by authorised person,No physical crossing facility within 50m,At scene,55.9042482303,-3.1427779522,"{""type"": ""Feature"",""geometry"": {""type"": ""Point"",""coordinates"": -3.1427779522, 55.9042482303}}"
371711,,Slight,2,1,04/06/2011,Saturday,4,June,11,14,0,230,A,6095,Single carriageway - 2 lanes,40,Using private drive or entrance,Give way sign or markings,Unclassified,,Daylight: street lights present,Fine (without high winds),Dry,None,None,No overtaking,328990,671680,523770,Junction,T.V.N.P.,354231,unset,EH164BE,No crossing facility within 50m or physical crossing facility not controlled by authorised person,No physical crossing facility within 50m,Elsewhere,55.9329711266,-3.13673948724,"{""type"": ""Feature"",""geometry"": {""type"": ""Point"",""coordinates"": -3.13673948724, 55.9329711266}}"
375011,,Slight,1,1,03/06/2011,Friday,3,June,11,12,45,230,Unclassified,,Single carriageway - 2 lanes,30,'T' or staggered junction,Give way sign or markings,C,,Daylight: no street lighting,Fine (without high winds),Dry,None,None,No overtaking,326000,673500,521562,Junction,Pedestrian,354232,unset,EH11NQ,No crossing facility within 50m or physical crossing facility not controlled by authorised person,No physical crossing facility within 50m,At scene,55.9488710135,-3.18509180634,"{""type"": ""Feature"",""geometry"": {""type"": ""Point"",""coordinates"": -3.18509180634, 55.9488710135}}"
376111,,Slight,2,1,06/06/2011,Monday,6,June,11,8,40,230,Unclassified,,Single carriageway - 2 lanes,30,Not at or within 20 metres of junction,unset,\,,Daylight: street lights present,Fine (without high winds),Dry,None,None,No overtaking,323820,675890,563649,Segment,T.V.N.P.,354233,unset,EH52DN,No crossing facility within 50m or physical crossing facility not controlled by authorised person,No physical crossing facility within 50m,Elsewhere,55.9700015963,-3.2206708307,"{""type"": ""Feature"",""geometry"": {""type"": ""Point"",""coordinates"": -3.2206708307, 55.9700015963}}"
376311,,Slight,2,1,31/05/2011,Tuesday,31,May,11,12,0,230,C,,Single carriageway - 2 lanes,40,Not at or within 20 metres of junction,unset,\,,Daylight: street lights present,Fine (without high winds),Dry,None,None,No overtaking,325330,673080,567120,Segment,Cyclist,351099,unset,EH39EZ,No crossing facility within 50m or physical crossing facility not controlled by authorised person,No physical crossing facility within 50m,Elsewhere,55.9449941549,-3.19570278873,"{""type"": ""Feature"",""geometry"": {""type"": ""Point"",""coordinates"": -3.19570278873, 55.9449941549}}"
377111,,Slight,2,1,06/06/2011,Monday,6,June,11,16,28,230,Unclassified,,Single carriageway - 2 lanes,30,Crossroads,Give way sign or markings,Unclassified,,Daylight: no street lighting,Fine (without high winds),Dry,None,None,No overtaking,319690,670500,0,Unset,T.V.N.P.,354234,unset,EH114PB,No crossing facility within 50m or physical crossing facility not controlled by authorised person,No physical crossing facility within 50m,At scene,55.9209072481,-3.2852247545,"{""type"": ""Feature"",""geometry"": {""type"": ""Point"",""coordinates"": -3.2852247545, 55.9209072481}}"
377511,,Slight,2,1,07/06/2011,Tuesday,7,June,11,8,29,230,A,90,Single carriageway - 2 lanes,40,Multiple junction,Automatic Traffic Signal,B,9085,Daylight: street lights present,Fine (without high winds),Dry,None,None,No overtaking,320650,675130,519720,Junction,T.V.N.P.,354235,unset,EH47AG,Control by other authorised person,Pedestrian phase at traffic signal junction,At scene,55.962660718,-3.27122768056,"{""type"": ""Feature"",""geometry"": {""type"": ""Point"",""coordinates"": -3.27122768056, 55.962660718}}"
377711,,Slight,2,1,06/06/2011,Monday,6,June,11,14,35,230,A,6095,Single carriageway - 2 lanes,30,Not at or within 20 metres of junction,unset,\,,Daylight: no street lighting,Fine (without high winds),Dry,None,None,No overtaking,327570,671300,553879,Segment,Bus,354236,unset,EH165LH,No crossing facility within 50m or physical crossing facility not controlled by authorised person,No physical crossing facility within 50m,At scene,55.9293454131,-3.15936393927,"{""type"": ""Feature"",""geometry"": {""type"": ""Point"",""coordinates"": -3.15936393927, 55.9293454131}}"
377911,,Slight,2,1,06/06/2011,Monday,6,June,11,20,15,230,Unclassified,,Single carriageway - 2 lanes,30,Not at or within 20 metres of junction,unset,\,,Daylight: street lights present,Fine (without high winds),Dry,None,None,No overtaking,319560,674450,0,Unset,Cyclist,354237,unset,EH47PS,No crossing facility within 50m or physical crossing facility not controlled by authorised person,No physical crossing facility within 50m,Elsewhere,55.9563706136,-3.28848212339,"{""type"": ""Feature"",""geometry"": {""type"": ""Point"",""coordinates"": -3.28848212339, 55.9563706136}}"
378911,,Slight,1,1,07/06/2011,Tuesday,7,June,11,15,5,230,Unclassified,,Single carriageway - 2 lanes,30,Crossroads,Give way sign or markings,Unclassified,,Daylight: street lights present,Fine (without high winds),Dry,None,None,No overtaking,325690,672320,12220041,Junction,Pedestrian,354238,unset,EH91TP,No crossing facility within 50m or physical crossing facility not controlled by authorised person,No physical crossing facility within 50m,Elsewhere,55.9382221877,-3.18973011332,"{""type"": ""Feature"",""geometry"": {""type"": ""Point"",""coordinates"": -3.18973011332, 55.9382221877}}"
379511,,Slight,1,1,07/06/2011,Tuesday,7,June,11,21,45,230,A,71,Dual carriageway - 2 lanes,40,Not at or within 20 metres of junction,unset,\,,Daylight: street lights present,Fine (without high winds),Dry,None,Any animal in carriagway (except riden hors,No overtaking,320590,671040,549818,Segment,S.V.N.P.,354239,unset,EH113RQ,No crossing facility within 50m or physical crossing facility not controlled by authorised person,No physical crossing facility within 50m,At scene,55.9259078185,-3.27098455907,"{""type"": ""Feature"",""geometry"": {""type"": ""Point"",""coordinates"": -3.27098455907, 55.9259078185}}"
380911,,Slight,2,1,08/06/2011,Wednesday,8,June,11,6,0,230,A,772,Single carriageway - 2 lanes,30,Not at or within 20 metres of junction,unset,\,,Daylight: street lights present,Fine (without high winds),Dry,None,None,No overtaking,328840,669130,569375,Segment,Cyclist,354240,unset,EH177SA,No crossing facility within 50m or physical crossing facility not controlled by authorised person,No physical crossing facility within 50m,Elsewhere,55.9100395324,-3.1384684202,"{""type"": ""Feature"",""geometry"": {""type"": ""Point"",""coordinates"": -3.1384684202, 55.9100395324}}"
381211,,Serious,2,3,08/06/2011,Wednesday,8,June,11,10,50,230,Unclassified,,Single carriageway - 2 lanes,30,'T' or staggered junction,Give way sign or markings,Unclassified,,Daylight: street lights present,Fine (without high winds),Dry,None,None,No overtaking,318640,670910,12232045,Junction,Bus,354241,unset,EH114DW,No crossing facility within 50m or physical crossing facility not controlled by authorised person,No physical crossing facility within 50m,At scene,55.9244140715,-3.30214686576,"{""type"": ""Feature"",""geometry"": {""type"": ""Point"",""coordinates"": -3.30214686576, 55.9244140715}}"
383011,,Slight,2,2,08/06/2011,Wednesday,8,June,11,17,10,230,Unclassified,,One way Street,30,Other junction,Give way sign or markings,B,700,Daylight: street lights present,Fine (without high winds),Dry,None,None,No overtaking,324340,673220,521361,Junction,T.V.N.P.,354242,unset,EH38DZ,No crossing facility within 50m or physical crossing facility not controlled by authorised person,No physical crossing facility within 50m,Elsewhere,55.9460970706,-3.21159113131,"{""type"": ""Feature"",""geometry"": {""type"": ""Point"",""coordinates"": -3.21159113131, 55.9460970706}}"
383911,,Slight,1,1,08/06/2011,Wednesday,8,June,11,21,30,230,B,900,Single carriageway - 2 lanes,30,Other junction,Give way sign or markings,Unclassified,,Daylight: street lights present,Other,Dry,None,None,No overtaking,325870,675420,519849,Junction,Pedestrian,354243,unset,EH74LD,Control by school crossing patrol,Pedestrian phase at traffic signal junction,At scene,55.9661000254,-3.18770132676,"{""type"": ""Feature"",""geometry"": {""type"": ""Point"",""coordinates"": -3.18770132676, 55.9661000254}}"
384211,,Slight,1,1,09/06/2011,Thursday,9,June,11,8,0,230,Unclassified,,Single carriageway - 2 lanes,30,'T' or staggered junction,Give way sign or markings,Unclassified,,Daylight: street lights present,Fine (without high winds),Dry,None,None,No overtaking,325920,673020,0,Unset,Pedestrian,354244,unset,EH89JU,No crossing facility within 50m or physical crossing facility not controlled by authorised person,No physical crossing facility within 50m,At scene,55.9445464172,-3.18624083084,"{""type"": ""Feature"",""geometry"": {""type"": ""Point"",""coordinates"": -3.18624083084, 55.9445464172}}"
385211,,Slight,3,1,10/06/2011,Friday,10,June,11,10,10,230,C,,Single carriageway - 2 lanes,30,Not at or within 20 metres of junction,unset,\,,Daylight: no street lighting,Fine (without high winds),Dry,None,None,No overtaking,324920,674090,566753,Segment,M.V.N.P.,354245,unset,EH23NS,No crossing facility within 50m or physical crossing facility not controlled by authorised person,Pedestrian phase at traffic signal junction,Elsewhere,55.9540039651,-3.20254778604,"{""type"": ""Feature"",""geometry"": {""type"": ""Point"",""coordinates"": -3.20254778604, 55.9540039651}}"