acc_ref,beat_no,severity,no_vehicle,no_casualt,a_date,a_day,a_date_day,a_date_mon,a_date_yr,a_time_hr,a_time_min,loc_auth,road1_class,road1_no,road_type,speed_limi,junc_det,junc_ctrl,road2_class,road2_no,light_cond,weather,road_surf,spec_cond,cway_hzrds,ovrtk_patrn,easting,northing,net_id,net_type,acc_type,text_id,division,Postcode,ped_xing_hc,ped_xing_p,place_reported,latitude,longitude,geojson
385311,,Slight,3,1,02/06/2011,Thursday,2,June,11,11,20,230,C,,Single carriageway - 2 lanes,30,Crossroads,Automatic Traffic Signal,C,,Daylight: street lights present,Fine (without high winds),Dry,None,None,No overtaking,323670,672450,533383,Junction,M.V.N.P.,354246,unset,EH111EF,No crossing facility within 50m or physical crossing facility not controlled by authorised person,"Pelican, puffin, toucan or similar non-junction pedestrian light crossing",At scene,55.939073618,-3.22209965801,"{""type"": ""Feature"",""geometry"": {""type"": ""Point"",""coordinates"": -3.22209965801, 55.939073618}}"
385411,,Slight,1,1,09/06/2011,Thursday,9,June,11,19,37,230,A,71,Roundabout,50,Roundabout,Automatic Traffic Signal,A,720,Daylight: no street lighting,Fine (without high winds),Dry,None,None,No overtaking,318650,670360,2307030,Junction,S.V.N.P.,354247,unset,EH144AW,No crossing facility within 50m or physical crossing facility not controlled by authorised person,No physical crossing facility within 50m,At scene,55.9194748155,-3.30182122521,"{""type"": ""Feature"",""geometry"": {""type"": ""Point"",""coordinates"": -3.30182122521, 55.9194748155}}"
385511,,Slight,2,1,09/06/2011,Thursday,9,June,11,16,15,230,A,8,Single carriageway - 2 lanes,30,Crossroads,Automatic Traffic Signal,B,700,Daylight: street lights present,Fine (without high winds),Dry,None,None,No overtaking,324270,673250,521352,Junction,Cyclist,354248,unset,EH38DY,No crossing facility within 50m or physical crossing facility not controlled by authorised person,Central refuge - no other controls,Elsewhere,55.9463555606,-3.21272022674,"{""type"": ""Feature"",""geometry"": {""type"": ""Point"",""coordinates"": -3.21272022674, 55.9463555606}}"
385711,,Slight,1,1,10/06/2011,Friday,10,June,11,20,29,230,A,702,Single carriageway - 2 lanes,30,Not at or within 20 metres of junction,unset,\,,Daylight: street lights present,Fine (without high winds),Dry,None,None,No overtaking,324500,671970,548994,Segment,Pedestrian,354249,unset,EH104DH,No crossing facility within 50m or physical crossing facility not controlled by authorised person,No physical crossing facility within 50m,At scene,55.9348924395,-3.20867979752,"{""type"": ""Feature"",""geometry"": {""type"": ""Point"",""coordinates"": -3.20867979752, 55.9348924395}}"
386211,,Slight,2,2,09/06/2011,Thursday,9,June,11,22,20,230,Motorway,8,Roundabout,30,Roundabout,Automatic Traffic Signal,Motorway,8,Daylight: street lighting unknown,Fine (without high winds),Dry,None,None,No overtaking,318170,671020,6452838,Junction,T.V.N.P.,354250,unset,EH129BU,No crossing facility within 50m or physical crossing facility not controlled by authorised person,No physical crossing facility within 50m,At scene,55.925322532,-3.30970022668,"{""type"": ""Feature"",""geometry"": {""type"": ""Point"",""coordinates"": -3.30970022668, 55.925322532}}"
388411,,Slight,1,1,11/06/2011,Saturday,11,June,11,12,0,230,A,902,Single carriageway - 2 lanes,30,Not at or within 20 metres of junction,unset,\,,Daylight: no street lighting,Fine (without high winds),Dry,None,None,No overtaking,322150,674890,563694,Segment,S.V.N.P.,354251,unset,EH42SD,No crossing facility within 50m or physical crossing facility not controlled by authorised person,No physical crossing facility within 50m,At scene,55.9607500928,-3.2471340329,"{""type"": ""Feature"",""geometry"": {""type"": ""Point"",""coordinates"": -3.2471340329, 55.9607500928}}"
388911,,Serious,1,1,12/06/2011,Sunday,12,June,11,20,20,230,A,8,Single carriageway - 2 lanes,30,Not at or within 20 metres of junction,unset,\,,Daylight: no street lighting,Fine (without high winds),Dry,None,None,No overtaking,320970,672870,550713,Segment,Pedestrian,354252,unset,EH126TS,No crossing facility within 50m or physical crossing facility not controlled by authorised person,No physical crossing facility within 50m,At scene,55.9424104875,-3.26544002513,"{""type"": ""Feature"",""geometry"": {""type"": ""Point"",""coordinates"": -3.26544002513, 55.9424104875}}"
390211,,Slight,2,1,06/06/2011,Monday,6,June,11,12,40,230,A,70,Unknown,30,Multiple junction,Automatic Traffic Signal,C,,Daylight: street lights present,Fine (without high winds),Dry,None,None,No overtaking,323500,672480,521994,Junction,T.V.N.P.,354253,unset,EH112JQ,No crossing facility within 50m or physical crossing facility not controlled by authorised person,Pedestrian phase at traffic signal junction,At scene,55.9393161103,-3.22482929046,"{""type"": ""Feature"",""geometry"": {""type"": ""Point"",""coordinates"": -3.22482929046, 55.9393161103}}"
390311,,Serious,1,1,11/06/2011,Saturday,11,June,11,20,59,230,A,900,Single carriageway - 2 lanes,30,'T' or staggered junction,Give way sign or markings,Unclassified,,Daylight: street lights present,Other,Dry,None,None,No overtaking,326890,675770,519490,Junction,S.V.N.P.,354254,unset,EH65HB,No crossing facility within 50m or physical crossing facility not controlled by authorised person,No physical crossing facility within 50m,Elsewhere,55.9694007517,-3.17145789339,"{""type"": ""Feature"",""geometry"": {""type"": ""Point"",""coordinates"": -3.17145789339, 55.9694007517}}"
390811,,Slight,2,3,11/06/2011,Saturday,11,June,11,21,30,230,A,8,Single carriageway - 2 lanes,30,Crossroads,Automatic Traffic Signal,C,,Daylight: street lights present,Raining (without high winds),Dry,None,None,No overtaking,325360,673870,521052,Junction,T.V.N.P.,354255,unset,EH22ER,No crossing facility within 50m or physical crossing facility not controlled by authorised person,Pedestrian phase at traffic signal junction,At scene,55.9520960686,-3.19544117558,"{""type"": ""Feature"",""geometry"": {""type"": ""Point"",""coordinates"": -3.19544117558, 55.9520960686}}"
391411,,Slight,2,1,11/06/2011,Saturday,11,June,11,12,15,230,C,,Single carriageway - 2 lanes,30,Not at or within 20 metres of junction,unset,\,,Daylight: street lights present,Raining (without high winds),Dry,None,None,No overtaking,327780,675820,2106448,Segment,Cyclist,354256,unset,EH67LY,Control by other authorised person,Pedestrian phase at traffic signal junction,Elsewhere,55.9699846249,-3.15721392517,"{""type"": ""Feature"",""geometry"": {""type"": ""Point"",""coordinates"": -3.15721392517, 55.9699846249}}"
391911,,Slight,2,2,12/06/2011,Sunday,12,June,11,12,45,230,Unclassified,,Dual carriageway - 2 lanes,30,Not at or within 20 metres of junction,unset,\,,Daylight: street lights present,Fine (without high winds),Dry,None,None,No overtaking,320870,676210,557329,Segment,T.V.N.P.,354257,unset,EH45LA,No crossing facility within 50m or physical crossing facility not controlled by authorised person,No physical crossing facility within 50m,At scene,55.9723992922,-3.26802143515,"{""type"": ""Feature"",""geometry"": {""type"": ""Point"",""coordinates"": -3.26802143515, 55.9723992922}}"
392011,,Slight,1,1,12/06/2011,Sunday,12,June,11,15,5,230,Unclassified,,Single carriageway - 2 lanes,30,Not at or within 20 metres of junction,unset,\,,Daylight: street lights present,Fine (without high winds),Dry,None,None,No overtaking,326950,675000,10331469,Segment,Pedestrian,354258,unset,EH75LY,No crossing facility within 50m or physical crossing facility not controlled by authorised person,No physical crossing facility within 50m,Elsewhere,55.9624922634,-3.17028790702,"{""type"": ""Feature"",""geometry"": {""type"": ""Point"",""coordinates"": -3.17028790702, 55.9624922634}}"
392411,,Slight,1,1,12/06/2011,Sunday,12,June,11,16,55,230,Unclassified,,Single carriageway - 2 lanes,30,Not at or within 20 metres of junction,unset,\,,Daylight: street lights present,Fine (without high winds),Dry,None,None,No overtaking,326320,676890,0,Unset,Pedestrian,354259,unset,EH66NW,No crossing facility within 50m or physical crossing facility not controlled by authorised person,No physical crossing facility within 50m,At scene,55.9793755738,-3.18089547686,"{""type"": ""Feature"",""geometry"": {""type"": ""Point"",""coordinates"": -3.18089547686, 55.9793755738}}"
392611,,Slight,1,1,11/06/2011,Saturday,11,June,11,3,30,230,C,,Roundabout,30,Roundabout,Give way sign or markings,B,901,Darkness: street lights present but unlit,Fine (without high winds),Dry,None,None,No overtaking,325710,674660,520206,Junction,Pedestrian,354260,unset,EH36LY,Control by other authorised person,Pedestrian phase at traffic signal junction,Elsewhere,55.9592475672,-3.19005464324,"{""type"": ""Feature"",""geometry"": {""type"": ""Point"",""coordinates"": -3.19005464324, 55.9592475672}}"
392811,,Slight,2,1,06/06/2011,Monday,6,June,11,13,30,230,A,90,Single carriageway - 2 lanes,40,Multiple junction,Automatic Traffic Signal,Unclassified,,Daylight: street lights present,Fine (without high winds),Dry,None,None,No overtaking,321560,674910,520026,Junction,T.V.N.P.,354261,unset,EH42AJ,Control by other authorised person,Pedestrian phase at traffic signal junction,At scene,55.9608337858,-3.25658893371,"{""type"": ""Feature"",""geometry"": {""type"": ""Point"",""coordinates"": -3.25658893371, 55.9608337858}}"
392911,,Slight,2,1,01/06/2011,Wednesday,1,June,11,16,10,230,C,,Single carriageway - 2 lanes,30,Using private drive or entrance,Give way sign or markings,Unclassified,,Daylight: street lights present,Fine (without high winds),Dry,None,None,No overtaking,326120,673530,2106508,Segment,Cyclist,354262,unset,EH11NA,No crossing facility within 50m or physical crossing facility not controlled by authorised person,No physical crossing facility within 50m,Elsewhere,55.9491589934,-3.18317871647,"{""type"": ""Feature"",""geometry"": {""type"": ""Point"",""coordinates"": -3.18317871647, 55.9491589934}}"
394811,,Serious,2,1,01/06/2011,Wednesday,1,June,11,12,40,230,Unclassified,,Single carriageway - 2 lanes,30,Other junction,Give way sign or markings,Unclassified,,Daylight: street lights present,Fine (without high winds),Dry,None,None,No overtaking,324100,670160,530014,Junction,Cyclist,354263,unset,EH105SQ,Control by other authorised person,Pedestrian phase at traffic signal junction,At scene,55.9185687263,-3.2145730419,"{""type"": ""Feature"",""geometry"": {""type"": ""Point"",""coordinates"": -3.2145730419, 55.9185687263}}"
395311,,Slight,2,3,11/06/2011,Saturday,11,June,11,17,0,230,Unclassified,,Single carriageway - 2 lanes,30,Using private drive or entrance,Give way sign or markings,Unclassified,,Daylight: street lights present,Raining (without high winds),Dry,None,None,No overtaking,312580,674540,555141,Segment,T.V.N.P.,354264,unset,EH299BE,Control by other authorised person,Pedestrian phase at traffic signal junction,Elsewhere,55.9559597796,-3.40028039332,"{""type"": ""Feature"",""geometry"": {""type"": ""Point"",""coordinates"": -3.40028039332, 55.9559597796}}"
396211,,Slight,1,1,11/06/2011,Saturday,11,June,11,10,50,230,C,,Single carriageway - 2 lanes,30,Not at or within 20 metres of junction,unset,\,,Daylight: street lights present,Raining (without high winds),Dry,None,None,No overtaking,328930,671260,553654,Segment,S.V.N.P.,354265,unset,EH164SY,No crossing facility within 50m or physical crossing facility not controlled by authorised person,No physical crossing facility within 50m,At scene,55.9291889507,-3.13758919443,"{""type"": ""Feature"",""geometry"": {""type"": ""Point"",""coordinates"": -3.13758919443, 55.9291889507}}"
396811,,Slight,1,1,14/06/2011,Tuesday,14,June,11,11,15,230,A,720,Dual carriageway - 2 lanes,70,Not at or within 20 metres of junction,unset,\,,Daylight: no street lighting,Fine (without high winds),Dry,None,None,No overtaking,330010,667680,2579183,Segment,S.V.N.P.,354266,unset,EH181AT,No crossing facility within 50m or physical crossing facility not controlled by authorised person,No physical crossing facility within 50m,At scene,55.8971840553,-3.11937870141,"{""type"": ""Feature"",""geometry"": {""type"": ""Point"",""coordinates"": -3.11937870141, 55.8971840553}}"
397111,,Slight,1,1,14/06/2011,Tuesday,14,June,11,17,55,230,C,,Single carriageway - 2 lanes,30,'T' or staggered junction,Give way sign or markings,C,,Daylight: street lights present,Fine (without high winds),Dry,None,None,No overtaking,326490,671830,529456,Junction,Pedestrian,354267,unset,EH91SS,No crossing facility within 50m or physical crossing facility not controlled by authorised person,No physical crossing facility within 50m,Elsewhere,55.9339430419,-3.17679140879,"{""type"": ""Feature"",""geometry"": {""type"": ""Point"",""coordinates"": -3.17679140879, 55.9339430419}}"
397311,,Slight,2,1,14/06/2011,Tuesday,14,June,11,17,40,230,Unclassified,,Roundabout,30,Roundabout,Give way sign or markings,C,,Daylight: street lights present,Fine (without high winds),Dry,None,None,No overtaking,321370,671750,522165,Junction,Cyclist,354268,unset,EH113JY,No crossing facility within 50m or physical crossing facility not controlled by authorised person,Zebra crossing,Elsewhere,55.9324143752,-3.25871056413,"{""type"": ""Feature"",""geometry"": {""type"": ""Point"",""coordinates"": -3.25871056413, 55.9324143752}}"
398511,,Slight,1,1,15/06/2011,Wednesday,15,June,11,6,0,230,Unclassified,,One way Street,40,Not at or within 20 metres of junction,unset,\,,Daylight: no street lighting,Fine (without high winds),Dry,None,None,No overtaking,323750,672560,559293,Segment,S.V.N.P.,354269,unset,EH112EF,No crossing facility within 50m or physical crossing facility not controlled by authorised person,No physical crossing facility within 50m,At scene,55.9400745305,-3.22085021203,"{""type"": ""Feature"",""geometry"": {""type"": ""Point"",""coordinates"": -3.22085021203, 55.9400745305}}"
400211,,Slight,2,2,16/06/2011,Thursday,16,June,11,17,10,230,Unclassified,,Single carriageway - 2 lanes,30,'T' or staggered junction,Give way sign or markings,Unclassified,,Daylight: street lights present,Fine (without high winds),Dry,None,None,No overtaking,324730,673950,520983,Junction,T.V.N.P.,354270,unset,EH24HQ,No crossing facility within 50m or physical crossing facility not controlled by authorised person,No physical crossing facility within 50m,Elsewhere,55.9527165029,-3.20555114803,"{""type"": ""Feature"",""geometry"": {""type"": ""Point"",""coordinates"": -3.20555114803, 55.9527165029}}"
401711,,Slight,2,1,03/06/2011,Friday,3,June,11,16,15,230,Unclassified,,Single carriageway - 2 lanes,30,Using private drive or entrance,Give way sign or markings,Unclassified,,Daylight: no street lighting,Fine (without high winds),Dry,None,None,No overtaking,329860,674390,523452,Junction,Cyclist,354271,unset,EH76TJ,No crossing facility within 50m or physical crossing facility not controlled by authorised person,No physical crossing facility within 50m,At scene,55.9574457259,-3.12352014892,"{""type"": ""Feature"",""geometry"": {""type"": ""Point"",""coordinates"": -3.12352014892, 55.9574457259}}"
404211,,Serious,2,1,17/06/2011,Friday,17,June,11,20,24,230,B,901,Single carriageway - 2 lanes,30,Not at or within 20 metres of junction,unset,\,,Daylight: street lights present,Fine (without high winds),Dry,None,None,No overtaking,325840,674530,566897,Segment,Cyclist,354272,unset,EH13SB,No crossing facility within 50m or physical crossing facility not controlled by authorised person,No physical crossing facility within 50m,At scene,55.9580997497,-3.18793689741,"{""type"": ""Feature"",""geometry"": {""type"": ""Point"",""coordinates"": -3.18793689741, 55.9580997497}}"
404411,,Slight,2,1,15/06/2011,Wednesday,15,June,11,8,0,230,C,,Single carriageway - 2 lanes,30,Other junction,Give way sign or markings,Unclassified,,Daylight: street lights present,Fine (without high winds),Dry,None,None,No overtaking,327050,675350,519903,Junction,Cyclist,354273,unset,EH68LQ,No crossing facility within 50m or physical crossing facility not controlled by authorised person,No physical crossing facility within 50m,At scene,55.9656518365,-3.16878102176,"{""type"": ""Feature"",""geometry"": {""type"": ""Point"",""coordinates"": -3.16878102176, 55.9656518365}}"
404511,,Slight,2,1,17/06/2011,Friday,17,June,11,9,15,230,A,1140,Single carriageway - 2 lanes,30,'T' or staggered junction,Give way sign or markings,Unclassified,,Daylight: street lights present,Fine (without high winds),Dry,None,None,No overtaking,329030,674250,523440,Junction,Cyclist,354274,unset,EH76PX,No crossing facility within 50m or physical crossing facility not controlled by authorised person,No physical crossing facility within 50m,Elsewhere,55.9560660659,-3.13677550672,"{""type"": ""Feature"",""geometry"": {""type"": ""Point"",""coordinates"": -3.13677550672, 55.9560660659}}"
405011,,Slight,1,1,16/06/2011,Thursday,16,June,11,9,0,230,Unclassified,,Single carriageway - 2 lanes,30,'T' or staggered junction,Give way sign or markings,B,901,Daylight: street lights present,Fine (without high winds),Dry,None,None,No overtaking,325450,674990,520191,Junction,Pedestrian,354275,unset,EH74EA,No crossing facility within 50m or physical crossing facility not controlled by authorised person,No physical crossing facility within 50m,Elsewhere,55.9621719603,-3.19430987913,"{""type"": ""Feature"",""geometry"": {""type"": ""Point"",""coordinates"": -3.19430987913, 55.9621719603}}"
407011,,Slight,2,1,17/06/2011,Friday,17,June,11,17,15,230,A,71,Single carriageway - 2 lanes,30,Not at or within 20 metres of junction,unset,\,,Daylight: street lights present,Raining (without high winds),Dry,None,None,No overtaking,322730,672210,549716,Segment,Cyclist,354276,unset,EH112QU,Control by other authorised person,Pedestrian phase at traffic signal junction,Elsewhere,55.9367673563,-3.23707710703,"{""type"": ""Feature"",""geometry"": {""type"": ""Point"",""coordinates"": -3.23707710703, 55.9367673563}}"
407211,,Slight,1,1,18/06/2011,Saturday,18,June,11,16,10,230,A,8,Single carriageway - 2 lanes,30,Not at or within 20 metres of junction,unset,\,,Daylight: street lights present,Raining (without high winds),Dry,None,None,No overtaking,323910,673220,550607,Segment,Bus,354277,unset,EH125JZ,Control by other authorised person,Pedestrian phase at traffic signal junction,Elsewhere,55.9460291882,-3.21847524526,"{""type"": ""Feature"",""geometry"": {""type"": ""Point"",""coordinates"": -3.21847524526, 55.9460291882}}"
407411,,Slight,1,1,19/06/2011,Sunday,19,June,11,22,10,230,Unclassified,,Single carriageway - 2 lanes,40,Not at or within 20 metres of junction,unset,\,,Daylight: street lights present,Fine (without high winds),Dry,None,None,No overtaking,330070,673780,529624,Junction,S.V.N.P.,354278,unset,EH151LU,Control by other authorised person,Pedestrian phase at traffic signal junction,At scene,55.9519960411,-3.11999878992,"{""type"": ""Feature"",""geometry"": {""type"": ""Point"",""coordinates"": -3.11999878992, 55.9519960411}}"
407511,,Slight,1,1,19/06/2011,Sunday,19,June,11,5,40,230,A,702,Single carriageway - 2 lanes,40,'T' or staggered junction,Give way sign or markings,A,702,Daylight: no street lighting,Fine (without high winds),Dry,None,None,No overtaking,324450,669140,532984,Junction,S.V.N.P.,354279,unset,EH106HG,No crossing facility within 50m or physical crossing facility not controlled by authorised person,No physical crossing facility within 50m,At scene,55.9094602641,-3.20868850514,"{""type"": ""Feature"",""geometry"": {""type"": ""Point"",""coordinates"": -3.20868850514, 55.9094602641}}"
407611,,Fatal,2,2,19/06/2011,Sunday,19,June,11,1,10,230,A,720,Dual carriageway - 2 lanes,70,Not at or within 20 metres of junction,unset,\,,Darkness: no street lighting,Raining (without high winds),Dry,None,None,No overtaking,330980,667900,2579296,Segment,T.V.N.P.,354280,unset,EH181AS,No crossing facility within 50m or physical crossing facility not controlled by authorised person,No physical crossing facility within 50m,At scene,55.899300605,-3.10392448446,"{""type"": ""Feature"",""geometry"": {""type"": ""Point"",""coordinates"": -3.10392448446, 55.899300605}}"
408511,,Slight,1,1,20/06/2011,Monday,20,June,11,10,0,230,Unclassified,,Single carriageway - 2 lanes,30,Not at or within 20 metres of junction,unset,\,,Daylight: no street lighting,Fine (without high winds),Dry,None,None,No overtaking,324410,669580,0,Unset,Pedestrian,354281,unset,EH106HL,No crossing facility within 50m or physical crossing facility not controlled by authorised person,No physical crossing facility within 50m,Elsewhere,55.913406888,-3.20945133395,"{""type"": ""Feature"",""geometry"": {""type"": ""Point"",""coordinates"": -3.20945133395, 55.913406888}}"
408611,,Slight,2,2,20/06/2011,Monday,20,June,11,8,15,230,B,701,Single carriageway - 2 lanes,30,Not at or within 20 metres of junction,unset,\,,Daylight: street lights present,Fine (without high winds),Dry,None,None,No overtaking,329280,668710,2105876,Segment,T.V.N.P.,354282,unset,EH178RQ,No crossing facility within 50m or physical crossing facility not controlled by authorised person,No physical crossing facility within 50m,\3,55.9063310547,-3.13132066833,"{""type"": ""Feature"",""geometry"": {""type"": ""Point"",""coordinates"": -3.13132066833, 55.9063310547}}"
410511,,Serious,2,1,21/06/2011,Tuesday,21,June,11,7,35,230,Unclassified,,Single carriageway - 2 lanes,30,'T' or staggered junction,Give way sign or markings,A,702,Daylight: street lights present,Other,Dry,None,None,No overtaking,324760,672290,522042,Junction,Cyclist,354283,unset,EH104EX,No crossing facility within 50m or physical crossing facility not controlled by authorised person,No physical crossing facility within 50m,At scene,55.9378080277,-3.20460770856,"{""type"": ""Feature"",""geometry"": {""type"": ""Point"",""coordinates"": -3.20460770856, 55.9378080277}}"
413711,,Serious,2,1,19/06/2011,Sunday,19,June,11,17,55,230,A,1,Single carriageway - 2 lanes,30,'T' or staggered junction,Give way sign or markings,Unclassified,,Daylight: street lights present,Fine (without high winds),Dry,None,None,No overtaking,328260,674150,523383,Junction,Bus,354284,unset,EH87AD,No crossing facility within 50m or physical crossing facility not controlled by authorised person,No physical crossing facility within 50m,Elsewhere,55.9550533067,-3.14907973807,"{""type"": ""Feature"",""geometry"": {""type"": ""Point"",""coordinates"": -3.14907973807, 55.9550533067}}"
414011,,Slight,2,1,21/06/2011,Tuesday,21,June,11,12,45,230,A,7,Single carriageway - 2 lanes,30,'T' or staggered junction,Give way sign or markings,Unclassified,,Daylight: street lights present,Raining (without high winds),Dry,None,None,No overtaking,326380,672510,532687,Junction,T.V.N.P.,354286,unset,EH89PS,No crossing facility within 50m or physical crossing facility not controlled by authorised person,Pedestrian phase at traffic signal junction,At scene,55.9400352901,-3.17873744442,"{""type"": ""Feature"",""geometry"": {""type"": ""Point"",""coordinates"": -3.17873744442, 55.9400352901}}"
414111,,Slight,2,1,21/06/2011,Tuesday,21,June,11,16,49,230,A,701,Single carriageway - 2 lanes,30,Crossroads,Stop sign,Unclassified,,Daylight: street lights present,Raining (without high winds),Dry,None,None,No overtaking,327280,669650,530143,Junction,Cyclist,354287,unset,EH166JY,No crossing facility within 50m or physical crossing facility not controlled by authorised person,No physical crossing facility within 50m,At scene,55.9144780389,-3.16356059567,"{""type"": ""Feature"",""geometry"": {""type"": ""Point"",""coordinates"": -3.16356059567, 55.9144780389}}"
414411,,Slight,1,1,21/06/2011,Tuesday,21,June,11,15,45,230,A,1,Single carriageway - 2 lanes,30,Crossroads,Automatic Traffic Signal,C,,Daylight: street lights present,Raining (without high winds),Dry,None,None,No overtaking,329210,673070,523614,Junction,Pedestrian,354288,unset,EH151SR,Control by other authorised person,"Pelican, puffin, toucan or similar non-junction pedestrian light crossing",At scene,55.9454914315,-3.13358314754,"{""type"": ""Feature"",""geometry"": {""type"": ""Point"",""coordinates"": -3.13358314754, 55.9454914315}}"
414611,,Slight,2,1,21/06/2011,Tuesday,21,June,11,19,0,230,Unclassified,,Single carriageway - 2 lanes,30,Other junction,Stop sign,Unclassified,,Daylight: street lights present,Raining (without high winds),Dry,None,None,No overtaking,326050,673010,521571,Junction,Cyclist,354289,unset,EH89DD,No crossing facility within 50m or physical crossing facility not controlled by authorised person,No physical crossing facility within 50m,At scene,55.9444765965,-3.18415690356,"{""type"": ""Feature"",""geometry"": {""type"": ""Point"",""coordinates"": -3.18415690356, 55.9444765965}}"
414811,,Slight,2,1,22/06/2011,Wednesday,22,June,11,9,15,230,A,90,Single carriageway - 2 lanes,30,'T' or staggered junction,Give way sign or markings,C,,Daylight: street lights present,Raining (without high winds),Dry,None,None,No overtaking,324110,674250,520476,Junction,Cyclist,354290,unset,EH43AD,No crossing facility within 50m or physical crossing facility not controlled by authorised person,No physical crossing facility within 50m,Elsewhere,55.9553141197,-3.21556324253,"{""type"": ""Feature"",""geometry"": {""type"": ""Point"",""coordinates"": -3.21556324253, 55.9553141197}}"
415111,,Slight,2,1,23/06/2011,Thursday,23,June,11,7,45,230,B,900,Single carriageway - 2 lanes,30,Not at or within 20 metres of junction,unset,\,,Daylight: street lights present,Fine (without high winds),Dry,None,None,No overtaking,324940,674780,554216,Segment,Cyclist,354291,unset,EH35DL,No crossing facility within 50m or physical crossing facility not controlled by authorised person,No physical crossing facility within 50m,Elsewhere,55.960205933,-3.2024196915,"{""type"": ""Feature"",""geometry"": {""type"": ""Point"",""coordinates"": -3.2024196915, 55.960205933}}"
415211,,Slight,2,1,22/06/2011,Wednesday,22,June,11,21,40,230,C,,Single carriageway - 2 lanes,30,'T' or staggered junction,Automatic Traffic Signal,A,701,Daylight: street lights present,Raining (without high winds),Dry,None,None,No overtaking,327120,670290,530098,Junction,Cyclist,354292,unset,EH166AA,No crossing facility within 50m or physical crossing facility not controlled by authorised person,No physical crossing facility within 50m,Elsewhere,55.9202035962,-3.16629271684,"{""type"": ""Feature"",""geometry"": {""type"": ""Point"",""coordinates"": -3.16629271684, 55.9202035962}}"
415311,,Serious,1,1,23/06/2011,Thursday,23,June,11,9,50,230,Unclassified,,Single carriageway - 2 lanes,30,Not at or within 20 metres of junction,unset,\,,Daylight: no street lighting,Fine (without high winds),Dry,None,None,No overtaking,327010,675880,557488,Segment,Pedestrian,354293,unset,EH68HQ,Control by other authorised person,Central refuge - no other controls,At scene,55.9704072374,-3.16956537175,"{""type"": ""Feature"",""geometry"": {""type"": ""Point"",""coordinates"": -3.16956537175, 55.9704072374}}"
418411,,Slight,2,1,21/06/2011,Tuesday,21,June,11,20,55,230,Unclassified,,Single carriageway - 2 lanes,30,Not at or within 20 metres of junction,unset,\,,Darkness: street lights present and lit,Raining (without high winds),Dry,None,None,No overtaking,321970,677110,12226742,Segment,T.V.N.P.,354294,unset,EH51QR,No crossing facility within 50m or physical crossing facility not controlled by authorised person,No physical crossing facility within 50m,At scene,55.9806645893,-3.25066009003,"{""type"": ""Feature"",""geometry"": {""type"": ""Point"",""coordinates"": -3.25066009003, 55.9806645893}}"
418811,,Slight,2,1,20/06/2011,Monday,20,June,11,13,55,230,C,,Single carriageway - 2 lanes,30,Not at or within 20 metres of junction,unset,\,,Daylight: street lights present,Fine (without high winds),Dry,None,None,No overtaking,320960,670980,530914,Junction,Cyclist,354295,unset,EH142AP,No crossing facility within 50m or physical crossing facility not controlled by authorised person,No physical crossing facility within 50m,At scene,55.9254297419,-3.26504664697,"{""type"": ""Feature"",""geometry"": {""type"": ""Point"",""coordinates"": -3.26504664697, 55.9254297419}}"
418911,,Slight,2,2,24/06/2011,Friday,24,June,11,9,0,230,Motorway,9,Dual carriageway - 2 lanes,50,Not at or within 20 metres of junction,unset,\,,Daylight: no street lighting,Fine (without high winds),Dry,None,None,No overtaking,312580,672330,6452176,Segment,T.V.N.P.,354296,unset,EH288PJ,No crossing facility within 50m or physical crossing facility not controlled by authorised person,No physical crossing facility within 50m,At scene,55.9361070345,-3.39956407603,"{""type"": ""Feature"",""geometry"": {""type"": ""Point"",""coordinates"": -3.39956407603, 55.9361070345}}"
424011,,Fatal,2,1,26/06/2011,Sunday,26,June,11,13,15,230,Unclassified,,Single carriageway - 2 lanes,60,Not at or within 20 metres of junction,unset,\,,Daylight: no street lighting,Fine (without high winds),Dry,None,None,No overtaking,313740,675360,0,Unset,T.V.N.P.,354297,unset,EH299EH,No crossing facility within 50m or physical crossing facility not controlled by authorised person,No physical crossing facility within 50m,At scene,55.9635356607,-3.38196829204,"{""type"": ""Feature"",""geometry"": {""type"": ""Point"",""coordinates"": -3.38196829204, 55.9635356607}}"
425011,,Slight,3,2,24/06/2011,Friday,24,June,11,13,5,230,Unclassified,,Single carriageway - 2 lanes,30,'T' or staggered junction,Give way sign or markings,Unclassified,,Daylight: no street lighting,Fine (without high winds),Dry,None,None,No overtaking,325510,676200,519250,Junction,M.V.N.P.,354298,unset,EH64SS,No crossing facility within 50m or physical crossing facility not controlled by authorised person,"Pelican, puffin, toucan or similar non-junction pedestrian light crossing",At scene,55.97305172,-3.19368354551,"{""type"": ""Feature"",""geometry"": {""type"": ""Point"",""coordinates"": -3.19368354551, 55.97305172}}"