acc_ref,beat_no,severity,no_vehicle,no_casualt,a_date,a_day,a_date_day,a_date_mon,a_date_yr,a_time_hr,a_time_min,loc_auth,road1_class,road1_no,road_type,speed_limi,junc_det,junc_ctrl,road2_class,road2_no,light_cond,weather,road_surf,spec_cond,cway_hzrds,ovrtk_patrn,easting,northing,net_id,net_type,acc_type,text_id,division,Postcode,ped_xing_hc,ped_xing_p,place_reported,latitude,longitude,geojson
425511,,Slight,2,1,24/06/2011,Friday,24,June,11,19,0,230,A,720,Roundabout,60,Roundabout,Automatic Traffic Signal,A,7,Daylight: no street lighting,Fine (without high winds),Dry,None,None,No overtaking,331760,667960,2318947,Junction,T.V.N.P.,354299,unset,EH221RT,No crossing facility within 50m or physical crossing facility not controlled by authorised person,No physical crossing facility within 50m,At scene,55.8999508453,-3.09146665004,"{""type"": ""Feature"",""geometry"": {""type"": ""Point"",""coordinates"": -3.09146665004, 55.8999508453}}"
426211,,Slight,1,1,24/06/2011,Friday,24,June,11,18,0,230,Unclassified,,Single carriageway - 2 lanes,30,Not at or within 20 metres of junction,unset,\,,Daylight: street lights present,Fine (without high winds),Dry,None,None,No overtaking,320490,670440,0,Unset,Cyclist,354300,unset,EH142NY,No crossing facility within 50m or physical crossing facility not controlled by authorised person,No physical crossing facility within 50m,Elsewhere,55.9205011131,-3.27240802513,"{""type"": ""Feature"",""geometry"": {""type"": ""Point"",""coordinates"": -3.27240802513, 55.9205011131}}"
426511,,Slight,1,1,26/06/2011,Sunday,26,June,11,14,59,230,A,902,Single carriageway - 2 lanes,30,Not at or within 20 metres of junction,unset,\,,Darkness: street lights present but unlit,Fine (without high winds),Dry,None,None,No overtaking,322900,675690,563670,Segment,Pedestrian,354301,unset,EH42PW,Control by other authorised person,"Pelican, puffin, toucan or similar non-junction pedestrian light crossing",At scene,55.9680580236,-3.23535136967,"{""type"": ""Feature"",""geometry"": {""type"": ""Point"",""coordinates"": -3.23535136967, 55.9680580236}}"
427711,,Slight,1,1,24/06/2011,Friday,24,June,11,23,45,230,A,8,Single carriageway - 2 lanes,30,'T' or staggered junction,Give way sign or markings,Unclassified,,Darkness: street lights present and lit,Fine (without high winds),Dry,None,None,No overtaking,320040,672920,521721,Junction,Bus,354302,unset,EH127SD,No crossing facility within 50m or physical crossing facility not controlled by authorised person,No physical crossing facility within 50m,Elsewhere,55.9427058688,-3.28034198552,"{""type"": ""Feature"",""geometry"": {""type"": ""Point"",""coordinates"": -3.28034198552, 55.9427058688}}"
427811,,Slight,2,1,22/06/2011,Wednesday,22,June,11,19,0,230,Unclassified,,Single carriageway - 2 lanes,30,Crossroads,Automatic Traffic Signal,C,,Daylight: street lights present,Unknown,Dry,None,None,No overtaking,325090,673210,521478,Junction,Cyclist,354303,unset,EH39DN,No crossing facility within 50m or physical crossing facility not controlled by authorised person,No physical crossing facility within 50m,Elsewhere,55.9461247116,-3.19958110778,"{""type"": ""Feature"",""geometry"": {""type"": ""Point"",""coordinates"": -3.19958110778, 55.9461247116}}"
427911,,Slight,1,1,27/06/2011,Monday,27,June,11,15,59,230,Unclassified,,One way Street,30,Not at or within 20 metres of junction,unset,\,,Daylight: no street lighting,Raining (without high winds),Dry,None,None,No overtaking,324450,672900,559553,Segment,Pedestrian,354304,unset,EH38AP,No crossing facility within 50m or physical crossing facility not controlled by authorised person,No physical crossing facility within 50m,At scene,55.9432395505,-3.20974044355,"{""type"": ""Feature"",""geometry"": {""type"": ""Point"",""coordinates"": -3.20974044355, 55.9432395505}}"
428511,,Slight,4,2,24/06/2011,Friday,24,June,11,18,40,230,A,90,Single carriageway - 2 lanes,30,Crossroads,Automatic Traffic Signal,C,,Daylight: street lights present,Fine (without high winds),Dry,None,None,No overtaking,323810,674230,520464,Junction,M.V.N.P.,354305,unset,EH43DJ,Control by other authorised person,"Pelican, puffin, toucan or similar non-junction pedestrian light crossing",At scene,55.955086965,-3.22036159673,"{""type"": ""Feature"",""geometry"": {""type"": ""Point"",""coordinates"": -3.22036159673, 55.955086965}}"
428911,,Slight,1,1,28/06/2011,Tuesday,28,June,11,17,25,230,C,,Single carriageway - 2 lanes,30,Not at or within 20 metres of junction,unset,\,,Daylight: street lights present,Fine (without high winds),Dry,None,Other object in carriageway,No overtaking,325630,673540,567096,Segment,S.V.N.P.,354306,unset,EH11RN,Control by other authorised person,Pedestrian phase at traffic signal junction,At scene,55.9491732531,-3.19102686094,"{""type"": ""Feature"",""geometry"": {""type"": ""Point"",""coordinates"": -3.19102686094, 55.9491732531}}"
434511,,Serious,1,1,29/06/2011,Wednesday,29,June,11,21,55,230,A,7,Single carriageway - 2 lanes,30,Not at or within 20 metres of junction,unset,\,,Daylight: street lights present,Fine (without high winds),Dry,None,None,No overtaking,325930,673700,569273,Segment,Bus,354307,unset,EH11SB,No crossing facility within 50m or physical crossing facility not controlled by authorised person,No physical crossing facility within 50m,\3,55.9506570084,-3.18626750854,"{""type"": ""Feature"",""geometry"": {""type"": ""Point"",""coordinates"": -3.18626750854, 55.9506570084}}"
435611,,Slight,1,1,29/06/2011,Wednesday,29,June,11,12,30,230,Unclassified,,Single carriageway - 2 lanes,30,Other junction,Give way sign or markings,Unclassified,,Daylight: street lights present,Fine (without high winds),Dry,None,None,No overtaking,324530,671160,530416,Junction,Bus,354308,unset,EH104QU,Control by other authorised person,"Pelican, puffin, toucan or similar non-junction pedestrian light crossing",At scene,55.9276202313,-3.20797320275,"{""type"": ""Feature"",""geometry"": {""type"": ""Point"",""coordinates"": -3.20797320275, 55.9276202313}}"
435811,,Slight,3,4,29/06/2011,Wednesday,29,June,11,10,50,230,Unclassified,,Single carriageway - 2 lanes,30,'T' or staggered junction,Give way sign or markings,Unclassified,,Daylight: street lights present,Fine (without high winds),Dry,None,None,No overtaking,324090,673490,521313,Junction,M.V.N.P.,354309,unset,EH125AW,No crossing facility within 50m or physical crossing facility not controlled by authorised person,No physical crossing facility within 50m,At scene,55.9484832771,-3.21566952537,"{""type"": ""Feature"",""geometry"": {""type"": ""Point"",""coordinates"": -3.21566952537, 55.9484832771}}"
436011,,Slight,1,1,29/06/2011,Wednesday,29,June,11,9,55,230,B,900,Single carriageway - 2 lanes,30,'T' or staggered junction,Give way sign or markings,Unclassified,,Daylight: street lights present,Fine (without high winds),Dry,None,None,No overtaking,324370,674680,520104,Junction,Bus,354310,unset,EH41JF,Control by other authorised person,"Pelican, puffin, toucan or similar non-junction pedestrian light crossing",At scene,55.9592181509,-3.21152042284,"{""type"": ""Feature"",""geometry"": {""type"": ""Point"",""coordinates"": -3.21152042284, 55.9592181509}}"
436611,,Slight,1,1,29/06/2011,Wednesday,29,June,11,17,55,230,A,90,Single carriageway - 2 lanes,30,Not at or within 20 metres of junction,unset,\,,Daylight: street lights present,Fine (without high winds),Dry,None,None,No overtaking,323870,674230,520461,Junction,Bus,354311,unset,EH43AP,No crossing facility within 50m or physical crossing facility not controlled by authorised person,No physical crossing facility within 50m,At scene,55.9550964757,-3.21940080087,"{""type"": ""Feature"",""geometry"": {""type"": ""Point"",""coordinates"": -3.21940080087, 55.9550964757}}"
436711,,Slight,2,1,29/06/2011,Wednesday,29,June,11,20,5,230,Unclassified,,Single carriageway - 2 lanes,60,Other junction,Give way sign or markings,Unclassified,,Daylight: no street lighting,Fine (without high winds),Dry,None,None,No overtaking,316850,676100,0,Unset,Cyclist,354312,unset,EH309TJ,No crossing facility within 50m or physical crossing facility not controlled by authorised person,No physical crossing facility within 50m,At scene,55.9707318082,-3.3323869763,"{""type"": ""Feature"",""geometry"": {""type"": ""Point"",""coordinates"": -3.3323869763, 55.9707318082}}"
436811,,Slight,2,1,29/06/2011,Wednesday,29,June,11,18,20,230,B,901,Single carriageway - 2 lanes,30,Other junction,Give way sign or markings,Unclassified,,Daylight: street lights present,Fine (without high winds),Dry,None,None,No overtaking,325880,674480,520608,Junction,Cyclist,354313,unset,EH13RH,No crossing facility within 50m or physical crossing facility not controlled by authorised person,No physical crossing facility within 50m,Elsewhere,55.9576567288,-3.18728255831,"{""type"": ""Feature"",""geometry"": {""type"": ""Point"",""coordinates"": -3.18728255831, 55.9576567288}}"
437711,,Slight,2,1,30/06/2011,Thursday,30,June,11,8,25,230,Unclassified,,Single carriageway - 2 lanes,30,Mini-roundabout,Give way sign or markings,Unclassified,,Daylight: street lights present,Fine (without high winds),Dry,None,None,No overtaking,323310,676530,522858,Junction,T.V.N.P.,354314,unset,EH52HQ,No crossing facility within 50m or physical crossing facility not controlled by authorised person,No physical crossing facility within 50m,At scene,55.975669998,-3.22902300273,"{""type"": ""Feature"",""geometry"": {""type"": ""Point"",""coordinates"": -3.22902300273, 55.975669998}}"
438111,,Slight,2,1,22/06/2011,Wednesday,22,June,11,9,55,230,Unclassified,,Single carriageway - 2 lanes,30,Other junction,Give way sign or markings,B,901,Daylight: street lights present,Raining (without high winds),Dry,None,None,No overtaking,325700,674760,520215,Junction,Cyclist,354315,unset,EH74BS,No crossing facility within 50m or physical crossing facility not controlled by authorised person,No physical crossing facility within 50m,At scene,55.9601444073,-3.19024236718,"{""type"": ""Feature"",""geometry"": {""type"": ""Point"",""coordinates"": -3.19024236718, 55.9601444073}}"
438211,,Slight,2,1,30/06/2011,Thursday,30,June,11,8,35,230,A,701,Single carriageway - 2 lanes,30,'T' or staggered junction,Give way sign or markings,Unclassified,,Daylight: street lights present,Fine (without high winds),Dry,None,None,No overtaking,327130,669840,530149,Junction,T.V.N.P.,354316,unset,EH166AF,No crossing facility within 50m or physical crossing facility not controlled by authorised person,No physical crossing facility within 50m,Elsewhere,55.9161623087,-3.16601135639,"{""type"": ""Feature"",""geometry"": {""type"": ""Point"",""coordinates"": -3.16601135639, 55.9161623087}}"
439111,,Slight,1,1,24/06/2011,Friday,24,June,11,10,25,230,A,71,Single carriageway - 2 lanes,30,'T' or staggered junction,Give way sign or markings,Unclassified,,Daylight: street lights present,Fine (without high winds),Dry,None,None,No overtaking,323200,672370,522000,Junction,Pedestrian,354317,unset,EH111TE,No crossing facility within 50m or physical crossing facility not controlled by authorised person,No physical crossing facility within 50m,At scene,55.9382800645,-3.2295999925,"{""type"": ""Feature"",""geometry"": {""type"": ""Point"",""coordinates"": -3.2295999925, 55.9382800645}}"
440011,,Slight,3,3,01/07/2011,Friday,1,July,11,8,40,230,A,8,Dual carriageway - 2 lanes,40,Not at or within 20 metres of junction,unset,\,,Daylight: street lights present,Fine (without high winds),Dry,None,None,No overtaking,317190,672540,550821,Segment,M.V.N.P.,362381,unset,EH129BQ,No crossing facility within 50m or physical crossing facility not controlled by authorised person,No physical crossing facility within 50m,At scene,55.9388096434,-3.3258468466,"{""type"": ""Feature"",""geometry"": {""type"": ""Point"",""coordinates"": -3.3258468466, 55.9388096434}}"
440111,,Serious,1,1,03/07/2011,Sunday,3,July,11,1,40,230,C,,Single carriageway - 2 lanes,30,Not at or within 20 metres of junction,unset,\,,Darkness: street lights present but unlit,Fine (without high winds),Dry,None,None,No overtaking,325860,674360,566780,Segment,Pedestrian,362382,unset,EH13JG,No crossing facility within 50m or physical crossing facility not controlled by authorised person,No physical crossing facility within 50m,At scene,55.9565755773,-3.18756983834,"{""type"": ""Feature"",""geometry"": {""type"": ""Point"",""coordinates"": -3.18756983834, 55.9565755773}}"
441311,,Slight,2,1,01/07/2011,Friday,1,July,11,18,48,230,C,,Single carriageway - 2 lanes,30,Crossroads,Give way sign or markings,Unclassified,,Daylight: street lights present,Fine (without high winds),Dry,None,None,No overtaking,327050,675350,519903,Junction,Cyclist,362383,unset,EH68LQ,Control by other authorised person,Pedestrian phase at traffic signal junction,At scene,55.9656518365,-3.16878102176,"{""type"": ""Feature"",""geometry"": {""type"": ""Point"",""coordinates"": -3.16878102176, 55.9656518365}}"
441811,,Slight,2,1,28/06/2011,Tuesday,28,June,11,17,0,230,Unclassified,,Single carriageway - 2 lanes,30,'T' or staggered junction,Give way sign or markings,Unclassified,,Daylight: street lights present,Fine (without high winds),Dry,None,None,No overtaking,319860,670310,0,Unset,Cyclist,354318,unset,EH114QF,No crossing facility within 50m or physical crossing facility not controlled by authorised person,No physical crossing facility within 50m,At scene,55.9192287109,-3.28244859799,"{""type"": ""Feature"",""geometry"": {""type"": ""Point"",""coordinates"": -3.28244859799, 55.9192287109}}"
442011,,Slight,1,1,02/07/2011,Saturday,2,July,11,11,15,230,Unclassified,,Single carriageway - 2 lanes,30,Not at or within 20 metres of junction,unset,\,,Daylight: street lights present,Fine (without high winds),Dry,None,None,No overtaking,326480,673580,0,Unset,Pedestrian,362384,unset,EH89UG,No crossing facility within 50m or physical crossing facility not controlled by authorised person,No physical crossing facility within 50m,At scene,55.9496633989,-3.17742836782,"{""type"": ""Feature"",""geometry"": {""type"": ""Point"",""coordinates"": -3.17742836782, 55.9496633989}}"
442411,,Slight,2,1,02/07/2011,Saturday,2,July,11,11,15,230,Unclassified,,Single carriageway - 2 lanes,30,Other junction,Automatic Traffic Signal,A,903,Daylight: street lights present,Fine (without high winds),Dry,None,None,No overtaking,324290,675970,519415,Junction,T.V.N.P.,362385,unset,EH53QH,No crossing facility within 50m or physical crossing facility not controlled by authorised person,Pedestrian phase at traffic signal junction,At scene,55.9707946306,-3.21316417869,"{""type"": ""Feature"",""geometry"": {""type"": ""Point"",""coordinates"": -3.21316417869, 55.9707946306}}"
444011,,Slight,2,1,03/07/2011,Sunday,3,July,11,6,50,230,A,1,Single carriageway - 2 lanes,30,Crossroads,Automatic Traffic Signal,A,1,Daylight: no street lighting,Fine (without high winds),Dry,None,None,No overtaking,328310,674150,523374,Junction,T.V.N.P.,362386,unset,EH87AA,No crossing facility within 50m or physical crossing facility not controlled by authorised person,"Pelican, puffin, toucan or similar non-junction pedestrian light crossing",Elsewhere,55.9550607698,-3.14827905499,"{""type"": ""Feature"",""geometry"": {""type"": ""Point"",""coordinates"": -3.14827905499, 55.9550607698}}"
444611,,Slight,2,1,03/07/2011,Sunday,3,July,11,16,48,230,A,70,Single carriageway - 2 lanes,30,Other junction,Give way sign or markings,Unclassified,,Daylight: no street lighting,Fine (without high winds),Dry,None,None,No overtaking,322900,671800,522243,Junction,T.V.N.P.,362387,unset,EH111QU,No crossing facility within 50m or physical crossing facility not controlled by authorised person,No physical crossing facility within 50m,At scene,55.9331113074,-3.23423902949,"{""type"": ""Feature"",""geometry"": {""type"": ""Point"",""coordinates"": -3.23423902949, 55.9331113074}}"
445411,,Slight,2,1,02/07/2011,Saturday,2,July,11,10,10,230,C,,Single carriageway - 2 lanes,30,Roundabout,Automatic Traffic Signal,C,,Daylight: street lights present,Fine (without high winds),Dry,None,None,No overtaking,325340,674040,520515,Junction,T.V.N.P.,362388,unset,EH21EL,No crossing facility within 50m or physical crossing facility not controlled by authorised person,Pedestrian phase at traffic signal junction,At scene,55.9536202175,-3.19580849875,"{""type"": ""Feature"",""geometry"": {""type"": ""Point"",""coordinates"": -3.19580849875, 55.9536202175}}"
445911,,Slight,2,1,26/06/2011,Sunday,26,June,11,12,25,230,C,,Single carriageway - 2 lanes,30,Not at or within 20 metres of junction,unset,\,,Daylight: no street lighting,Fine (without high winds),Dry,None,None,No overtaking,322520,672390,559248,Segment,Cyclist,354319,unset,EH112QW,No crossing facility within 50m or physical crossing facility not controlled by authorised person,No physical crossing facility within 50m,At scene,55.9383506325,-3.24048996146,"{""type"": ""Feature"",""geometry"": {""type"": ""Point"",""coordinates"": -3.24048996146, 55.9383506325}}"
446011,,Serious,1,1,04/07/2011,Monday,4,July,11,13,44,230,A,8,Dual carriageway - 2 lanes,60,'T' or staggered junction,Give way sign or markings,Unclassified,,Daylight: street lights present,Fine (without high winds),Dry,None,None,No overtaking,314810,672460,532249,Junction,S.V.N.P.,362389,unset,EH288NQ,Control by other authorised person,Central refuge - no other controls,At scene,55.9376751452,-3.36391510646,"{""type"": ""Feature"",""geometry"": {""type"": ""Point"",""coordinates"": -3.36391510646, 55.9376751452}}"
446211,,Slight,2,1,01/07/2011,Friday,1,July,11,13,47,230,Unclassified,,Single carriageway - 2 lanes,30,'T' or staggered junction,Automatic Traffic Signal,Unclassified,,Daylight: street lights present,Fine (without high winds),Dry,None,None,No overtaking,326890,674310,520692,Junction,Cyclist,362390,unset,EH75AN,Control by other authorised person,Pedestrian phase at traffic signal junction,At scene,55.956284224,-3.17106170427,"{""type"": ""Feature"",""geometry"": {""type"": ""Point"",""coordinates"": -3.17106170427, 55.956284224}}"
447411,,Serious,2,1,05/07/2011,Tuesday,5,July,11,10,12,230,Unclassified,,Single carriageway - 2 lanes,30,Not at or within 20 metres of junction,unset,\,,Daylight: street lights present,Fine (without high winds),Dry,None,None,No overtaking,326850,674470,557686,Segment,T.V.N.P.,362391,unset,EH75EJ,No crossing facility within 50m or physical crossing facility not controlled by authorised person,No physical crossing facility within 50m,At scene,55.9577155643,-3.17174569146,"{""type"": ""Feature"",""geometry"": {""type"": ""Point"",""coordinates"": -3.17174569146, 55.9577155643}}"
447511,,Slight,2,2,03/07/2011,Sunday,3,July,11,23,45,230,B,9080,Single carriageway - 2 lanes,60,'T' or staggered junction,Give way sign or markings,Unclassified,,Darkness: no street lighting,Fine (without high winds),Dry,None,None,No overtaking,311080,674950,12230833,Junction,T.V.N.P.,362392,unset,EH299EF,No crossing facility within 50m or physical crossing facility not controlled by authorised person,No physical crossing facility within 50m,At scene,55.9593675554,-3.42443415759,"{""type"": ""Feature"",""geometry"": {""type"": ""Point"",""coordinates"": -3.42443415759, 55.9593675554}}"
447611,,Slight,3,1,04/07/2011,Monday,4,July,11,8,0,230,A,90,Single carriageway - 2 lanes,30,Other junction,Give way sign or markings,Unclassified,,Daylight: no street lighting,Fine (without high winds),Dry,None,None,No overtaking,321970,674610,519990,Junction,M.V.N.P.,362393,unset,EH43QW,No crossing facility within 50m or physical crossing facility not controlled by authorised person,No physical crossing facility within 50m,At scene,55.9582054608,-3.2499357319,"{""type"": ""Feature"",""geometry"": {""type"": ""Point"",""coordinates"": -3.2499357319, 55.9582054608}}"
448311,,Slight,1,1,02/07/2011,Saturday,2,July,11,0,45,230,Unclassified,,Single carriageway - 2 lanes,30,Other junction,Give way sign or markings,Unknown,,Darkness: street lights present and lit,Fine (without high winds),Dry,None,None,No overtaking,322230,676580,0,Unset,Pedestrian,362394,unset,EH44LP,No crossing facility within 50m or physical crossing facility not controlled by authorised person,No physical crossing facility within 50m,\3,55.9759454491,-3.24634079868,"{""type"": ""Feature"",""geometry"": {""type"": ""Point"",""coordinates"": -3.24634079868, 55.9759454491}}"
449611,,Serious,1,2,05/07/2011,Tuesday,5,July,11,18,10,230,Unclassified,,Single carriageway - 2 lanes,30,Other junction,Give way sign or markings,Unclassified,,Daylight: street lighting unknown,Fine (without high winds),Dry,None,None,No overtaking,327020,672060,522108,Junction,Pedestrian,362395,unset,EH165AJ,No crossing facility within 50m or physical crossing facility not controlled by authorised person,No physical crossing facility within 50m,At scene,55.9360900884,-3.16837104001,"{""type"": ""Feature"",""geometry"": {""type"": ""Point"",""coordinates"": -3.16837104001, 55.9360900884}}"
451911,,Slight,4,1,06/07/2011,Wednesday,6,July,11,20,47,230,Unclassified,,Single carriageway - 2 lanes,30,Not at or within 20 metres of junction,unset,\,,Daylight: street lights present,Other,Dry,None,None,No overtaking,313810,670700,0,Unset,M.V.N.P.,362396,unset,EH288RT,No crossing facility within 50m or physical crossing facility not controlled by authorised person,No physical crossing facility within 50m,At scene,55.9216864075,-3.37935833718,"{""type"": ""Feature"",""geometry"": {""type"": ""Point"",""coordinates"": -3.37935833718, 55.9216864075}}"
453511,,Slight,2,1,07/07/2011,Thursday,7,July,11,13,0,230,Unclassified,,Single carriageway - 2 lanes,30,Not at or within 20 metres of junction,unset,\,,Daylight: street lights present,Fine (without high winds),Dry,None,None,No overtaking,312080,678310,0,Unset,T.V.N.P.,362397,unset,EH309RZ,No crossing facility within 50m or physical crossing facility not controlled by authorised person,No physical crossing facility within 50m,At scene,55.9897347136,-3.40951763188,"{""type"": ""Feature"",""geometry"": {""type"": ""Point"",""coordinates"": -3.40951763188, 55.9897347136}}"
454811,,Slight,3,2,07/07/2011,Thursday,7,July,11,18,0,230,A,701,Dual carriageway - 2 lanes,40,Not at or within 20 metres of junction,unset,\,,Daylight: street lights present,Fine (without high winds),Dry,None,None,No overtaking,327460,667040,570931,Segment,M.V.N.P.,362398,unset,EH178SG,No crossing facility within 50m or physical crossing facility not controlled by authorised person,No physical crossing facility within 50m,At scene,55.8910568479,-3.15998109317,"{""type"": ""Feature"",""geometry"": {""type"": ""Point"",""coordinates"": -3.15998109317, 55.8910568479}}"
455311,,Slight,3,2,08/07/2011,Friday,8,July,11,10,40,230,Unclassified,,Single carriageway - 2 lanes,30,Not at or within 20 metres of junction,unset,\,,Daylight: street lights present,Fine (without high winds),Dry,None,None,No overtaking,328170,674860,557740,Segment,M.V.N.P.,362399,unset,EH76EH,No crossing facility within 50m or physical crossing facility not controlled by authorised person,No physical crossing facility within 50m,At scene,55.9614184968,-3.15071020575,"{""type"": ""Feature"",""geometry"": {""type"": ""Point"",""coordinates"": -3.15071020575, 55.9614184968}}"
455911,,Slight,2,1,08/07/2011,Friday,8,July,11,17,0,230,Unclassified,,Single carriageway - 2 lanes,30,Not at or within 20 metres of junction,unset,\,,Daylight: street lights present,Raining (without high winds),Dry,None,None,No overtaking,320250,671660,559343,Segment,T.V.N.P.,362400,unset,EH113UX,No crossing facility within 50m or physical crossing facility not controlled by authorised person,No physical crossing facility within 50m,At scene,55.9314214104,-3.27660798797,"{""type"": ""Feature"",""geometry"": {""type"": ""Point"",""coordinates"": -3.27660798797, 55.9314214104}}"
456511,,Slight,2,1,08/07/2011,Friday,8,July,11,18,50,230,A,702,Single carriageway - 2 lanes,30,Crossroads,Automatic Traffic Signal,A,8,Daylight: street lights present,Unknown,Dry,None,None,No overtaking,324720,673660,522381,Junction,Cyclist,362401,unset,EH12DA,No crossing facility within 50m or physical crossing facility not controlled by authorised person,Central refuge - no other controls,At scene,55.9501096263,-3.20563029971,"{""type"": ""Feature"",""geometry"": {""type"": ""Point"",""coordinates"": -3.20563029971, 55.9501096263}}"
459711,,Slight,2,1,18/06/2011,Saturday,18,June,11,15,45,230,A,8,Dual carriageway - 2 lanes,30,Not at or within 20 metres of junction,unset,\,,Daylight: street lights present,Fine (without high winds),Dry,None,None,No overtaking,325290,673840,550529,Segment,Cyclist,354320,unset,EH22HG,No crossing facility within 50m or physical crossing facility not controlled by authorised person,No physical crossing facility within 50m,Elsewhere,55.9518156746,-3.19655371395,"{""type"": ""Feature"",""geometry"": {""type"": ""Point"",""coordinates"": -3.19655371395, 55.9518156746}}"
460711,,Slight,2,1,11/07/2011,Monday,11,July,11,10,35,230,Unclassified,,Single carriageway - 2 lanes,30,'T' or staggered junction,Give way sign or markings,Unclassified,,Daylight: no street lighting,Fine (without high winds),Dry,None,None,No overtaking,324830,675650,519427,Junction,T.V.N.P.,362402,unset,EH35NJ,Control by other authorised person,Pedestrian phase at traffic signal junction,At scene,55.9680046505,-3.20442414931,"{""type"": ""Feature"",""geometry"": {""type"": ""Point"",""coordinates"": -3.20442414931, 55.9680046505}}"
461111,,Slight,3,1,11/07/2011,Monday,11,July,11,10,54,230,Unclassified,,Single carriageway - 2 lanes,30,'T' or staggered junction,Automatic Traffic Signal,Unclassified,,Daylight: no street lighting,Fine (without high winds),Dry,None,None,No overtaking,323420,675820,519409,Junction,M.V.N.P.,362403,unset,EH52DH,Control by other authorised person,Pedestrian phase at traffic signal junction,At scene,55.9693091116,-3.22705867921,"{""type"": ""Feature"",""geometry"": {""type"": ""Point"",""coordinates"": -3.22705867921, 55.9693091116}}"
461211,,Slight,2,1,11/07/2011,Monday,11,July,11,14,20,230,A,900,Single carriageway - 2 lanes,30,'T' or staggered junction,Give way sign or markings,Unclassified,,Daylight: no street lighting,Fine (without high winds),Dry,None,None,No overtaking,326490,675040,523233,Junction,T.V.N.P.,362404,unset,EH74PA,No crossing facility within 50m or physical crossing facility not controlled by authorised person,No physical crossing facility within 50m,At scene,55.9627814414,-3.17766644463,"{""type"": ""Feature"",""geometry"": {""type"": ""Point"",""coordinates"": -3.17766644463, 55.9627814414}}"
461411,,Slight,1,1,10/07/2011,Sunday,10,July,11,17,35,230,C,,One way Street,30,'T' or staggered junction,Automatic Traffic Signal,Unclassified,,Daylight: street lights present,Unknown,Dry,None,None,No overtaking,325700,673140,521523,Junction,Bus,362405,unset,EH12QP,Control by other authorised person,Pedestrian phase at traffic signal junction,Elsewhere,55.9455905265,-3.18979588753,"{""type"": ""Feature"",""geometry"": {""type"": ""Point"",""coordinates"": -3.18979588753, 55.9455905265}}"
462611,,Slight,1,1,11/07/2011,Monday,11,July,11,13,27,230,Unclassified,,Single carriageway - 2 lanes,30,Other junction,Give way sign or markings,Unclassified,,Daylight: no street lighting,Fine (without high winds),Dry,None,None,No overtaking,320730,675450,519759,Junction,Pedestrian,362406,unset,EH45AA,No crossing facility within 50m or physical crossing facility not controlled by authorised person,"Pelican, puffin, toucan or similar non-junction pedestrian light crossing",At scene,55.9655486763,-3.27004055317,"{""type"": ""Feature"",""geometry"": {""type"": ""Point"",""coordinates"": -3.27004055317, 55.9655486763}}"
463411,,Slight,1,1,11/07/2011,Monday,11,July,11,10,30,230,C,,Single carriageway - 2 lanes,30,Not at or within 20 metres of junction,unset,\,,Daylight: street lights present,Fine (without high winds),Dry,None,None,No overtaking,321310,671660,565427,Segment,Bus,362407,unset,EH113LA,No crossing facility within 50m or physical crossing facility not controlled by authorised person,Central refuge - no other controls,At scene,55.9315960299,-3.25964454921,"{""type"": ""Feature"",""geometry"": {""type"": ""Point"",""coordinates"": -3.25964454921, 55.9315960299}}"
464211,,Slight,2,1,12/07/2011,Tuesday,12,July,11,20,50,230,C,,Single carriageway - 2 lanes,30,Other junction,Give way sign or markings,Unclassified,,Daylight: street lights present,Fine (without high winds),Dry,None,None,No overtaking,324470,672860,521832,Junction,T.V.N.P.,362408,unset,EH39RU,No crossing facility within 50m or physical crossing facility not controlled by authorised person,No physical crossing facility within 50m,At scene,55.9428833404,-3.20940907513,"{""type"": ""Feature"",""geometry"": {""type"": ""Point"",""coordinates"": -3.20940907513, 55.9428833404}}"
464611,,Slight,3,2,08/06/2011,Wednesday,8,June,11,8,35,230,Unclassified,,Dual carriageway - 2 lanes,30,Not at or within 20 metres of junction,unset,\,,Daylight: street lights present,Fine (without high winds),Dry,None,None,No overtaking,317930,672240,9658493,Junction,M.V.N.P.,354321,unset,EH129DF,No crossing facility within 50m or physical crossing facility not controlled by authorised person,No physical crossing facility within 50m,At scene,55.9362414946,-3.31391120269,"{""type"": ""Feature"",""geometry"": {""type"": ""Point"",""coordinates"": -3.31391120269, 55.9362414946}}"
465111,,Slight,2,2,13/07/2011,Wednesday,13,July,11,8,30,230,A,71,Single carriageway - 2 lanes,50,'T' or staggered junction,Give way sign or markings,Unclassified,,Daylight: street lights present,Fine (without high winds),Dry,None,None,No overtaking,314550,669180,517744,Junction,T.V.N.P.,362409,unset,EH278EB,No crossing facility within 50m or physical crossing facility not controlled by authorised person,No physical crossing facility within 50m,At scene,55.9081637848,-3.36703878908,"{""type"": ""Feature"",""geometry"": {""type"": ""Point"",""coordinates"": -3.36703878908, 55.9081637848}}"