acc_ref,beat_no,severity,no_vehicle,no_casualt,a_date,a_day,a_date_day,a_date_mon,a_date_yr,a_time_hr,a_time_min,loc_auth,road1_class,road1_no,road_type,speed_limi,junc_det,junc_ctrl,road2_class,road2_no,light_cond,weather,road_surf,spec_cond,cway_hzrds,ovrtk_patrn,easting,northing,net_id,net_type,acc_type,text_id,division,Postcode,ped_xing_hc,ped_xing_p,place_reported,latitude,longitude,geojson
465811,,Slight,1,1,13/07/2011,Wednesday,13,July,11,12,15,230,Unclassified,,Single carriageway - 2 lanes,30,Other junction,Give way sign or markings,Unclassified,,Daylight: no street lighting,Fine (without high winds),Dry,None,None,No overtaking,324540,671320,530428,Junction,Pedestrian,362410,unset,EH104AX,Control by other authorised person,"Pelican, puffin, toucan or similar non-junction pedestrian light crossing",At scene,55.929059217,-3.20785789833,"{""type"": ""Feature"",""geometry"": {""type"": ""Point"",""coordinates"": -3.20785789833, 55.929059217}}"
466511,,Slight,1,1,14/07/2011,Thursday,14,July,11,2,55,230,A,71,Single carriageway - 2 lanes,50,Not at or within 20 metres of junction,unset,\,,Daylight: no street lighting,Fine (without high winds),Dry,None,None,No overtaking,313600,668730,549671,Segment,S.V.N.P.,362411,unset,EH278EB,No crossing facility within 50m or physical crossing facility not controlled by authorised person,No physical crossing facility within 50m,At scene,55.9039517196,-3.38208826223,"{""type"": ""Feature"",""geometry"": {""type"": ""Point"",""coordinates"": -3.38208826223, 55.9039517196}}"
466611,,Slight,2,3,24/06/2011,Friday,24,June,11,10,0,230,A,701,Single carriageway - 2 lanes,30,Not at or within 20 metres of junction,unset,\,,Daylight: no street lighting,Fine (without high winds),Dry,None,None,No overtaking,327170,670690,570719,Segment,Bus,354322,unset,EH165QS,No crossing facility within 50m or physical crossing facility not controlled by authorised person,No physical crossing facility within 50m,At scene,55.9238047685,-3.16560060713,"{""type"": ""Feature"",""geometry"": {""type"": ""Point"",""coordinates"": -3.16560060713, 55.9238047685}}"
466711,,Slight,1,1,14/07/2011,Thursday,14,July,11,10,0,230,A,702,Single carriageway - 2 lanes,30,Not at or within 20 metres of junction,unset,\,,Daylight: street lights present,Fine (without high winds),Dry,None,None,No overtaking,324540,672090,548973,Segment,Pedestrian,362412,unset,EH104DG,No crossing facility within 50m or physical crossing facility not controlled by authorised person,No physical crossing facility within 50m,At scene,55.9359767799,-3.20807314927,"{""type"": ""Feature"",""geometry"": {""type"": ""Point"",""coordinates"": -3.20807314927, 55.9359767799}}"
466811,,Slight,2,1,14/07/2011,Thursday,14,July,11,13,0,230,A,70,Single carriageway - 2 lanes,30,'T' or staggered junction,Stop sign,Unclassified,,Daylight: street lights present,Fine (without high winds),Dry,None,None,No overtaking,322810,671680,522237,Junction,T.V.N.P.,362413,unset,EH141NX,Control by other authorised person,No physical crossing facility within 50m,Elsewhere,55.932018818,-3.23564508419,"{""type"": ""Feature"",""geometry"": {""type"": ""Point"",""coordinates"": -3.23564508419, 55.932018818}}"
467011,,Slight,2,1,14/07/2011,Thursday,14,July,11,17,45,230,A,7,Single carriageway - 2 lanes,30,Not at or within 20 metres of junction,unset,\,,Darkness: street lights present but unlit,Fine (without high winds),Dry,None,None,No overtaking,326170,672980,569460,Segment,Cyclist,362414,unset,EH89EJ,No crossing facility within 50m or physical crossing facility not controlled by authorised person,No physical crossing facility within 50m,Elsewhere,55.9442255264,-3.18222759978,"{""type"": ""Feature"",""geometry"": {""type"": ""Point"",""coordinates"": -3.18222759978, 55.9442255264}}"
470711,,Slight,1,1,16/07/2011,Saturday,16,July,11,11,45,230,A,8,Single carriageway - 2 lanes,30,Not at or within 20 metres of junction,unset,\,,Daylight: street lights present,Fine (without high winds),Dry,None,None,No overtaking,324020,673210,550604,Segment,Pedestrian,362415,unset,EH125EZ,No crossing facility within 50m or physical crossing facility not controlled by authorised person,No physical crossing facility within 50m,At scene,55.9459567521,-3.21671137854,"{""type"": ""Feature"",""geometry"": {""type"": ""Point"",""coordinates"": -3.21671137854, 55.9459567521}}"
471011,,Slight,2,1,16/07/2011,Saturday,16,July,11,15,0,230,Unclassified,,Single carriageway - 2 lanes,20,'T' or staggered junction,Give way sign or markings,Unclassified,,Daylight: street lights present,Raining with high winds,Dry,None,None,No overtaking,319870,669990,0,Unset,T.V.N.P.,362416,unset,EH142RR,No crossing facility within 50m or physical crossing facility not controlled by authorised person,No physical crossing facility within 50m,At scene,55.9163556194,-3.28219371504,"{""type"": ""Feature"",""geometry"": {""type"": ""Point"",""coordinates"": -3.28219371504, 55.9163556194}}"
473211,,Slight,2,2,17/07/2011,Sunday,17,July,11,2,45,230,A,702,Single carriageway - 2 lanes,30,Crossroads,Automatic Traffic Signal,Unclassified,,Darkness: street lights present and lit,Raining (without high winds),Dry,None,None,No overtaking,324830,673070,521403,Junction,T.V.N.P.,362417,unset,EH39BN,No crossing facility within 50m or physical crossing facility not controlled by authorised person,No physical crossing facility within 50m,At scene,55.9448263799,-3.20370460213,"{""type"": ""Feature"",""geometry"": {""type"": ""Point"",""coordinates"": -3.20370460213, 55.9448263799}}"
473611,,Slight,2,1,18/07/2011,Monday,18,July,11,12,55,230,Unclassified,,Single carriageway - 2 lanes,30,Crossroads,Give way sign or markings,Unclassified,,Daylight: no street lighting,Raining (without high winds),Dry,None,None,No overtaking,324300,673630,10258595,Junction,T.V.N.P.,362418,unset,EH37JA,No crossing facility within 50m or physical crossing facility not controlled by authorised person,No physical crossing facility within 50m,At scene,55.9497741347,-3.21234660617,"{""type"": ""Feature"",""geometry"": {""type"": ""Point"",""coordinates"": -3.21234660617, 55.9497741347}}"
478611,,Slight,1,1,19/07/2011,Tuesday,19,July,11,8,50,230,A,8,Single carriageway - 2 lanes,30,Using private drive or entrance,Give way sign or markings,A,8,Daylight: no street lighting,Fine (without high winds),Dry,None,None,No overtaking,324040,673200,550604,Segment,Pedestrian,362419,unset,EH125EY,Control by other authorised person,No physical crossing facility within 50m,At scene,55.9458700753,-3.21638837186,"{""type"": ""Feature"",""geometry"": {""type"": ""Point"",""coordinates"": -3.21638837186, 55.9458700753}}"
479511,,Slight,2,1,19/07/2011,Tuesday,19,July,11,19,30,230,Unclassified,,Single carriageway - 2 lanes,30,Roundabout,Give way sign or markings,Unclassified,,Daylight: street lights present,Fine (without high winds),Dry,None,None,No overtaking,320680,676190,519091,Junction,Cyclist,362420,unset,EH45HA,No crossing facility within 50m or physical crossing facility not controlled by authorised person,No physical crossing facility within 50m,Elsewhere,55.9721882711,-3.27105936322,"{""type"": ""Feature"",""geometry"": {""type"": ""Point"",""coordinates"": -3.27105936322, 55.9721882711}}"
480511,,Slight,4,1,17/07/2011,Sunday,17,July,11,17,20,230,A,900,Single carriageway - 2 lanes,30,'T' or staggered junction,Automatic Traffic Signal,C,,Daylight: no street lighting,Fine (without high winds),Dry,None,None,No overtaking,326550,675130,519867,Junction,M.V.N.P.,362421,unset,EH74PE,Control by other authorised person,Pedestrian phase at traffic signal junction,At scene,55.9635991716,-3.1767299799,"{""type"": ""Feature"",""geometry"": {""type"": ""Point"",""coordinates"": -3.1767299799, 55.9635991716}}"
480911,,Slight,3,1,19/07/2011,Tuesday,19,July,11,18,10,230,A,720,Dual carriageway - 2 lanes,70,Not at or within 20 metres of junction,unset,\,,Daylight: no street lighting,Raining (without high winds),Dry,None,None,No overtaking,320560,668400,570552,Segment,M.V.N.P.,362422,unset,EH130PF,No crossing facility within 50m or physical crossing facility not controlled by authorised person,No physical crossing facility within 50m,At scene,55.9021860006,-3.27068857048,"{""type"": ""Feature"",""geometry"": {""type"": ""Point"",""coordinates"": -3.27068857048, 55.9021860006}}"
481111,,Slight,1,1,20/07/2011,Wednesday,20,July,11,8,15,230,Motorway,8,Dual carriageway - 2 lanes,70,Not at or within 20 metres of junction,unset,\,,Daylight: no street lighting,Raining (without high winds),Dry,None,None,No overtaking,316610,670410,6452039,Segment,S.V.N.P.,362423,unset,EH129BZ,No crossing facility within 50m or physical crossing facility not controlled by authorised person,No physical crossing facility within 50m,At scene,55.9195747248,-3.33447237199,"{""type"": ""Feature"",""geometry"": {""type"": ""Point"",""coordinates"": -3.33447237199, 55.9195747248}}"
482411,,Serious,2,1,22/07/2011,Friday,22,July,11,7,30,230,C,,Single carriageway - 2 lanes,30,'T' or staggered junction,Give way sign or markings,Unclassified,,Daylight: no street lighting,Fine (without high winds),Dry,None,None,No overtaking,325940,672460,0,Unset,Cyclist,362424,unset,EH91LR,No crossing facility within 50m or physical crossing facility not controlled by authorised person,No physical crossing facility within 50m,At scene,55.9395185116,-3.18576691398,"{""type"": ""Feature"",""geometry"": {""type"": ""Point"",""coordinates"": -3.18576691398, 55.9395185116}}"
483211,,Slight,1,1,21/07/2011,Thursday,21,July,11,6,0,230,A,720,Dual carriageway - 2 lanes,70,Not at or within 20 metres of junction,unset,\,,Daylight: no street lighting,Fine (without high winds),Dry,None,None,No overtaking,324440,667820,570546,Segment,S.V.N.P.,362425,unset,EH107DS,No crossing facility within 50m or physical crossing facility not controlled by authorised person,No physical crossing facility within 50m,At scene,55.8975999622,-3.20847963708,"{""type"": ""Feature"",""geometry"": {""type"": ""Point"",""coordinates"": -3.20847963708, 55.8975999622}}"
483711,,Serious,2,1,21/07/2011,Thursday,21,July,11,16,50,230,Unclassified,,Single carriageway - 2 lanes,30,Not at or within 20 metres of junction,unset,\,,Daylight: street lights present,Fine (without high winds),Dry,None,None,No overtaking,322540,675360,0,Unset,Cyclist,362426,unset,EH42QX,No crossing facility within 50m or physical crossing facility not controlled by authorised person,No physical crossing facility within 50m,At scene,55.9650354752,-3.24102312914,"{""type"": ""Feature"",""geometry"": {""type"": ""Point"",""coordinates"": -3.24102312914, 55.9650354752}}"
484411,,Slight,2,1,22/07/2011,Friday,22,July,11,2,20,230,A,700,Single carriageway - 2 lanes,30,'T' or staggered junction,Give way sign or markings,C,,Darkness: street lights present and lit,Fine (without high winds),Dry,None,None,No overtaking,325430,672570,521865,Junction,Cyclist,362427,unset,EH91DY,No crossing facility within 50m or physical crossing facility not controlled by authorised person,No physical crossing facility within 50m,At scene,55.9404279016,-3.19396088546,"{""type"": ""Feature"",""geometry"": {""type"": ""Point"",""coordinates"": -3.19396088546, 55.9404279016}}"
484811,,Slight,3,1,07/07/2011,Thursday,7,July,11,10,45,230,A,7,Single carriageway - 2 lanes,30,Not at or within 20 metres of junction,unset,\,,Daylight: street lights present,Fine (without high winds),Dry,None,None,No overtaking,325930,673680,569273,Segment,Cyclist,362428,unset,EH11QN,No crossing facility within 50m or physical crossing facility not controlled by authorised person,No physical crossing facility within 50m,Elsewhere,55.9504773306,-3.18626201431,"{""type"": ""Feature"",""geometry"": {""type"": ""Point"",""coordinates"": -3.18626201431, 55.9504773306}}"
485611,,Slight,2,1,19/07/2011,Tuesday,19,July,11,19,23,230,Unclassified,,Single carriageway - 2 lanes,30,'T' or staggered junction,Give way sign or markings,Unclassified,,Daylight: street lights present,Fine (without high winds),Dry,None,None,No overtaking,319650,671860,522126,Junction,T.V.N.P.,362429,unset,EH129AD,No crossing facility within 50m or physical crossing facility not controlled by authorised person,"Pelican, puffin, toucan or similar non-junction pedestrian light crossing",At scene,55.9331182503,-3.28626938183,"{""type"": ""Feature"",""geometry"": {""type"": ""Point"",""coordinates"": -3.28626938183, 55.9331182503}}"
486311,,Slight,1,1,21/07/2011,Thursday,21,July,11,17,10,230,B,6415,Single carriageway - 2 lanes,30,Not at or within 20 metres of junction,unset,\,,Daylight: street lights present,Unknown,Dry,None,None,No overtaking,330660,673790,563346,Segment,Bus,362430,unset,EH152AN,No crossing facility within 50m or physical crossing facility not controlled by authorised person,No physical crossing facility within 50m,Elsewhere,55.9521713832,-3.11055392761,"{""type"": ""Feature"",""geometry"": {""type"": ""Point"",""coordinates"": -3.11055392761, 55.9521713832}}"
487011,,Slight,2,1,29/06/2011,Wednesday,29,June,11,18,0,230,B,901,Single carriageway - 2 lanes,30,'T' or staggered junction,Give way sign or markings,Unclassified,,Daylight: street lights present,Unknown,Dry,None,None,No overtaking,325880,674480,520608,Junction,T.V.N.P.,354323,unset,EH13RH,No crossing facility within 50m or physical crossing facility not controlled by authorised person,No physical crossing facility within 50m,Elsewhere,55.9576567288,-3.18728255831,"{""type"": ""Feature"",""geometry"": {""type"": ""Point"",""coordinates"": -3.18728255831, 55.9576567288}}"
487411,,Slight,2,1,19/07/2011,Tuesday,19,July,11,18,45,230,C,,Single carriageway - 2 lanes,30,Crossroads,Automatic Traffic Signal,C,,Daylight: street lights present,Fine (without high winds),Dry,None,None,No overtaking,325210,674510,520155,Junction,Cyclist,362431,unset,EH36QQ,No crossing facility within 50m or physical crossing facility not controlled by authorised person,No physical crossing facility within 50m,At scene,55.9578224083,-3.19802057316,"{""type"": ""Feature"",""geometry"": {""type"": ""Point"",""coordinates"": -3.19802057316, 55.9578224083}}"
487611,,Slight,2,1,21/07/2011,Thursday,21,July,11,20,50,230,A,71,Single carriageway - 2 lanes,30,Crossroads,Give way sign or markings,Unclassified,,Daylight: street lights present,Fine (without high winds),Dry,None,None,No overtaking,321630,671500,529558,Junction,T.V.N.P.,362432,unset,EH113XN,No crossing facility within 50m or physical crossing facility not controlled by authorised person,No physical crossing facility within 50m,Elsewhere,55.9302108955,-3.2544770269,"{""type"": ""Feature"",""geometry"": {""type"": ""Point"",""coordinates"": -3.2544770269, 55.9302108955}}"
489711,,Slight,1,1,23/07/2011,Saturday,23,July,11,2,50,230,Unclassified,,Single carriageway - 2 lanes,30,Not at or within 20 metres of junction,unset,\,,Darkness: street lights present and lit,Fine (without high winds),Dry,None,None,No overtaking,325680,673730,2310553,Junction,Pedestrian,362433,unset,EH22EJ,No crossing facility within 50m or physical crossing facility not controlled by authorised person,No physical crossing facility within 50m,At scene,55.9508879254,-3.19027868076,"{""type"": ""Feature"",""geometry"": {""type"": ""Point"",""coordinates"": -3.19027868076, 55.9508879254}}"
489911,,Serious,2,1,27/07/2011,Wednesday,27,July,11,13,57,230,B,701,Single carriageway - 2 lanes,30,Not at or within 20 metres of junction,unset,\,,Daylight: no street lighting,Fine (without high winds),Dry,None,None,No overtaking,327240,668010,2105891,Segment,T.V.N.P.,362434,unset,EH178AB,No crossing facility within 50m or physical crossing facility not controlled by authorised person,No physical crossing facility within 50m,At scene,55.8997381865,-3.16375912578,"{""type"": ""Feature"",""geometry"": {""type"": ""Point"",""coordinates"": -3.16375912578, 55.8997381865}}"
490311,,Slight,1,1,20/07/2011,Wednesday,20,July,11,3,0,230,A,720,Dual carriageway - 2 lanes,70,Not at or within 20 metres of junction,unset,\,,Daylight: no street lighting,Fine (without high winds),Dry,None,Any animal in carriagway (except riden hors,No overtaking,324300,667870,570534,Segment,S.V.N.P.,362435,unset,EH107DS,No crossing facility within 50m or physical crossing facility not controlled by authorised person,No physical crossing facility within 50m,At scene,55.8980271666,-3.2107321766,"{""type"": ""Feature"",""geometry"": {""type"": ""Point"",""coordinates"": -3.2107321766, 55.8980271666}}"
490411,,Slight,2,1,25/07/2011,Monday,25,July,11,8,10,230,Unclassified,,Roundabout,40,Roundabout,Give way sign or markings,Unclassified,,Daylight: street lights present,Fine (without high winds),Dry,None,None,No overtaking,318440,672040,9658545,Junction,Cyclist,362436,unset,EH129EB,No crossing facility within 50m or physical crossing facility not controlled by authorised person,No physical crossing facility within 50m,At scene,55.9345315756,-3.30568823828,"{""type"": ""Feature"",""geometry"": {""type"": ""Point"",""coordinates"": -3.30568823828, 55.9345315756}}"
490811,,Slight,2,1,23/07/2011,Saturday,23,July,11,16,0,230,A,700,Single carriageway - 2 lanes,30,Crossroads,Automatic Traffic Signal,Unclassified,,Daylight: street lights present,Fine (without high winds),Dry,None,None,No overtaking,326210,672570,532729,Junction,T.V.N.P.,362437,unset,EH39EE,No crossing facility within 50m or physical crossing facility not controlled by authorised person,No physical crossing facility within 50m,Elsewhere,55.9405482616,-3.18147509168,"{""type"": ""Feature"",""geometry"": {""type"": ""Point"",""coordinates"": -3.18147509168, 55.9405482616}}"
491011,,Slight,1,1,23/07/2011,Saturday,23,July,11,18,10,230,A,8,Single carriageway - 2 lanes,30,Not at or within 20 metres of junction,unset,\,,Daylight: street lights present,Fine (without high winds),Dry,None,None,No overtaking,319420,672960,550737,Segment,Bus,362438,unset,EH128SQ,No crossing facility within 50m or physical crossing facility not controlled by authorised person,No physical crossing facility within 50m,Elsewhere,55.9429616781,-3.29027872783,"{""type"": ""Feature"",""geometry"": {""type"": ""Point"",""coordinates"": -3.29027872783, 55.9429616781}}"
491811,,Slight,2,2,24/07/2011,Sunday,24,July,11,14,0,230,Unclassified,,Single carriageway - 2 lanes,30,Other junction,Give way sign or markings,Unclassified,,Daylight: street lights present,Fine (without high winds),Dry,None,None,No overtaking,326960,675230,0,Unset,Cyclist,362439,unset,EH68RS,No crossing facility within 50m or physical crossing facility not controlled by authorised person,No physical crossing facility within 50m,At scene,55.964560087,-3.17019009722,"{""type"": ""Feature"",""geometry"": {""type"": ""Point"",""coordinates"": -3.17019009722, 55.964560087}}"
491911,,Slight,2,1,16/07/2011,Saturday,16,July,11,15,15,230,Unclassified,,Roundabout,30,Roundabout,Give way sign or markings,Unclassified,,Daylight: street lights present,Fine (without high winds),Dry,None,None,No overtaking,327290,671090,523095,Junction,Bus,362440,unset,EH165PB,Control by other authorised person,"Pelican, puffin, toucan or similar non-junction pedestrian light crossing",Elsewhere,55.9274165228,-3.1637882216,"{""type"": ""Feature"",""geometry"": {""type"": ""Point"",""coordinates"": -3.1637882216, 55.9274165228}}"
492011,,Slight,1,1,20/07/2011,Wednesday,20,July,11,17,0,230,Unclassified,,Single carriageway - 2 lanes,30,Other junction,Give way sign or markings,Unclassified,,Daylight: no street lighting,Fine (without high winds),Dry,None,None,No overtaking,323620,676910,0,Unset,Pedestrian,362441,unset,EH51BL,Control by other authorised person,Central refuge - no other controls,At scene,55.9791332338,-3.22416409403,"{""type"": ""Feature"",""geometry"": {""type"": ""Point"",""coordinates"": -3.22416409403, 55.9791332338}}"
492111,,Slight,3,2,26/07/2011,Tuesday,26,July,11,9,40,230,A,1,Dual carriageway - 2 lanes,40,Not at or within 20 metres of junction,unset,\,,Daylight: street lights present,Fine (without high winds),Dry,None,None,No overtaking,331210,672770,552838,Segment,M.V.N.P.,362442,unset,EH153BE,No crossing facility within 50m or physical crossing facility not controlled by authorised person,No physical crossing facility within 50m,At scene,55.9430865902,-3.10148674559,"{""type"": ""Feature"",""geometry"": {""type"": ""Point"",""coordinates"": -3.10148674559, 55.9430865902}}"
492211,,Slight,2,1,17/07/2011,Sunday,17,July,11,12,0,230,Unclassified,,Single carriageway - 2 lanes,30,'T' or staggered junction,Automatic Traffic Signal,Unclassified,,Daylight: street lights present,Fine (without high winds),Dry,None,None,No overtaking,324030,673560,520887,Junction,T.V.N.P.,362443,unset,EH125BJ,No crossing facility within 50m or physical crossing facility not controlled by authorised person,No physical crossing facility within 50m,Elsewhere,55.9491026618,-3.21664987962,"{""type"": ""Feature"",""geometry"": {""type"": ""Point"",""coordinates"": -3.21664987962, 55.9491026618}}"
492611,,Slight,2,1,15/06/2011,Wednesday,15,June,11,17,20,230,A,900,Single carriageway - 2 lanes,30,Crossroads,Automatic Traffic Signal,Unclassified,,Daylight: street lights present,Unknown,Dry,None,None,No overtaking,326400,674910,520266,Junction,Cyclist,354324,unset,EH75HW,Control by other authorised person,Pedestrian phase at traffic signal junction,Elsewhere,55.9615997524,-3.17907243373,"{""type"": ""Feature"",""geometry"": {""type"": ""Point"",""coordinates"": -3.17907243373, 55.9615997524}}"
493011,,Slight,2,1,26/07/2011,Tuesday,26,July,11,16,5,230,Unclassified,,Single carriageway - 2 lanes,30,Crossroads,Automatic Traffic Signal,C,,Daylight: street lights present,Fine (without high winds),Dry,None,None,No overtaking,325510,671940,529450,Junction,T.V.N.P.,362444,unset,EH91AF,Control by other authorised person,Pedestrian phase at traffic signal junction,At scene,55.9347804531,-3.19250638879,"{""type"": ""Feature"",""geometry"": {""type"": ""Point"",""coordinates"": -3.19250638879, 55.9347804531}}"
493211,,Slight,2,1,26/07/2011,Tuesday,26,July,11,18,0,230,Unclassified,,Single carriageway - 2 lanes,30,Crossroads,Automatic Traffic Signal,Unclassified,,Daylight: no street lighting,Fine (without high winds),Dry,None,None,No overtaking,326390,674880,520266,Junction,T.V.N.P.,362445,unset,EH75HP,No crossing facility within 50m or physical crossing facility not controlled by authorised person,No physical crossing facility within 50m,At scene,55.9613287031,-3.1792243998,"{""type"": ""Feature"",""geometry"": {""type"": ""Point"",""coordinates"": -3.1792243998, 55.9613287031}}"
493411,,Slight,1,1,26/07/2011,Tuesday,26,July,11,20,40,230,Unclassified,,Single carriageway - 2 lanes,30,'T' or staggered junction,Automatic Traffic Signal,Unclassified,,Daylight: street lights present,Fine (without high winds),Dry,None,None,No overtaking,319320,671390,9659711,Junction,S.V.N.P.,362446,unset,EH114BP,Control by other authorised person,"Pelican, puffin, toucan or similar non-junction pedestrian light crossing",At scene,55.9288407205,-3.2914101639,"{""type"": ""Feature"",""geometry"": {""type"": ""Point"",""coordinates"": -3.2914101639, 55.9288407205}}"
494111,,Slight,2,1,23/07/2011,Saturday,23,July,11,17,0,230,Unclassified,,Single carriageway - 2 lanes,30,Using private drive or entrance,Give way sign or markings,Unclassified,,Daylight: street lights present,Fine (without high winds),Dry,None,None,No overtaking,322180,672110,565553,Segment,T.V.N.P.,362447,unset,EH113BQ,Control by other authorised person,"Pelican, puffin, toucan or similar non-junction pedestrian light crossing",At scene,55.9357802785,-3.24585132759,"{""type"": ""Feature"",""geometry"": {""type"": ""Point"",""coordinates"": -3.24585132759, 55.9357802785}}"
494411,,Slight,2,1,19/07/2011,Tuesday,19,July,11,14,45,230,A,1,Single carriageway - 2 lanes,30,'T' or staggered junction,Give way sign or markings,Unclassified,,Daylight: street lights present,Fine (without high winds),Dry,None,None,No overtaking,328840,673680,523503,Junction,Cyclist,362448,unset,EH87PX,No crossing facility within 50m or physical crossing facility not controlled by authorised person,No physical crossing facility within 50m,At scene,55.9509170613,-3.13966772943,"{""type"": ""Feature"",""geometry"": {""type"": ""Point"",""coordinates"": -3.13966772943, 55.9509170613}}"
496911,,Slight,2,1,25/07/2011,Monday,25,July,11,18,40,230,Unclassified,,Single carriageway - 2 lanes,30,Other junction,Give way sign or markings,Unclassified,,Daylight: street lights present,Fine (without high winds),Dry,None,None,No overtaking,327020,672060,522108,Junction,Cyclist,362449,unset,EH165AJ,Control by other authorised person,No physical crossing facility within 50m,Elsewhere,55.9360900884,-3.16837104001,"{""type"": ""Feature"",""geometry"": {""type"": ""Point"",""coordinates"": -3.16837104001, 55.9360900884}}"
497611,,Serious,1,1,28/07/2011,Thursday,28,July,11,12,30,230,A,8,One way Street,30,Multiple junction,Automatic Traffic Signal,Unclassified,,Daylight: street lights present,Raining (without high winds),Dry,None,None,No overtaking,324130,673240,521340,Junction,Bus,362450,unset,EH38DS,Control by other authorised person,Pedestrian phase at traffic signal junction,At scene,55.9462436429,-3.21495877031,"{""type"": ""Feature"",""geometry"": {""type"": ""Point"",""coordinates"": -3.21495877031, 55.9462436429}}"
498211,,Slight,2,2,26/07/2011,Tuesday,26,July,11,16,45,230,Unclassified,,Dual carriageway - 2 lanes,30,'T' or staggered junction,Automatic Traffic Signal,B,701,Daylight: street lights present,Fine (without high winds),Dry,None,None,No overtaking,319610,669990,12201404,Junction,T.V.N.P.,362451,unset,EH142SW,No crossing facility within 50m or physical crossing facility not controlled by authorised person,No physical crossing facility within 50m,Elsewhere,55.9163122505,-3.28635290701,"{""type"": ""Feature"",""geometry"": {""type"": ""Point"",""coordinates"": -3.28635290701, 55.9163122505}}"
498311,,Slight,2,1,28/07/2011,Thursday,28,July,11,8,55,230,Unclassified,,Single carriageway - 2 lanes,30,Other junction,Give way sign or markings,Unclassified,,Daylight: street lights present,Raining (without high winds),Dry,None,None,No overtaking,319500,673210,0,Unset,Cyclist,362452,unset,EH128RP,No crossing facility within 50m or physical crossing facility not controlled by authorised person,No physical crossing facility within 50m,Elsewhere,55.9452209707,-3.28907270968,"{""type"": ""Feature"",""geometry"": {""type"": ""Point"",""coordinates"": -3.28907270968, 55.9452209707}}"
499811,,Slight,2,1,28/07/2011,Thursday,28,July,11,18,30,230,Unclassified,,Single carriageway - 2 lanes,60,Not at or within 20 metres of junction,unset,\,,Daylight: street lighting unknown,Fine (without high winds),Dry,None,None,No overtaking,315730,667850,0,Unset,T.V.N.P.,362453,unset,EH144AE,No crossing facility within 50m or physical crossing facility not controlled by authorised person,No physical crossing facility within 50m,At scene,55.896423905,-3.34775252264,"{""type"": ""Feature"",""geometry"": {""type"": ""Point"",""coordinates"": -3.34775252264, 55.896423905}}"
500011,,Serious,1,1,29/07/2011,Friday,29,July,11,11,44,230,Unclassified,,Single carriageway - 2 lanes,30,Not at or within 20 metres of junction,unset,\,,Daylight: no street lighting,Fine (without high winds),Dry,None,None,No overtaking,326330,676400,563718,Segment,Bus,362454,unset,EH64AQ,No crossing facility within 50m or physical crossing facility not controlled by authorised person,No physical crossing facility within 50m,At scene,55.9749750114,-3.18060113388,"{""type"": ""Feature"",""geometry"": {""type"": ""Point"",""coordinates"": -3.18060113388, 55.9749750114}}"
500811,,Slight,2,1,29/07/2011,Friday,29,July,11,18,5,230,A,1140,Single carriageway - 2 lanes,30,Not at or within 20 metres of junction,unset,\,,Daylight: no street lighting,Fine (without high winds),Dry,None,None,No overtaking,328490,674170,554882,Segment,Cyclist,362455,unset,EH87BB,No crossing facility within 50m or physical crossing facility not controlled by authorised person,No physical crossing facility within 50m,At scene,55.9552672742,-3.14540189867,"{""type"": ""Feature"",""geometry"": {""type"": ""Point"",""coordinates"": -3.14540189867, 55.9552672742}}"
501111,,Slight,1,1,28/07/2011,Thursday,28,July,11,16,30,230,C,,Single carriageway - 2 lanes,30,'T' or staggered junction,Give way sign or markings,Unclassified,,Daylight: no street lighting,Raining (without high winds),Dry,None,None,No overtaking,325700,673330,521541,Junction,Pedestrian,362456,unset,EH11EL,Control by other authorised person,Pedestrian phase at traffic signal junction,Elsewhere,55.947297465,-3.18984823112,"{""type"": ""Feature"",""geometry"": {""type"": ""Point"",""coordinates"": -3.18984823112, 55.947297465}}"
502211,,Serious,1,1,31/07/2011,Sunday,31,July,11,3,0,230,A,1,Single carriageway - 2 lanes,30,Not at or within 20 metres of junction,unset,\,,Daylight: no street lighting,Fine (without high winds),Dry,None,None,No overtaking,327670,674290,2306922,Segment,Pedestrian,362457,unset,EH76AE,No crossing facility within 50m or physical crossing facility not controlled by authorised person,No physical crossing facility within 50m,At scene,55.9562226059,-3.15856533797,"{""type"": ""Feature"",""geometry"": {""type"": ""Point"",""coordinates"": -3.15856533797, 55.9562226059}}"
502611,,Slight,2,1,01/08/2011,Monday,1,August,11,7,30,230,A,902,Single carriageway - 2 lanes,30,'T' or staggered junction,Automatic Traffic Signal,Unclassified,,Daylight: no street lighting,Fine (without high winds),Dry,None,None,No overtaking,322480,674960,520062,Junction,Cyclist,362727,unset,EH42NG,Control by other authorised person,Pedestrian phase at traffic signal junction,At scene,55.9614323192,-3.24186906884,"{""type"": ""Feature"",""geometry"": {""type"": ""Point"",""coordinates"": -3.24186906884, 55.9614323192}}"