acc_ref,beat_no,severity,no_vehicle,no_casualt,a_date,a_day,a_date_day,a_date_mon,a_date_yr,a_time_hr,a_time_min,loc_auth,road1_class,road1_no,road_type,speed_limi,junc_det,junc_ctrl,road2_class,road2_no,light_cond,weather,road_surf,spec_cond,cway_hzrds,ovrtk_patrn,easting,northing,net_id,net_type,acc_type,text_id,division,Postcode,ped_xing_hc,ped_xing_p,place_reported,latitude,longitude,geojson
503511,,Slight,1,1,29/07/2011,Friday,29,July,11,21,0,230,Unclassified,,Single carriageway - 2 lanes,30,'T' or staggered junction,Give way sign or markings,A,6095,Daylight: street lights present,Fine (without high winds),Dry,None,None,No overtaking,329500,671590,523821,Junction,Bus,362458,unset,EH164EG,No crossing facility within 50m or physical crossing facility not controlled by authorised person,No physical crossing facility within 50m,Elsewhere,55.9322376002,-3.128553607,"{""type"": ""Feature"",""geometry"": {""type"": ""Point"",""coordinates"": -3.128553607, 55.9322376002}}"
504311,,Serious,2,1,30/07/2011,Saturday,30,July,11,12,40,230,Unclassified,,Single carriageway - 2 lanes,60,Not at or within 20 metres of junction,unset,\,,Daylight: no street lighting,Fine (without high winds),Dry,None,None,No overtaking,315190,672770,6423426,Junction,T.V.N.P.,362459,unset,EH288NQ,No crossing facility within 50m or physical crossing facility not controlled by authorised person,No physical crossing facility within 50m,At scene,55.9405271536,-3.35793056531,"{""type"": ""Feature"",""geometry"": {""type"": ""Point"",""coordinates"": -3.35793056531, 55.9405271536}}"
504411,,Slight,1,1,30/07/2011,Saturday,30,July,11,13,20,230,A,6095,Single carriageway - 2 lanes,30,Not at or within 20 metres of junction,unset,\,,Daylight: street lights present,Fine (without high winds),Dry,None,None,No overtaking,329870,671740,553868,Segment,Pedestrian,362460,unset,EH164RA,No crossing facility within 50m or physical crossing facility not controlled by authorised person,No physical crossing facility within 50m,Elsewhere,55.9336393208,-3.12267095499,"{""type"": ""Feature"",""geometry"": {""type"": ""Point"",""coordinates"": -3.12267095499, 55.9336393208}}"
505211,,Slight,2,1,31/07/2011,Sunday,31,July,11,11,30,230,A,8,Single carriageway - 2 lanes,30,Other junction,Give way sign or markings,Unclassified,,Daylight: street lights present,Fine (without high winds),Dry,None,None,No overtaking,323800,673220,521298,Junction,T.V.N.P.,362461,unset,EH125LQ,No crossing facility within 50m or physical crossing facility not controlled by authorised person,No physical crossing facility within 50m,Elsewhere,55.9460117611,-3.2202362929,"{""type"": ""Feature"",""geometry"": {""type"": ""Point"",""coordinates"": -3.2202362929, 55.9460117611}}"
505411,,Slight,2,1,31/07/2011,Sunday,31,July,11,13,45,230,B,700,Single carriageway - 2 lanes,30,Multiple junction,Automatic Traffic Signal,Unclassified,,Daylight: street lights present,Fine (without high winds),Dry,None,None,No overtaking,324480,673210,521379,Junction,T.V.N.P.,362462,unset,EH38AJ,Control by other authorised person,Pedestrian phase at traffic signal junction,At scene,55.9460292507,-3.20934698541,"{""type"": ""Feature"",""geometry"": {""type"": ""Point"",""coordinates"": -3.20934698541, 55.9460292507}}"
505511,,Slight,2,1,31/07/2011,Sunday,31,July,11,13,45,230,Motorway,8,Dual carriageway - 2 lanes,70,Not at or within 20 metres of junction,unset,\,,Daylight: street lights present,Fine (without high winds),Dry,None,None,No overtaking,312600,672230,6452359,Segment,T.V.N.P.,362463,unset,EH288PL,No crossing facility within 50m or physical crossing facility not controlled by authorised person,No physical crossing facility within 50m,Elsewhere,55.9352123544,-3.39921160645,"{""type"": ""Feature"",""geometry"": {""type"": ""Point"",""coordinates"": -3.39921160645, 55.9352123544}}"
506111,,Slight,3,5,31/07/2011,Sunday,31,July,11,14,18,230,Unclassified,,Single carriageway - 2 lanes,30,Not at or within 20 metres of junction,unset,\,,Daylight: no street lighting,Fine (without high winds),Dry,None,None,No overtaking,319900,671150,551797,Segment,M.V.N.P.,362464,unset,EH113UP,No crossing facility within 50m or physical crossing facility not controlled by authorised person,"Pelican, puffin, toucan or similar non-junction pedestrian light crossing",At scene,55.9267816041,-3.28205778068,"{""type"": ""Feature"",""geometry"": {""type"": ""Point"",""coordinates"": -3.28205778068, 55.9267816041}}"
507211,,Slight,1,1,01/08/2011,Monday,1,August,11,12,0,230,A,900,Single carriageway - 2 lanes,30,Other junction,Automatic Traffic Signal,Unclassified,,Daylight: street lights present,Fine (without high winds),Dry,None,None,No overtaking,326570,675150,519867,Junction,Bus,362728,unset,EH68SE,No crossing facility within 50m or physical crossing facility not controlled by authorised person,No physical crossing facility within 50m,Elsewhere,55.9637819077,-3.17641509057,"{""type"": ""Feature"",""geometry"": {""type"": ""Point"",""coordinates"": -3.17641509057, 55.9637819077}}"
507411,,Slight,1,1,01/08/2011,Monday,1,August,11,10,45,230,C,,Single carriageway - 2 lanes,30,Not at or within 20 metres of junction,unset,\,,Daylight: street lights present,Fine (without high winds),Dry,None,None,No overtaking,322820,676280,559937,Segment,Bus,362729,unset,EH52NR,No crossing facility within 50m or physical crossing facility not controlled by authorised person,No physical crossing facility within 50m,Elsewhere,55.9733455537,-3.23680195123,"{""type"": ""Feature"",""geometry"": {""type"": ""Point"",""coordinates"": -3.23680195123, 55.9733455537}}"
507711,,Slight,3,1,01/08/2011,Monday,1,August,11,10,40,230,A,702,Single carriageway - 2 lanes,30,'T' or staggered junction,Give way sign or markings,Unclassified,,Daylight: street lights present,Other,Dry,None,None,No overtaking,324620,668580,533092,Junction,M.V.N.P.,362730,unset,EH106RH,No crossing facility within 50m or physical crossing facility not controlled by authorised person,Pedestrian phase at traffic signal junction,At scene,55.9044559403,-3.20581330659,"{""type"": ""Feature"",""geometry"": {""type"": ""Point"",""coordinates"": -3.20581330659, 55.9044559403}}"
508511,,Slight,2,1,01/08/2011,Monday,1,August,11,9,35,230,Unclassified,,Single carriageway - 2 lanes,30,Using private drive or entrance,Give way sign or markings,Unclassified,,Daylight: street lights present,Fine (without high winds),Dry,None,None,No overtaking,322860,670820,529750,Junction,Cyclist,362731,unset,EH141BY,No crossing facility within 50m or physical crossing facility not controlled by authorised person,Pedestrian phase at traffic signal junction,Elsewhere,55.9243008036,-3.2345992071,"{""type"": ""Feature"",""geometry"": {""type"": ""Point"",""coordinates"": -3.2345992071, 55.9243008036}}"
509311,,Slight,2,1,02/08/2011,Tuesday,2,August,11,8,15,230,Unclassified,,One way Street,30,Other junction,Give way sign or markings,A,8,Daylight: street lights present,Raining (without high winds),Dry,None,None,No overtaking,324270,673330,521325,Junction,T.V.N.P.,362732,unset,EH38HX,No crossing facility within 50m or physical crossing facility not controlled by authorised person,Pedestrian phase at traffic signal junction,At scene,55.9470742655,-3.21274269068,"{""type"": ""Feature"",""geometry"": {""type"": ""Point"",""coordinates"": -3.21274269068, 55.9470742655}}"
510911,,Slight,1,1,01/08/2011,Monday,1,August,11,22,0,230,C,,Single carriageway - 2 lanes,30,Crossroads,Automatic Traffic Signal,C,,Daylight: no street lighting,Fine (without high winds),Dry,None,None,No overtaking,325620,673550,521124,Junction,Pedestrian,362733,unset,EH11RN,Control by other authorised person,Pedestrian phase at traffic signal junction,At scene,55.9492615443,-3.19118972922,"{""type"": ""Feature"",""geometry"": {""type"": ""Point"",""coordinates"": -3.19118972922, 55.9492615443}}"
511111,,Slight,2,1,02/08/2011,Tuesday,2,August,11,15,53,230,C,,Single carriageway - 2 lanes,30,'T' or staggered junction,Automatic Traffic Signal,Unclassified,,Daylight: street lights present,Fine (without high winds),Dry,None,None,No overtaking,325330,673070,521469,Junction,Cyclist,362734,unset,EH39EN,Control by other authorised person,Pedestrian phase at traffic signal junction,Elsewhere,55.9449043162,-3.19570002035,"{""type"": ""Feature"",""geometry"": {""type"": ""Point"",""coordinates"": -3.19570002035, 55.9449043162}}"
511511,,Slight,2,1,03/08/2011,Wednesday,3,August,11,8,0,230,A,70,Single carriageway - 2 lanes,30,Crossroads,Automatic Traffic Signal,Unclassified,,Daylight: no street lighting,Fine (without high winds),Dry,None,None,No overtaking,323470,672250,521991,Junction,Cyclist,362735,unset,EH111NX,Control by other authorised person,Pedestrian phase at traffic signal junction,At scene,55.9372450658,-3.22524426104,"{""type"": ""Feature"",""geometry"": {""type"": ""Point"",""coordinates"": -3.22524426104, 55.9372450658}}"
512411,,Serious,1,2,02/08/2011,Tuesday,2,August,11,17,54,230,A,702,Single carriageway - 2 lanes,30,Multiple junction,Automatic Traffic Signal,A,8,Daylight: street lights present,Fine (without high winds),Dry,None,None,No overtaking,324720,673670,522381,Junction,Pedestrian,356867,unset,EH12DA,Control by other authorised person,Pedestrian phase at traffic signal junction,At scene,55.9501994646,-3.20563309162,"{""type"": ""Feature"",""geometry"": {""type"": ""Point"",""coordinates"": -3.20563309162, 55.9501994646}}"
512511,,Slight,2,1,02/08/2011,Tuesday,2,August,11,14,30,230,A,900,Single carriageway - 2 lanes,30,Crossroads,Give way sign or markings,Unclassified,,Daylight: street lights present,Raining (without high winds),Dry,None,None,No overtaking,327240,676340,519256,Junction,T.V.N.P.,362736,unset,EH66RR,No crossing facility within 50m or physical crossing facility not controlled by authorised person,No physical crossing facility within 50m,At scene,55.9745747489,-3.16600509987,"{""type"": ""Feature"",""geometry"": {""type"": ""Point"",""coordinates"": -3.16600509987, 55.9745747489}}"
512711,,Slight,2,1,03/08/2011,Wednesday,3,August,11,12,35,230,A,8,Single carriageway - 2 lanes,30,'T' or staggered junction,Give way sign or markings,Unclassified,,Daylight: street lights present,Fine (without high winds),Dry,None,None,No overtaking,321760,673100,521241,Junction,T.V.N.P.,362737,unset,EH126JQ,Control by other authorised person,Central refuge - no other controls,At scene,55.9446059671,-3.25286055732,"{""type"": ""Feature"",""geometry"": {""type"": ""Point"",""coordinates"": -3.25286055732, 55.9446059671}}"
512911,,Slight,2,1,03/08/2011,Wednesday,3,August,11,17,20,230,Unclassified,,Single carriageway - 2 lanes,30,'T' or staggered junction,Give way sign or markings,Unclassified,,Daylight: street lights present,Fine (without high winds),Dry,None,None,No overtaking,323670,675640,12232947,Junction,T.V.N.P.,362738,unset,EH41RD,No crossing facility within 50m or physical crossing facility not controlled by authorised person,No physical crossing facility within 50m,At scene,55.9677318404,-3.22300288622,"{""type"": ""Feature"",""geometry"": {""type"": ""Point"",""coordinates"": -3.22300288622, 55.9677318404}}"
513211,,Serious,2,2,04/08/2011,Thursday,4,August,11,21,30,230,Unclassified,,Single carriageway - 2 lanes,30,Not at or within 20 metres of junction,unset,\,,Darkness: no street lighting,Fine (without high winds),Dry,None,None,No overtaking,321040,676790,12226678,Segment,T.V.N.P.,362739,unset,EH45EN,No crossing facility within 50m or physical crossing facility not controlled by authorised person,No physical crossing facility within 50m,At scene,55.9776377611,-3.26546812644,"{""type"": ""Feature"",""geometry"": {""type"": ""Point"",""coordinates"": -3.26546812644, 55.9776377611}}"
513411,,Slight,1,1,03/08/2011,Wednesday,3,August,11,15,0,230,C,,Single carriageway - 2 lanes,30,'T' or staggered junction,Give way sign or markings,Unclassified,,Daylight: no street lighting,Fine (without high winds),Dry,None,None,No overtaking,325640,673490,521547,Junction,Pedestrian,362740,unset,EH11EE,Control by other authorised person,Central refuge - no other controls,At scene,55.9487256065,-3.19085296308,"{""type"": ""Feature"",""geometry"": {""type"": ""Point"",""coordinates"": -3.19085296308, 55.9487256065}}"
513511,,Slight,1,1,03/08/2011,Wednesday,3,August,11,12,15,230,Unclassified,,Single carriageway - 2 lanes,20,'T' or staggered junction,Give way sign or markings,Unclassified,,Daylight: street lighting unknown,Fine (without high winds),Dry,None,None,No overtaking,311900,674770,0,Unset,Pedestrian,362741,unset,EH299ED,No crossing facility within 50m or physical crossing facility not controlled by authorised person,No physical crossing facility within 50m,At scene,55.9579016809,-3.4112440096,"{""type"": ""Feature"",""geometry"": {""type"": ""Point"",""coordinates"": -3.4112440096, 55.9579016809}}"
513811,,Slight,1,1,30/07/2011,Saturday,30,July,11,1,0,230,Unclassified,,Single carriageway - 2 lanes,30,'T' or staggered junction,Give way sign or markings,Unclassified,,Darkness: street lighting unknown,Fine (without high winds),Dry,Road works present,Other object in carriageway,No overtaking,324450,673270,521376,Junction,S.V.N.P.,362465,unset,EH38ED,No crossing facility within 50m or physical crossing facility not controlled by authorised person,No physical crossing facility within 50m,At scene,55.9465635652,-3.20984408041,"{""type"": ""Feature"",""geometry"": {""type"": ""Point"",""coordinates"": -3.20984408041, 55.9465635652}}"
514011,,Slight,1,1,25/03/2011,Friday,25,March,11,16,40,230,Unclassified,,Single carriageway - 2 lanes,30,'T' or staggered junction,Give way sign or markings,Unclassified,,Daylight: street lights present,Fine (without high winds),Dry,None,None,No overtaking,327170,675810,0,Unset,Pedestrian,356869,unset,EH68HP,No crossing facility within 50m or physical crossing facility not controlled by authorised person,No physical crossing facility within 50m,At scene,55.9698026563,-3.16698325715,"{""type"": ""Feature"",""geometry"": {""type"": ""Point"",""coordinates"": -3.16698325715, 55.9698026563}}"
514211,,Slight,2,1,04/08/2011,Thursday,4,August,11,16,45,230,C,,Single carriageway - 2 lanes,30,Not at or within 20 metres of junction,unset,\,,Daylight: no street lighting,Fine (without high winds),Dry,None,None,No overtaking,325800,674340,566777,Segment,T.V.N.P.,362742,unset,EH13HP,No crossing facility within 50m or physical crossing facility not controlled by authorised person,No physical crossing facility within 50m,At scene,55.956386637,-3.18852517613,"{""type"": ""Feature"",""geometry"": {""type"": ""Point"",""coordinates"": -3.18852517613, 55.956386637}}"
514711,,Slight,1,1,03/04/2011,Sunday,3,April,11,18,15,230,Unclassified,,Single carriageway - 2 lanes,30,Not at or within 20 metres of junction,unset,\,,Daylight: street lights present,Fine (without high winds),Dry,None,None,No overtaking,326760,671760,569321,Segment,Bus,356871,unset,EH92BU,No crossing facility within 50m or physical crossing facility not controlled by authorised person,No physical crossing facility within 50m,Elsewhere,55.9333553655,-3.17245111523,"{""type"": ""Feature"",""geometry"": {""type"": ""Point"",""coordinates"": -3.17245111523, 55.9333553655}}"
515311,,Slight,1,1,30/07/2011,Saturday,30,July,11,11,30,230,C,,Single carriageway - 2 lanes,30,Not at or within 20 metres of junction,unset,\,,Daylight: street lights present,Fine (without high winds),Dry,None,None,No overtaking,326490,671850,529456,Junction,Pedestrian,362466,unset,EH91SX,No crossing facility within 50m or physical crossing facility not controlled by authorised person,No physical crossing facility within 50m,Elsewhere,55.9341227208,-3.17679685578,"{""type"": ""Feature"",""geometry"": {""type"": ""Point"",""coordinates"": -3.17679685578, 55.9341227208}}"
515411,,Slight,2,1,05/08/2011,Friday,5,August,11,7,40,230,B,701,Single carriageway - 2 lanes,30,Other junction,Give way sign or markings,Unclassified,,Daylight: street lights present,Fine (without high winds),Dry,None,None,No overtaking,319080,674170,520356,Junction,Cyclist,362743,unset,EH48DB,No crossing facility within 50m or physical crossing facility not controlled by authorised person,No physical crossing facility within 50m,At scene,55.9537746251,-3.29608446665,"{""type"": ""Feature"",""geometry"": {""type"": ""Point"",""coordinates"": -3.29608446665, 55.9537746251}}"
515811,,Serious,1,1,03/08/2011,Wednesday,3,August,11,13,45,230,B,9080,Single carriageway - 2 lanes,60,Not at or within 20 metres of junction,unset,\,,Daylight: no street lighting,Fine (without high winds),Dry,None,None,No overtaking,311110,674940,12230607,Segment,Cyclist,362744,unset,EH299EF,No crossing facility within 50m or physical crossing facility not controlled by authorised person,No physical crossing facility within 50m,At scene,55.9592832771,-3.4239504477,"{""type"": ""Feature"",""geometry"": {""type"": ""Point"",""coordinates"": -3.4239504477, 55.9592832771}}"
516311,,Slight,1,2,05/08/2011,Friday,5,August,11,8,0,230,Unclassified,,Single carriageway - 2 lanes,60,'T' or staggered junction,Stop sign,Unclassified,,Daylight: no street lighting,Fine (without high winds),Dry,None,None,No overtaking,317210,668720,12230241,Junction,S.V.N.P.,362745,unset,EH144AD,No crossing facility within 50m or physical crossing facility not controlled by authorised person,No physical crossing facility within 50m,Elsewhere,55.9044962783,-3.32435594658,"{""type"": ""Feature"",""geometry"": {""type"": ""Point"",""coordinates"": -3.32435594658, 55.9044962783}}"
516811,,Slight,1,1,05/08/2011,Friday,5,August,11,15,10,230,Unclassified,,Single carriageway - 2 lanes,30,Not at or within 20 metres of junction,unset,\,,Daylight: street lights present,Fine (without high winds),Dry,None,None,No overtaking,324680,673630,0,Unset,Pedestrian,362746,unset,EH12AE,No crossing facility within 50m or physical crossing facility not controlled by authorised person,No physical crossing facility within 50m,At scene,55.9498338437,-3.20626237118,"{""type"": ""Feature"",""geometry"": {""type"": ""Point"",""coordinates"": -3.20626237118, 55.9498338437}}"
517511,,Serious,2,1,05/08/2011,Friday,5,August,11,17,0,230,A,90,One way Street,30,'T' or staggered junction,Give way sign or markings,Unclassified,,Daylight: street lights present,Fine (without high winds),Dry,None,None,No overtaking,324610,673890,520971,Junction,T.V.N.P.,362747,unset,EH24DR,No crossing facility within 50m or physical crossing facility not controlled by authorised person,No physical crossing facility within 50m,At scene,55.9521586611,-3.20745585275,"{""type"": ""Feature"",""geometry"": {""type"": ""Point"",""coordinates"": -3.20745585275, 55.9521586611}}"
518311,,Slight,2,1,06/08/2011,Saturday,6,August,11,11,22,230,Unclassified,,Single carriageway - 2 lanes,30,Crossroads,Automatic Traffic Signal,Unclassified,,Daylight: street lights present,Fine (without high winds),Dry,None,None,No overtaking,323340,674890,520071,Junction,Cyclist,362748,unset,EH41QL,No crossing facility within 50m or physical crossing facility not controlled by authorised person,No physical crossing facility within 50m,At scene,55.9609414759,-3.22807554788,"{""type"": ""Feature"",""geometry"": {""type"": ""Point"",""coordinates"": -3.22807554788, 55.9609414759}}"
519111,,Slight,2,1,06/08/2011,Saturday,6,August,11,19,2,230,B,900,Single carriageway - 2 lanes,30,Crossroads,Give way sign or markings,Unclassified,,Daylight: no street lighting,Fine (without high winds),Dry,None,None,No overtaking,323740,674670,520083,Junction,T.V.N.P.,362749,unset,EH41BQ,Control by other authorised person,"Pelican, puffin, toucan or similar non-junction pedestrian light crossing",At scene,55.959028717,-3.22160702221,"{""type"": ""Feature"",""geometry"": {""type"": ""Point"",""coordinates"": -3.22160702221, 55.959028717}}"
520011,,Slight,1,1,07/08/2011,Sunday,7,August,11,10,0,230,A,7,Single carriageway - 2 lanes,30,'T' or staggered junction,Give way sign or markings,Unclassified,,Daylight: no street lighting,Fine (without high winds),Dry,None,None,No overtaking,326090,673170,521580,Junction,Bus,362750,unset,EH89BZ,Control by other authorised person,Pedestrian phase at traffic signal junction,At scene,55.9459201745,-3.1835603837,"{""type"": ""Feature"",""geometry"": {""type"": ""Point"",""coordinates"": -3.1835603837, 55.9459201745}}"
521511,,Slight,1,1,07/08/2011,Sunday,7,August,11,16,0,230,A,71,Single carriageway - 2 lanes,40,Not at or within 20 metres of junction,unset,\,,Daylight: street lights present,Raining (without high winds),Dry,None,None,No overtaking,318470,670280,2578732,Segment,S.V.N.P.,362751,unset,EH144AW,No crossing facility within 50m or physical crossing facility not controlled by authorised person,No physical crossing facility within 50m,At scene,55.9187256632,-3.30467673397,"{""type"": ""Feature"",""geometry"": {""type"": ""Point"",""coordinates"": -3.30467673397, 55.9187256632}}"
521611,,Serious,1,2,08/08/2011,Monday,8,August,11,13,55,230,C,,Single carriageway - 2 lanes,30,Roundabout,Give way sign or markings,C,,Daylight: street lighting unknown,Fine (without high winds),Dry,None,None,No overtaking,325130,674000,521067,Junction,Bus,362752,unset,EH21EX,Control by other authorised person,Zebra crossing,At scene,55.9532281875,-3.1991600739,"{""type"": ""Feature"",""geometry"": {""type"": ""Point"",""coordinates"": -3.1991600739, 55.9532281875}}"
522911,,Slight,2,1,06/08/2011,Saturday,6,August,11,11,45,230,A,199,Single carriageway - 2 lanes,30,Not at or within 20 metres of junction,unset,\,,Daylight: street lights present,Fine (without high winds),Dry,None,None,No overtaking,331350,672910,2106187,Segment,Cyclist,362753,unset,EH152NE,No crossing facility within 50m or physical crossing facility not controlled by authorised person,No physical crossing facility within 50m,At scene,55.9443643898,-3.09928111697,"{""type"": ""Feature"",""geometry"": {""type"": ""Point"",""coordinates"": -3.09928111697, 55.9443643898}}"
523611,,Serious,2,1,06/08/2011,Saturday,6,August,11,11,15,230,A,1,Single carriageway - 2 lanes,40,Roundabout,Give way sign or markings,Unclassified,,Daylight: street lights present,Fine (without high winds),Dry,None,None,No overtaking,331220,672910,521502,Junction,T.V.N.P.,362754,unset,EH153QH,No crossing facility within 50m or physical crossing facility not controlled by authorised person,Pedestrian phase at traffic signal junction,At scene,55.9443458049,-3.10136235338,"{""type"": ""Feature"",""geometry"": {""type"": ""Point"",""coordinates"": -3.10136235338, 55.9443458049}}"
523911,,Slight,2,2,08/08/2011,Monday,8,August,11,12,20,230,Unclassified,,Single carriageway - 2 lanes,30,Other junction,Give way sign or markings,Unclassified,,Daylight: no street lighting,Fine (without high winds),Dry,None,None,No overtaking,326250,673800,521169,Junction,T.V.N.P.,362755,unset,EH88BH,No crossing facility within 50m or physical crossing facility not controlled by authorised person,No physical crossing facility within 50m,At scene,55.9516046168,-3.18117113202,"{""type"": ""Feature"",""geometry"": {""type"": ""Point"",""coordinates"": -3.18117113202, 55.9516046168}}"
524611,,Serious,1,1,08/08/2011,Monday,8,August,11,8,0,230,Unclassified,,Single carriageway - 2 lanes,30,Not at or within 20 metres of junction,unset,\,,Daylight: no street lighting,Fine (without high winds),Dry,None,None,No overtaking,322560,672460,559248,Segment,Pedestrian,362756,unset,EH112QE,No crossing facility within 50m or physical crossing facility not controlled by authorised person,No physical crossing facility within 50m,At scene,55.9389859385,-3.23986980147,"{""type"": ""Feature"",""geometry"": {""type"": ""Point"",""coordinates"": -3.23986980147, 55.9389859385}}"
524811,,Fatal,2,1,09/08/2011,Tuesday,9,August,11,18,42,230,A,1140,Single carriageway - 2 lanes,30,'T' or staggered junction,Give way sign or markings,Unclassified,,Daylight: no street lighting,Fine (without high winds),Dry,None,None,No overtaking,329030,674250,523440,Junction,Cyclist,362757,unset,EH76PX,Control by other authorised person,Pedestrian phase at traffic signal junction,At scene,55.9560660659,-3.13677550672,"{""type"": ""Feature"",""geometry"": {""type"": ""Point"",""coordinates"": -3.13677550672, 55.9560660659}}"
525011,,Slight,1,1,09/08/2011,Tuesday,9,August,11,12,10,230,C,,Single carriageway - 2 lanes,20,Not at or within 20 metres of junction,unset,\,,Daylight: no street lighting,Fine (without high winds),Dry,None,None,No overtaking,325670,673400,567153,Segment,Bus,362758,unset,EH11EJ,No crossing facility within 50m or physical crossing facility not controlled by authorised person,No physical crossing facility within 50m,At scene,55.9479216981,-3.19034783147,"{""type"": ""Feature"",""geometry"": {""type"": ""Point"",""coordinates"": -3.19034783147, 55.9479216981}}"
525111,,Slight,1,1,09/08/2011,Tuesday,9,August,11,12,15,230,A,8,Dual carriageway - 2 lanes,30,'T' or staggered junction,Automatic Traffic Signal,Unclassified,,Daylight: no street lighting,Fine (without high winds),Dry,None,None,No overtaking,325650,673950,521088,Junction,Pedestrian,362759,unset,EH22BY,Control by other authorised person,Pedestrian phase at traffic signal junction,At scene,55.9528597375,-3.1908197018,"{""type"": ""Feature"",""geometry"": {""type"": ""Point"",""coordinates"": -3.1908197018, 55.9528597375}}"
525311,,Slight,1,1,09/08/2011,Tuesday,9,August,11,12,38,230,Unclassified,,Single carriageway - 2 lanes,30,Crossroads,Automatic Traffic Signal,A,89,Daylight: no street lighting,Fine (without high winds),Dry,None,None,No overtaking,312140,672820,517558,Junction,Pedestrian,362760,unset,EH288SJ,Control by other authorised person,Pedestrian phase at traffic signal junction,At scene,55.9404285668,-3.40676548505,"{""type"": ""Feature"",""geometry"": {""type"": ""Point"",""coordinates"": -3.40676548505, 55.9404285668}}"
525611,,Slight,2,1,09/08/2011,Tuesday,9,August,11,16,51,230,A,7,Single carriageway - 2 lanes,30,'T' or staggered junction,Give way sign or markings,C,,Daylight: no street lighting,Fine (without high winds),Dry,None,None,No overtaking,328650,670350,530125,Junction,Cyclist,362761,unset,EH164SZ,Control by other authorised person,Pedestrian phase at traffic signal junction,At scene,55.920971987,-3.14182962403,"{""type"": ""Feature"",""geometry"": {""type"": ""Point"",""coordinates"": -3.14182962403, 55.920971987}}"
525811,,Slight,2,1,09/08/2011,Tuesday,9,August,11,17,37,230,Unclassified,,Single carriageway - 2 lanes,30,'T' or staggered junction,Give way sign or markings,C,,Daylight: no street lighting,Fine (without high winds),Dry,None,None,No overtaking,328630,670360,530125,Junction,T.V.N.P.,362762,unset,EH164SZ,Control by other authorised person,Pedestrian phase at traffic signal junction,At scene,55.9210588611,-3.14215225894,"{""type"": ""Feature"",""geometry"": {""type"": ""Point"",""coordinates"": -3.14215225894, 55.9210588611}}"
526011,,Slight,1,1,09/08/2011,Tuesday,9,August,11,14,54,230,Unclassified,,Single carriageway - 2 lanes,30,'T' or staggered junction,Automatic Traffic Signal,C,,Daylight: no street lighting,Fine (without high winds),Dry,None,None,No overtaking,325530,674100,520563,Junction,Pedestrian,362763,unset,EH22PA,Control by other authorised person,Pedestrian phase at traffic signal junction,Elsewhere,55.9541887346,-3.19278263934,"{""type"": ""Feature"",""geometry"": {""type"": ""Point"",""coordinates"": -3.19278263934, 55.9541887346}}"
527311,,Slight,3,1,06/08/2011,Saturday,6,August,11,3,21,230,Unclassified,,Single carriageway - 2 lanes,30,'T' or staggered junction,Give way sign or markings,Unclassified,,Darkness: street lights present and lit,Fine (without high winds),Dry,None,None,No overtaking,313820,670700,12231764,Junction,M.V.N.P.,362764,unset,EH288RD,No crossing facility within 50m or physical crossing facility not controlled by authorised person,No physical crossing facility within 50m,At scene,55.921688199,-3.37919835238,"{""type"": ""Feature"",""geometry"": {""type"": ""Point"",""coordinates"": -3.37919835238, 55.921688199}}"
528111,,Slight,1,1,07/08/2011,Sunday,7,August,11,17,30,230,A,900,Single carriageway - 2 lanes,30,'T' or staggered junction,Give way sign or markings,Unclassified,,Daylight: street lights present,Raining (without high winds),Dry,None,None,No overtaking,326800,675580,519478,Junction,Pedestrian,362765,unset,EH68NR,No crossing facility within 50m or physical crossing facility not controlled by authorised person,No physical crossing facility within 50m,At scene,55.9676800983,-3.17284800289,"{""type"": ""Feature"",""geometry"": {""type"": ""Point"",""coordinates"": -3.17284800289, 55.9676800983}}"
528911,,Slight,1,1,10/08/2011,Wednesday,10,August,11,14,28,230,A,7,Single carriageway - 2 lanes,30,Not at or within 20 metres of junction,unset,\,,Daylight: street lights present,Raining (without high winds),Dry,None,None,No overtaking,325980,673490,569294,Segment,Bus,362766,unset,EH11NQ,No crossing facility within 50m or physical crossing facility not controlled by authorised person,No physical crossing facility within 50m,At scene,55.9487780945,-3.18540927937,"{""type"": ""Feature"",""geometry"": {""type"": ""Point"",""coordinates"": -3.18540927937, 55.9487780945}}"
529211,,Slight,2,2,10/08/2011,Wednesday,10,August,11,16,35,230,Unclassified,,Single carriageway - 2 lanes,30,Not at or within 20 metres of junction,unset,\,,Daylight: no street lighting,Raining (without high winds),Dry,None,None,No overtaking,324380,675980,563652,Segment,T.V.N.P.,362767,unset,EH35PR,No crossing facility within 50m or physical crossing facility not controlled by authorised person,Pedestrian phase at traffic signal junction,At scene,55.9708986501,-3.21172520521,"{""type"": ""Feature"",""geometry"": {""type"": ""Point"",""coordinates"": -3.21172520521, 55.9708986501}}"