acc_ref,beat_no,severity,no_vehicle,no_casualt,a_date,a_day,a_date_day,a_date_mon,a_date_yr,a_time_hr,a_time_min,loc_auth,road1_class,road1_no,road_type,speed_limi,junc_det,junc_ctrl,road2_class,road2_no,light_cond,weather,road_surf,spec_cond,cway_hzrds,ovrtk_patrn,easting,northing,net_id,net_type,acc_type,text_id,division,Postcode,ped_xing_hc,ped_xing_p,place_reported,latitude,longitude,geojson
529411,,Slight,2,1,09/08/2011,Tuesday,9,August,11,15,1,230,A,900,Single carriageway - 2 lanes,40,Not at or within 20 metres of junction,unset,\,,Daylight: street lights present,Raining (without high winds),Dry,None,None,No overtaking,326540,675100,2578478,Segment,Bus,362768,unset,EH74NY,No crossing facility within 50m or physical crossing facility not controlled by authorised person,Pedestrian phase at traffic signal junction,Elsewhere,55.9633281252,-3.17688197002,"{""type"": ""Feature"",""geometry"": {""type"": ""Point"",""coordinates"": -3.17688197002, 55.9633281252}}"
529611,,Slight,3,1,27/07/2011,Wednesday,27,July,11,17,25,230,Motorway,9,Dual carriageway - 2 lanes,70,Slip road,Give way sign or markings,A,800,Daylight: no street lighting,Fine (without high winds),Dry,None,None,No overtaking,313780,677030,0,Unset,M.V.N.P.,362467,unset,EH309SR,No crossing facility within 50m or physical crossing facility not controlled by authorised person,No physical crossing facility within 50m,At scene,55.9785447461,-3.38186236984,"{""type"": ""Feature"",""geometry"": {""type"": ""Point"",""coordinates"": -3.38186236984, 55.9785447461}}"
530311,,Slight,1,1,06/08/2011,Saturday,6,August,11,22,55,230,Unclassified,,Single carriageway - 2 lanes,30,Not at or within 20 metres of junction,unset,\,,Darkness: street lights present and lit,Raining (without high winds),Dry,None,None,No overtaking,322560,669880,554753,Segment,S.V.N.P.,362769,unset,EH141DN,No crossing facility within 50m or physical crossing facility not controlled by authorised person,No physical crossing facility within 50m,At scene,55.9158078643,-3.23912988831,"{""type"": ""Feature"",""geometry"": {""type"": ""Point"",""coordinates"": -3.23912988831, 55.9158078643}}"
530711,,Slight,2,1,11/08/2011,Thursday,11,August,11,9,30,230,Unclassified,,Single carriageway - 2 lanes,30,Not at or within 20 metres of junction,unset,\,,Daylight: street lights present,Raining (without high winds),Dry,None,None,No overtaking,323820,675890,563649,Segment,T.V.N.P.,362770,unset,EH52DN,No crossing facility within 50m or physical crossing facility not controlled by authorised person,No physical crossing facility within 50m,At scene,55.9700015963,-3.2206708307,"{""type"": ""Feature"",""geometry"": {""type"": ""Point"",""coordinates"": -3.2206708307, 55.9700015963}}"
531511,,Serious,2,1,12/08/2011,Friday,12,August,11,10,32,230,Unclassified,,Single carriageway - 2 lanes,30,Crossroads,Automatic Traffic Signal,Unclassified,,Daylight: street lights present,Fine (without high winds),Dry,None,None,No overtaking,323510,671560,522276,Junction,T.V.N.P.,362771,unset,EH111NW,No crossing facility within 50m or physical crossing facility not controlled by authorised person,Pedestrian phase at traffic signal junction,At scene,55.9310526158,-3.22440848611,"{""type"": ""Feature"",""geometry"": {""type"": ""Point"",""coordinates"": -3.22440848611, 55.9310526158}}"
531711,,Slight,1,1,11/08/2011,Thursday,11,August,11,21,50,230,A,8,Dual carriageway - 2 lanes,30,Not at or within 20 metres of junction,unset,\,,Daylight: street lights present,Fine (without high winds),Dry,None,None,No overtaking,325220,673830,551202,Segment,Cyclist,362772,unset,EH22ER,No crossing facility within 50m or physical crossing facility not controlled by authorised person,Pedestrian phase at traffic signal junction,At scene,55.9517149477,-3.19767178339,"{""type"": ""Feature"",""geometry"": {""type"": ""Point"",""coordinates"": -3.19767178339, 55.9517149477}}"
532111,,Slight,1,1,11/08/2011,Thursday,11,August,11,15,40,230,C,,Single carriageway - 2 lanes,30,'T' or staggered junction,Give way sign or markings,Unclassified,,Daylight: street lights present,Raining (without high winds),Dry,None,None,No overtaking,325960,673650,521166,Junction,Pedestrian,362773,unset,EH11LL,No crossing facility within 50m or physical crossing facility not controlled by authorised person,No physical crossing facility within 50m,Elsewhere,55.9502124369,-3.18577342963,"{""type"": ""Feature"",""geometry"": {""type"": ""Point"",""coordinates"": -3.18577342963, 55.9502124369}}"
535711,,Slight,1,1,13/08/2011,Saturday,13,August,11,17,15,230,Unclassified,,Single carriageway - 2 lanes,30,Not at or within 20 metres of junction,unset,\,,Daylight: street lights present,Fine (without high winds),Dry,None,None,No overtaking,327660,674290,2306922,Segment,Pedestrian,362774,unset,EH76AE,No crossing facility within 50m or physical crossing facility not controlled by authorised person,No physical crossing facility within 50m,At scene,55.9562211003,-3.15872547884,"{""type"": ""Feature"",""geometry"": {""type"": ""Point"",""coordinates"": -3.15872547884, 55.9562211003}}"
535811,,Slight,1,1,13/08/2011,Saturday,13,August,11,12,50,230,A,8,Single carriageway - 2 lanes,30,'T' or staggered junction,Give way sign or markings,Unclassified,,Daylight: street lights present,Fine (without high winds),Dry,None,None,No overtaking,324510,673570,520884,Junction,Pedestrian,362775,unset,EH24RT,No crossing facility within 50m or physical crossing facility not controlled by authorised person,No physical crossing facility within 50m,At scene,55.9492681397,-3.20896747106,"{""type"": ""Feature"",""geometry"": {""type"": ""Point"",""coordinates"": -3.20896747106, 55.9492681397}}"
535911,,Serious,2,1,15/08/2011,Monday,15,August,11,8,45,230,Unclassified,,Single carriageway - 2 lanes,30,Not at or within 20 metres of junction,unset,\,,Daylight: street lights present,Fine (without high winds),Dry,None,None,No overtaking,325090,676570,10310176,Segment,Cyclist,362776,unset,EH53EL,No crossing facility within 50m or physical crossing facility not controlled by authorised person,No physical crossing facility within 50m,At scene,55.9763103871,-3.2005152358,"{""type"": ""Feature"",""geometry"": {""type"": ""Point"",""coordinates"": -3.2005152358, 55.9763103871}}"
536011,,Slight,1,1,13/08/2011,Saturday,13,August,11,16,0,230,B,900,Single carriageway - 2 lanes,30,Not at or within 20 metres of junction,unset,\,,Daylight: street lights present,Raining (without high winds),Dry,None,None,No overtaking,326180,675750,554120,Segment,Pedestrian,362777,unset,EH65BQ,No crossing facility within 50m or physical crossing facility not controlled by authorised person,No physical crossing facility within 50m,At scene,55.9691124544,-3.18282618612,"{""type"": ""Feature"",""geometry"": {""type"": ""Point"",""coordinates"": -3.18282618612, 55.9691124544}}"
536211,,Slight,2,1,13/08/2011,Saturday,13,August,11,14,0,230,A,1,Single carriageway - 2 lanes,30,Multiple junction,Give way sign or markings,Unclassified,,Daylight: street lights present,Fine (without high winds),Dry,None,None,No overtaking,331100,672900,523752,Junction,Cyclist,362778,unset,EH153BA,Control by other authorised person,Pedestrian phase at traffic signal junction,Elsewhere,55.9442387767,-3.10328093814,"{""type"": ""Feature"",""geometry"": {""type"": ""Point"",""coordinates"": -3.10328093814, 55.9442387767}}"
536411,,Slight,2,1,14/08/2011,Sunday,14,August,11,15,25,230,Unclassified,,Single carriageway - 2 lanes,30,'T' or staggered junction,Give way sign or markings,Unclassified,,Daylight: no street lighting,Fine (without high winds),Dry,None,None,No overtaking,312030,678230,3948649,Junction,T.V.N.P.,362779,unset,EH309XJ,No crossing facility within 50m or physical crossing facility not controlled by authorised person,No physical crossing facility within 50m,At scene,55.9890069067,-3.41029278485,"{""type"": ""Feature"",""geometry"": {""type"": ""Point"",""coordinates"": -3.41029278485, 55.9890069067}}"
537011,,Slight,1,2,13/08/2011,Saturday,13,August,11,16,7,230,C,,Single carriageway - 2 lanes,30,'T' or staggered junction,Automatic Traffic Signal,Unclassified,,Daylight: street lights present,Raining (without high winds),Dry,None,None,No overtaking,325770,674330,520590,Junction,Bus,362780,unset,EH13HP,No crossing facility within 50m or physical crossing facility not controlled by authorised person,Pedestrian phase at traffic signal junction,Elsewhere,55.9562921641,-3.1890028415,"{""type"": ""Feature"",""geometry"": {""type"": ""Point"",""coordinates"": -3.1890028415, 55.9562921641}}"
537111,,Slight,2,1,13/08/2011,Saturday,13,August,11,12,58,230,C,,Single carriageway - 2 lanes,30,Crossroads,Automatic Traffic Signal,Unclassified,,Daylight: street lights present,Fine (without high winds),Dry,None,None,No overtaking,325150,673060,521460,Junction,T.V.N.P.,362781,unset,EH39HH,Control by other authorised person,Pedestrian phase at traffic signal junction,At scene,55.9447864804,-3.19857889931,"{""type"": ""Feature"",""geometry"": {""type"": ""Point"",""coordinates"": -3.19857889931, 55.9447864804}}"
537911,,Slight,1,1,14/08/2011,Sunday,14,August,11,18,0,230,A,7,Single carriageway - 2 lanes,30,Not at or within 20 metres of junction,unset,\,,Daylight: street lights present,Fine (without high winds),Dry,None,None,No overtaking,325860,673960,569270,Segment,Pedestrian,362782,unset,EH11TR,No crossing facility within 50m or physical crossing facility not controlled by authorised person,No physical crossing facility within 50m,At scene,55.9529820244,-3.18745982052,"{""type"": ""Feature"",""geometry"": {""type"": ""Point"",""coordinates"": -3.18745982052, 55.9529820244}}"
538611,,Slight,1,1,07/08/2011,Sunday,7,August,11,2,5,230,Unclassified,,One way Street,30,Not at or within 20 metres of junction,unset,\,,Darkness: street lights present and lit,Raining (without high winds),Dry,None,None,No overtaking,325610,673490,567186,Segment,Pedestrian,362783,unset,EH12EX,No crossing facility within 50m or physical crossing facility not controlled by authorised person,No physical crossing facility within 50m,At scene,55.9487209637,-3.19133328724,"{""type"": ""Feature"",""geometry"": {""type"": ""Point"",""coordinates"": -3.19133328724, 55.9487209637}}"
539211,,Slight,2,3,15/08/2011,Monday,15,August,11,19,37,230,Unclassified,,Single carriageway - 2 lanes,30,Crossroads,Automatic Traffic Signal,Unclassified,,Daylight: street lights present,Fine (without high winds),Dry,None,None,No overtaking,326380,674880,520266,Junction,T.V.N.P.,362784,unset,EH75HP,No crossing facility within 50m or physical crossing facility not controlled by authorised person,No physical crossing facility within 50m,At scene,55.9613271705,-3.17938456056,"{""type"": ""Feature"",""geometry"": {""type"": ""Point"",""coordinates"": -3.17938456056, 55.9613271705}}"
539411,,Slight,2,1,15/08/2011,Monday,15,August,11,21,25,230,Unclassified,,Single carriageway - 2 lanes,30,'T' or staggered junction,Automatic Traffic Signal,Unclassified,,Darkness: street lights present and lit,Fine (without high winds),Dry,None,None,No overtaking,322280,671170,529564,Junction,T.V.N.P.,362785,unset,EH141QB,Control by other authorised person,Pedestrian phase at traffic signal junction,At scene,55.927351749,-3.2439801857,"{""type"": ""Feature"",""geometry"": {""type"": ""Point"",""coordinates"": -3.2439801857, 55.927351749}}"
540411,,Slight,1,2,16/08/2011,Tuesday,16,August,11,0,1,230,Unclassified,,Single carriageway - 2 lanes,30,Not at or within 20 metres of junction,unset,\,,Darkness: no street lighting,Fine (without high winds),Dry,None,None,No overtaking,320490,668550,0,Unset,S.V.N.P.,362786,unset,EH146BA,No crossing facility within 50m or physical crossing facility not controlled by authorised person,No physical crossing facility within 50m,At scene,55.9035219959,-3.27185205025,"{""type"": ""Feature"",""geometry"": {""type"": ""Point"",""coordinates"": -3.27185205025, 55.9035219959}}"
540611,,Slight,2,1,05/08/2011,Friday,5,August,11,23,15,230,A,900,Single carriageway - 2 lanes,30,'T' or staggered junction,Give way sign or markings,Unclassified,,Darkness: street lights present and lit,Raining (without high winds),Dry,None,None,No overtaking,326090,674460,520665,Junction,Cyclist,362787,unset,EH13NQ,Control by other authorised person,Zebra crossing,At scene,55.9575094044,-3.18391402196,"{""type"": ""Feature"",""geometry"": {""type"": ""Point"",""coordinates"": -3.18391402196, 55.9575094044}}"
541211,,Slight,3,1,16/08/2011,Tuesday,16,August,11,6,40,230,C,,Single carriageway - 2 lanes,30,Crossroads,Give way sign or markings,Unclassified,,Daylight: street lights present,Fine (without high winds),Dry,None,None,No overtaking,327030,675220,519900,Junction,M.V.N.P.,362788,unset,EH68RT,No crossing facility within 50m or physical crossing facility not controlled by authorised person,No physical crossing facility within 50m,At scene,55.9644808877,-3.16906616566,"{""type"": ""Feature"",""geometry"": {""type"": ""Point"",""coordinates"": -3.16906616566, 55.9644808877}}"
541411,,Slight,2,1,15/08/2011,Monday,15,August,11,11,0,230,Unclassified,,Single carriageway - 2 lanes,30,Crossroads,Automatic Traffic Signal,Unclassified,,Daylight: no street lighting,Fine (without high winds),Dry,None,None,No overtaking,329760,673300,523641,Junction,Bus,362789,unset,EH151ND,No crossing facility within 50m or physical crossing facility not controlled by authorised person,Pedestrian phase at traffic signal junction,At scene,55.9476384645,-3.12483763776,"{""type"": ""Feature"",""geometry"": {""type"": ""Point"",""coordinates"": -3.12483763776, 55.9476384645}}"
542211,,Slight,2,1,16/08/2011,Tuesday,16,August,11,13,48,230,C,,Single carriageway - 2 lanes,30,'T' or staggered junction,Give way sign or markings,Unclassified,,Daylight: no street lighting,Raining (without high winds),Dry,None,None,No overtaking,321960,672450,521913,Junction,Cyclist,362790,unset,EH125SA,No crossing facility within 50m or physical crossing facility not controlled by authorised person,No physical crossing facility within 50m,At scene,55.9387990796,-3.24947077954,"{""type"": ""Feature"",""geometry"": {""type"": ""Point"",""coordinates"": -3.24947077954, 55.9387990796}}"
542411,,Serious,2,1,16/08/2011,Tuesday,16,August,11,15,43,230,Unclassified,,Single carriageway - 2 lanes,30,Not at or within 20 metres of junction,unset,\,,Daylight: street lights present,Fine (without high winds),Dry,None,None,No overtaking,328960,669850,0,Unset,T.V.N.P.,362791,unset,EH177RN,No crossing facility within 50m or physical crossing facility not controlled by authorised person,No physical crossing facility within 50m,At scene,55.916525816,-3.13673825438,"{""type"": ""Feature"",""geometry"": {""type"": ""Point"",""coordinates"": -3.13673825438, 55.916525816}}"
543011,,Slight,2,1,16/08/2011,Tuesday,16,August,11,20,0,230,Unclassified,,Single carriageway - 2 lanes,30,'T' or staggered junction,Give way sign or markings,Unclassified,,Darkness: street lights present and lit,Raining (without high winds),Dry,None,None,No overtaking,328400,674980,523317,Junction,Cyclist,362792,unset,EH76EP,No crossing facility within 50m or physical crossing facility not controlled by authorised person,No physical crossing facility within 50m,Elsewhere,55.9625309154,-3.14705834735,"{""type"": ""Feature"",""geometry"": {""type"": ""Point"",""coordinates"": -3.14705834735, 55.9625309154}}"
543111,,Slight,2,1,16/08/2011,Tuesday,16,August,11,13,56,230,Unclassified,,Single carriageway - 2 lanes,40,'T' or staggered junction,Give way sign or markings,Unclassified,,Daylight: street lights present,Fine (without high winds),Dry,None,None,No overtaking,312440,672230,12231704,Junction,T.V.N.P.,362793,unset,EH288PJ,No crossing facility within 50m or physical crossing facility not controlled by authorised person,No physical crossing facility within 50m,At scene,55.9351832448,-3.40177223093,"{""type"": ""Feature"",""geometry"": {""type"": ""Point"",""coordinates"": -3.40177223093, 55.9351832448}}"
543511,,Slight,1,3,16/08/2011,Tuesday,16,August,11,13,5,230,Unclassified,,Single carriageway - 2 lanes,30,Crossroads,Give way sign or markings,Unclassified,,Daylight: street lights present,Raining (without high winds),Dry,None,None,No overtaking,326030,673300,521586,Junction,Pedestrian,362794,unset,EH89BE,No crossing facility within 50m or physical crossing facility not controlled by authorised person,No physical crossing facility within 50m,At scene,55.9470788516,-3.18455662008,"{""type"": ""Feature"",""geometry"": {""type"": ""Point"",""coordinates"": -3.18455662008, 55.9470788516}}"
543611,,Slight,2,1,15/08/2011,Monday,15,August,11,13,0,230,Unclassified,,Single carriageway - 2 lanes,30,Not at or within 20 metres of junction,unset,\,,Daylight: street lights present,Fine (without high winds),Dry,None,None,No overtaking,322830,676470,570093,Segment,T.V.N.P.,362795,unset,EH52LY,No crossing facility within 50m or physical crossing facility not controlled by authorised person,No physical crossing facility within 50m,Elsewhere,55.9750540623,-3.23669620518,"{""type"": ""Feature"",""geometry"": {""type"": ""Point"",""coordinates"": -3.23669620518, 55.9750540623}}"
544111,,Slight,2,1,10/08/2011,Wednesday,10,August,11,16,45,230,C,,Roundabout,30,Roundabout,Give way sign or markings,B,901,Daylight: street lights present,Unknown,Dry,None,None,No overtaking,325760,674670,520203,Junction,Cyclist,362796,unset,EH74BN,No crossing facility within 50m or physical crossing facility not controlled by authorised person,No physical crossing facility within 50m,Elsewhere,55.9593451356,-3.18925664021,"{""type"": ""Feature"",""geometry"": {""type"": ""Point"",""coordinates"": -3.18925664021, 55.9593451356}}"
545211,,Slight,3,2,02/08/2011,Tuesday,2,August,11,12,6,230,Unclassified,,Single carriageway - 2 lanes,30,Crossroads,Automatic Traffic Signal,C,,Daylight: street lights present,Fine (without high winds),Dry,None,None,No overtaking,326200,673570,521139,Junction,M.V.N.P.,362797,unset,EH11TA,Control by other authorised person,Pedestrian phase at traffic signal junction,At scene,55.9495306418,-3.18190878106,"{""type"": ""Feature"",""geometry"": {""type"": ""Point"",""coordinates"": -3.18190878106, 55.9495306418}}"
545311,,Slight,1,1,18/08/2011,Thursday,18,August,11,11,40,230,A,772,Single carriageway - 2 lanes,30,Other junction,Give way sign or markings,Unclassified,,Daylight: no street lighting,Raining (without high winds),Dry,None,None,No overtaking,329330,668580,530254,Junction,Bus,362798,unset,EH178RN,No crossing facility within 50m or physical crossing facility not controlled by authorised person,No physical crossing facility within 50m,At scene,55.9051704607,-3.13048700755,"{""type"": ""Feature"",""geometry"": {""type"": ""Point"",""coordinates"": -3.13048700755, 55.9051704607}}"
546011,,Slight,2,1,18/08/2011,Thursday,18,August,11,11,25,230,C,,Single carriageway - 2 lanes,30,Crossroads,Automatic Traffic Signal,C,,Daylight: street lights present,Fine (without high winds),Dry,None,None,No overtaking,325090,674130,520548,Junction,T.V.N.P.,362799,unset,EH21LN,Control by other authorised person,Pedestrian phase at traffic signal junction,At scene,55.9543898528,-3.19983670335,"{""type"": ""Feature"",""geometry"": {""type"": ""Point"",""coordinates"": -3.19983670335, 55.9543898528}}"
546411,,Slight,1,1,18/08/2011,Thursday,18,August,11,19,15,230,A,199,Single carriageway - 2 lanes,30,'T' or staggered junction,Automatic Traffic Signal,A,901,Daylight: street lights present,Fine (without high winds),Dry,None,None,No overtaking,326480,676750,531310,Junction,Bus,362800,unset,EH66NF,Control by other authorised person,Pedestrian phase at traffic signal junction,At scene,55.9781423629,-3.17829346858,"{""type"": ""Feature"",""geometry"": {""type"": ""Point"",""coordinates"": -3.17829346858, 55.9781423629}}"
546811,,Slight,2,1,17/08/2011,Wednesday,17,August,11,12,20,230,Unclassified,,Single carriageway - 2 lanes,30,'T' or staggered junction,Give way sign or markings,Unclassified,,Daylight: street lights present,Fine (without high winds),Dry,None,None,No overtaking,324800,671720,523833,Junction,Cyclist,362801,unset,EH104BJ,Control by other authorised person,Central refuge - no other controls,At scene,55.9326934872,-3.20380863932,"{""type"": ""Feature"",""geometry"": {""type"": ""Point"",""coordinates"": -3.20380863932, 55.9326934872}}"
548111,,Slight,2,1,19/08/2011,Friday,19,August,11,9,20,230,Unclassified,,Single carriageway - 2 lanes,30,'T' or staggered junction,Automatic Traffic Signal,Unclassified,,Daylight: street lights present,Fine (without high winds),Dry,None,None,No overtaking,327270,671720,530389,Junction,Bus,362802,unset,EH165DT,Control by other authorised person,Pedestrian phase at traffic signal junction,Elsewhere,55.9330734147,-3.16427798414,"{""type"": ""Feature"",""geometry"": {""type"": ""Point"",""coordinates"": -3.16427798414, 55.9330734147}}"
548211,,Serious,1,1,19/08/2011,Friday,19,August,11,13,5,230,Unclassified,,Single carriageway - 2 lanes,30,'T' or staggered junction,Automatic Traffic Signal,A,8,Daylight: street lights present,Fine (without high winds),Dry,None,None,No overtaking,320110,672920,521724,Junction,Pedestrian,362803,unset,EH128AT,No crossing facility within 50m or physical crossing facility not controlled by authorised person,No physical crossing facility within 50m,At scene,55.9427175078,-3.27922144017,"{""type"": ""Feature"",""geometry"": {""type"": ""Point"",""coordinates"": -3.27922144017, 55.9427175078}}"
548611,,Serious,2,2,19/08/2011,Friday,19,August,11,12,43,230,Unclassified,,Single carriageway - 2 lanes,30,Not at or within 20 metres of junction,unset,\,,Daylight: street lights present,Fine (without high winds),Dry,None,None,No overtaking,320810,674780,565736,Segment,T.V.N.P.,362804,unset,EH47SU,No crossing facility within 50m or physical crossing facility not controlled by authorised person,No physical crossing facility within 50m,At scene,55.9595428629,-3.26856224277,"{""type"": ""Feature"",""geometry"": {""type"": ""Point"",""coordinates"": -3.26856224277, 55.9595428629}}"
549011,,Slight,1,1,19/08/2011,Friday,19,August,11,17,15,230,C,,Single carriageway - 2 lanes,30,'T' or staggered junction,Give way sign or markings,Unclassified,,Daylight: street lights present,Fine (without high winds),Dry,None,None,No overtaking,327110,675530,519508,Junction,Pedestrian,362805,unset,EH68JW,Control by other authorised person,Central refuge - no other controls,At scene,55.9672780535,-3.16786865556,"{""type"": ""Feature"",""geometry"": {""type"": ""Point"",""coordinates"": -3.16786865556, 55.9672780535}}"
549511,,Slight,1,1,18/08/2011,Thursday,18,August,11,15,35,230,Unclassified,,Single carriageway - 2 lanes,30,'T' or staggered junction,Give way sign or markings,Unclassified,,Daylight: street lights present,Fine (without high winds),Dry,None,None,No overtaking,327790,668000,0,Unset,Pedestrian,362806,unset,EH178EP,No crossing facility within 50m or physical crossing facility not controlled by authorised person,No physical crossing facility within 50m,At scene,55.8997311499,-3.15496150339,"{""type"": ""Feature"",""geometry"": {""type"": ""Point"",""coordinates"": -3.15496150339, 55.8997311499}}"
550911,,Slight,1,1,20/08/2011,Saturday,20,August,11,12,5,230,A,702,Single carriageway - 2 lanes,30,Crossroads,Automatic Traffic Signal,B,701,Daylight: street lights present,Fine (without high winds),Dry,None,None,No overtaking,324770,668280,533137,Junction,Bus,362807,unset,EH106QR,Control by other authorised person,Pedestrian phase at traffic signal junction,Elsewhere,55.9017842341,-3.20333097985,"{""type"": ""Feature"",""geometry"": {""type"": ""Point"",""coordinates"": -3.20333097985, 55.9017842341}}"
551411,,Slight,2,1,17/08/2011,Wednesday,17,August,11,8,40,230,C,,Single carriageway - 2 lanes,30,Crossroads,Give way sign or markings,Unclassified,,Daylight: street lights present,Fine (without high winds),Dry,None,None,No overtaking,321450,671840,522174,Junction,Cyclist,362808,unset,EH113DH,No crossing facility within 50m or physical crossing facility not controlled by authorised person,No physical crossing facility within 50m,Elsewhere,55.9332359809,-3.25745645943,"{""type"": ""Feature"",""geometry"": {""type"": ""Point"",""coordinates"": -3.25745645943, 55.9332359809}}"
551611,,Slight,2,1,20/08/2011,Saturday,20,August,11,18,5,230,Unclassified,,Single carriageway - 2 lanes,30,Not at or within 20 metres of junction,unset,\,,Daylight: street lights present,Fine (without high winds),Dry,None,None,No overtaking,319900,671160,551797,Segment,Cyclist,362809,unset,EH113UP,Control by other authorised person,"Pelican, puffin, toucan or similar non-junction pedestrian light crossing",At scene,55.9268714402,-3.28206074695,"{""type"": ""Feature"",""geometry"": {""type"": ""Point"",""coordinates"": -3.28206074695, 55.9268714402}}"
553111,,Slight,1,1,20/08/2011,Saturday,20,August,11,16,30,230,A,702,Single carriageway - 2 lanes,30,Not at or within 20 metres of junction,unset,\,,Daylight: street lights present,Fine (without high winds),Dry,None,None,No overtaking,324920,672860,549186,Segment,Pedestrian,362810,unset,EH39LZ,No crossing facility within 50m or physical crossing facility not controlled by authorised person,No physical crossing facility within 50m,At scene,55.9429538383,-3.20220532902,"{""type"": ""Feature"",""geometry"": {""type"": ""Point"",""coordinates"": -3.20220532902, 55.9429538383}}"
555311,,Serious,1,1,30/08/2011,Tuesday,30,August,11,14,45,230,B,6415,Single carriageway - 2 lanes,30,'T' or staggered junction,Give way sign or markings,Unclassified,,Daylight: no street lighting,Fine (without high winds),Dry,None,None,No overtaking,330420,673970,523581,Junction,Pedestrian,362811,unset,EH151AR,Control by other authorised person,Pedestrian phase at traffic signal junction,At scene,55.9537538313,-3.11444342466,"{""type"": ""Feature"",""geometry"": {""type"": ""Point"",""coordinates"": -3.11444342466, 55.9537538313}}"
555511,,Slight,2,1,22/08/2011,Monday,22,August,11,8,55,230,A,902,Single carriageway - 2 lanes,30,Other junction,Give way sign or markings,Unclassified,,Daylight: street lights present,Fine (without high winds),Dry,None,None,No overtaking,322830,675420,519792,Junction,T.V.N.P.,362812,unset,EH42PT,No crossing facility within 50m or physical crossing facility not controlled by authorised person,Central refuge - no other controls,At scene,55.9656211806,-3.2363953103,"{""type"": ""Feature"",""geometry"": {""type"": ""Point"",""coordinates"": -3.2363953103, 55.9656211806}}"
556311,,Slight,2,1,23/08/2011,Tuesday,23,August,11,9,10,230,Unclassified,,Single carriageway - 2 lanes,30,'T' or staggered junction,Give way sign or markings,Unclassified,,Daylight: street lights present,Fine (without high winds),Dry,None,None,No overtaking,325510,676200,519250,Junction,T.V.N.P.,362813,unset,EH64SS,No crossing facility within 50m or physical crossing facility not controlled by authorised person,"Pelican, puffin, toucan or similar non-junction pedestrian light crossing",At scene,55.97305172,-3.19368354551,"{""type"": ""Feature"",""geometry"": {""type"": ""Point"",""coordinates"": -3.19368354551, 55.97305172}}"
556611,,Slight,3,1,23/08/2011,Tuesday,23,August,11,11,0,230,A,71,Dual carriageway - 2 lanes,40,Not at or within 20 metres of junction,unset,\,,Daylight: no street lighting,Fine (without high winds),Dry,None,None,No overtaking,319290,670620,549701,Segment,M.V.N.P.,362814,unset,EH114JX,No crossing facility within 50m or physical crossing facility not controlled by authorised person,No physical crossing facility within 50m,At scene,55.921918337,-3.29166010274,"{""type"": ""Feature"",""geometry"": {""type"": ""Point"",""coordinates"": -3.29166010274, 55.921918337}}"
556911,,Slight,2,1,20/08/2011,Saturday,20,August,11,17,0,230,A,702,Single carriageway - 2 lanes,30,Not at or within 20 metres of junction,unset,\,,Daylight: street lights present,Fine (without high winds),Dry,None,None,No overtaking,324920,672850,549186,Segment,Cyclist,362815,unset,EH39LZ,No crossing facility within 50m or physical crossing facility not controlled by authorised person,No physical crossing facility within 50m,Elsewhere,55.9428639998,-3.2022025458,"{""type"": ""Feature"",""geometry"": {""type"": ""Point"",""coordinates"": -3.2022025458, 55.9428639998}}"
560111,,Slight,2,1,24/08/2011,Wednesday,24,August,11,15,50,230,A,720,Dual carriageway - 2 lanes,70,Not at or within 20 metres of junction,unset,\,,Daylight: street lights present,Raining (without high winds),Dry,None,None,No overtaking,322790,668050,570552,Segment,T.V.N.P.,362816,unset,EH139QP,No crossing facility within 50m or physical crossing facility not controlled by authorised person,No physical crossing facility within 50m,At scene,55.899404484,-3.23492797565,"{""type"": ""Feature"",""geometry"": {""type"": ""Point"",""coordinates"": -3.23492797565, 55.899404484}}"
560311,,Slight,2,1,24/08/2011,Wednesday,24,August,11,16,44,230,A,90,Dual carriageway - 2 lanes,70,Not at or within 20 metres of junction,unset,\,,Daylight: street lights present,Fine (without high winds),Dry,None,None,No overtaking,313450,677040,555414,Segment,T.V.N.P.,362817,unset,EH309SR,No crossing facility within 50m or physical crossing facility not controlled by authorised person,No physical crossing facility within 50m,At scene,55.9785751943,-3.38715281019,"{""type"": ""Feature"",""geometry"": {""type"": ""Point"",""coordinates"": -3.38715281019, 55.9785751943}}"
560511,,Serious,1,1,02/09/2011,Friday,2,September,11,20,0,230,A,901,Single carriageway - 2 lanes,30,Other junction,Give way sign or markings,Unclassified,,Darkness: street lights present and lit,Fine (without high winds),Dry,None,None,No overtaking,326850,676020,531349,Junction,Pedestrian,362845,unset,EH65HZ,No crossing facility within 50m or physical crossing facility not controlled by authorised person,"Pelican, puffin, toucan or similar non-junction pedestrian light crossing",At scene,55.9716406375,-3.17216658225,"{""type"": ""Feature"",""geometry"": {""type"": ""Point"",""coordinates"": -3.17216658225, 55.9716406375}}"