acc_ref,beat_no,severity,no_vehicle,no_casualt,a_date,a_day,a_date_day,a_date_mon,a_date_yr,a_time_hr,a_time_min,loc_auth,road1_class,road1_no,road_type,speed_limi,junc_det,junc_ctrl,road2_class,road2_no,light_cond,weather,road_surf,spec_cond,cway_hzrds,ovrtk_patrn,easting,northing,net_id,net_type,acc_type,text_id,division,Postcode,ped_xing_hc,ped_xing_p,place_reported,latitude,longitude,geojson
561011,,Serious,1,1,17/08/2011,Wednesday,17,August,11,12,20,230,A,8,Single carriageway - 2 lanes,30,Crossroads,Automatic Traffic Signal,C,,Daylight: street lights present,Fine (without high winds),Dry,None,None,No overtaking,325390,673880,521049,Junction,Pedestrian,362818,unset,EH22DF,No crossing facility within 50m or physical crossing facility not controlled by authorised person,Pedestrian phase at traffic signal junction,At scene,55.9521905663,-3.19496357777,"{""type"": ""Feature"",""geometry"": {""type"": ""Point"",""coordinates"": -3.19496357777, 55.9521905663}}"
561111,,Slight,2,2,24/08/2011,Wednesday,24,August,11,17,0,230,A,70,Single carriageway - 2 lanes,40,Other junction,Give way sign or markings,Unclassified,,Daylight: street lights present,Fine (without high winds),Dry,None,None,No overtaking,321340,669960,532843,Junction,T.V.N.P.,362819,unset,EH142LU,No crossing facility within 50m or physical crossing facility not controlled by authorised person,No physical crossing facility within 50m,At scene,55.916328668,-3.2586693371,"{""type"": ""Feature"",""geometry"": {""type"": ""Point"",""coordinates"": -3.2586693371, 55.916328668}}"
561211,,Serious,1,1,02/09/2011,Friday,2,September,11,16,10,230,A,8,Single carriageway - 2 lanes,30,Not at or within 20 metres of junction,unset,\,,Daylight: street lights present,Fine (without high winds),Dry,None,None,No overtaking,323920,673220,550607,Segment,Pedestrian,362846,unset,EH125JZ,No crossing facility within 50m or physical crossing facility not controlled by authorised person,Pedestrian phase at traffic signal junction,At scene,55.9460307712,-3.21831514992,"{""type"": ""Feature"",""geometry"": {""type"": ""Point"",""coordinates"": -3.21831514992, 55.9460307712}}"
561411,,Serious,1,1,02/09/2011,Friday,2,September,11,18,1,230,Unclassified,,Single carriageway - 2 lanes,30,Other junction,Give way sign or markings,C,,Daylight: street lights present,Fine (without high winds),Dry,None,None,No overtaking,326050,673580,12220768,Junction,Pedestrian,362847,unset,EH11NB,No crossing facility within 50m or physical crossing facility not controlled by authorised person,No physical crossing facility within 50m,At scene,55.949597422,-3.18431320056,"{""type"": ""Feature"",""geometry"": {""type"": ""Point"",""coordinates"": -3.18431320056, 55.949597422}}"
561511,,Serious,2,1,30/08/2011,Tuesday,30,August,11,17,50,230,Unclassified,,Single carriageway - 2 lanes,30,Other junction,Give way sign or markings,Unclassified,,Daylight: street lights present,Fine (without high winds),Dry,None,None,No overtaking,322820,670750,529747,Junction,Cyclist,362820,unset,EH141BY,No crossing facility within 50m or physical crossing facility not controlled by authorised person,"Pelican, puffin, toucan or similar non-junction pedestrian light crossing",At scene,55.9236655234,-3.23521922268,"{""type"": ""Feature"",""geometry"": {""type"": ""Point"",""coordinates"": -3.23521922268, 55.9236655234}}"
562011,,Slight,1,1,24/08/2011,Wednesday,24,August,11,15,56,230,A,702,Single carriageway - 2 lanes,30,Not at or within 20 metres of junction,unset,\,,Daylight: street lights present,Fine (without high winds),Dry,None,None,No overtaking,324740,673580,548952,Segment,Pedestrian,362821,unset,EH12DA,No crossing facility within 50m or physical crossing facility not controlled by authorised person,Pedestrian phase at traffic signal junction,At scene,55.9493940524,-3.205287745,"{""type"": ""Feature"",""geometry"": {""type"": ""Point"",""coordinates"": -3.205287745, 55.9493940524}}"
562111,,Serious,2,1,02/09/2011,Friday,2,September,11,10,55,230,Unclassified,,Single carriageway - 2 lanes,30,Crossroads,Automatic Traffic Signal,A,700,Daylight: street lights present,Fine (without high winds),Dry,None,None,No overtaking,326220,672550,532729,Junction,Pedestrian,362848,unset,EH91ND,No crossing facility within 50m or physical crossing facility not controlled by authorised person,"Pelican, puffin, toucan or similar non-junction pedestrian light crossing",At scene,55.940370118,-3.18130954757,"{""type"": ""Feature"",""geometry"": {""type"": ""Point"",""coordinates"": -3.18130954757, 55.940370118}}"
562311,,Slight,2,1,01/09/2011,Thursday,1,September,11,14,0,230,Unclassified,,Single carriageway - 2 lanes,30,'T' or staggered junction,Give way sign or markings,Unclassified,,Daylight: street lights present,Fine (without high winds),Dry,None,None,No overtaking,324490,669060,532981,Junction,Cyclist,362849,unset,EH106PZ,No crossing facility within 50m or physical crossing facility not controlled by authorised person,No physical crossing facility within 50m,Elsewhere,55.9087478309,-3.20802637872,"{""type"": ""Feature"",""geometry"": {""type"": ""Point"",""coordinates"": -3.20802637872, 55.9087478309}}"
562411,,Serious,1,1,05/09/2011,Monday,5,September,11,10,30,230,Unclassified,,Single carriageway - 2 lanes,30,Not at or within 20 metres of junction,unset,\,,Daylight: street lights present,Fine (without high winds),Dry,None,None,No overtaking,323410,668900,564800,Segment,Pedestrian,362850,unset,EH139ND,No crossing facility within 50m or physical crossing facility not controlled by authorised person,No physical crossing facility within 50m,At scene,55.9071397688,-3.22525473048,"{""type"": ""Feature"",""geometry"": {""type"": ""Point"",""coordinates"": -3.22525473048, 55.9071397688}}"
562711,,Slight,1,1,05/09/2011,Monday,5,September,11,11,45,230,Unclassified,,Single carriageway - 2 lanes,30,Not at or within 20 metres of junction,unset,\,,Daylight: street lights present,Fine (without high winds),Dry,None,None,No overtaking,323080,671950,561730,Segment,Pedestrian,362851,unset,EH111QW,No crossing facility within 50m or physical crossing facility not controlled by authorised person,"Pelican, puffin, toucan or similar non-junction pedestrian light crossing",At scene,55.9344876995,-3.23140103352,"{""type"": ""Feature"",""geometry"": {""type"": ""Point"",""coordinates"": -3.23140103352, 55.9344876995}}"
563011,,Slight,2,1,17/08/2011,Wednesday,17,August,11,9,30,230,A,720,Single carriageway - 3 lanes,70,Roundabout,Give way sign or markings,A,701,Daylight: street lights present,Fine (without high winds),Dry,None,None,No overtaking,327420,666990,2587878,Junction,T.V.N.P.,362822,unset,EH178SG,No crossing facility within 50m or physical crossing facility not controlled by authorised person,No physical crossing facility within 50m,At scene,55.8906016184,-3.16060717386,"{""type"": ""Feature"",""geometry"": {""type"": ""Point"",""coordinates"": -3.16060717386, 55.8906016184}}"
563711,,Slight,2,1,10/08/2011,Wednesday,10,August,11,17,10,230,A,7,Single carriageway - 2 lanes,30,Not at or within 20 metres of junction,unset,\,,Daylight: street lights present,Raining (without high winds),Dry,None,None,No overtaking,328710,670330,568099,Segment,T.V.N.P.,362823,unset,EH164SU,No crossing facility within 50m or physical crossing facility not controlled by authorised person,No physical crossing facility within 50m,At scene,55.9208012004,-3.14086436695,"{""type"": ""Feature"",""geometry"": {""type"": ""Point"",""coordinates"": -3.14086436695, 55.9208012004}}"
564511,,Slight,1,1,23/08/2011,Tuesday,23,August,11,22,50,230,Unclassified,,Roundabout,30,Roundabout,Give way sign or markings,Unclassified,,Darkness: street lights present and lit,Fine (without high winds),Dry,None,None,No overtaking,327560,671210,523116,Junction,S.V.N.P.,362824,unset,EH165PB,No crossing facility within 50m or physical crossing facility not controlled by authorised person,No physical crossing facility within 50m,At scene,55.928535346,-3.15949982231,"{""type"": ""Feature"",""geometry"": {""type"": ""Point"",""coordinates"": -3.15949982231, 55.928535346}}"
564811,,Slight,2,1,24/08/2011,Wednesday,24,August,11,23,45,230,Unclassified,,Single carriageway - 2 lanes,30,Not at or within 20 metres of junction,unset,\,,Darkness: street lights present and lit,Fine (without high winds),Dry,None,None,No overtaking,325790,671280,0,Unset,Cyclist,362825,unset,EH92HQ,No crossing facility within 50m or physical crossing facility not controlled by authorised person,No physical crossing facility within 50m,At scene,55.9288943655,-3.18784353234,"{""type"": ""Feature"",""geometry"": {""type"": ""Point"",""coordinates"": -3.18784353234, 55.9288943655}}"
565711,,Slight,2,1,25/08/2011,Thursday,25,August,11,17,40,230,C,,Single carriageway - 2 lanes,30,Not at or within 20 metres of junction,unset,\,,Daylight: street lights present,Fine (without high winds),Dry,None,None,No overtaking,323550,672460,533380,Junction,T.V.N.P.,362826,unset,EH112JZ,No crossing facility within 50m or physical crossing facility not controlled by authorised person,"Pelican, puffin, toucan or similar non-junction pedestrian light crossing",Elsewhere,55.9391443883,-3.22402328727,"{""type"": ""Feature"",""geometry"": {""type"": ""Point"",""coordinates"": -3.22402328727, 55.9391443883}}"
566411,,Serious,2,1,06/09/2011,Tuesday,6,September,11,17,50,230,A,71,Dual carriageway - 2 lanes,40,Not at or within 20 metres of junction,unset,\,,Daylight: no street lighting,Fine with high winds,Dry,None,None,No overtaking,319920,670800,0,Unset,T.V.N.P.,362852,unset,EH114BQ,No crossing facility within 50m or physical crossing facility not controlled by authorised person,No physical crossing facility within 50m,At scene,55.9236406719,-3.28163397345,"{""type"": ""Feature"",""geometry"": {""type"": ""Point"",""coordinates"": -3.28163397345, 55.9236406719}}"
566911,,Slight,1,1,26/08/2011,Friday,26,August,11,22,5,230,Unclassified,,Single carriageway - 2 lanes,30,Other junction,Automatic Traffic Signal,Unclassified,,Darkness: street lights present and lit,Fine (without high winds),Dry,None,None,No overtaking,325880,676290,519238,Junction,Pedestrian,362827,unset,EH64NN,No crossing facility within 50m or physical crossing facility not controlled by authorised person,No physical crossing facility within 50m,At scene,55.9739175267,-3.18778060195,"{""type"": ""Feature"",""geometry"": {""type"": ""Point"",""coordinates"": -3.18778060195, 55.9739175267}}"
567511,,Slight,1,1,26/08/2011,Friday,26,August,11,16,50,230,B,701,Single carriageway - 2 lanes,30,'T' or staggered junction,Give way sign or markings,Unclassified,,Daylight: street lights present,Fine (without high winds),Dry,None,None,No overtaking,323440,668550,533047,Junction,Pedestrian,362828,unset,EH139NW,No crossing facility within 50m or physical crossing facility not controlled by authorised person,No physical crossing facility within 50m,Elsewhere,55.9040002006,-3.22467582804,"{""type"": ""Feature"",""geometry"": {""type"": ""Point"",""coordinates"": -3.22467582804, 55.9040002006}}"
568111,,Slight,1,1,27/08/2011,Saturday,27,August,11,19,20,230,Unclassified,,Single carriageway - 2 lanes,30,Not at or within 20 metres of junction,unset,\,,Darkness: street lights present and lit,Raining (without high winds),Dry,None,None,No overtaking,325760,675180,0,Unset,Pedestrian,362829,unset,EH74JZ,No crossing facility within 50m or physical crossing facility not controlled by authorised person,No physical crossing facility within 50m,At scene,55.9639269075,-3.18939716315,"{""type"": ""Feature"",""geometry"": {""type"": ""Point"",""coordinates"": -3.18939716315, 55.9639269075}}"
568311,,Slight,1,1,27/08/2011,Saturday,27,August,11,20,0,230,A,90,Dual carriageway - 2 lanes,30,Not at or within 20 metres of junction,unset,\,,Daylight: street lights present,Raining (without high winds),Dry,None,None,No overtaking,322430,674410,555876,Segment,Pedestrian,362830,unset,EH43HL,No crossing facility within 50m or physical crossing facility not controlled by authorised person,Pedestrian phase at traffic signal junction,At scene,55.9564832163,-3.24251154189,"{""type"": ""Feature"",""geometry"": {""type"": ""Point"",""coordinates"": -3.24251154189, 55.9564832163}}"
568611,,Slight,1,1,28/08/2011,Sunday,28,August,11,3,45,230,A,900,Dual carriageway - 2 lanes,30,Not at or within 20 metres of junction,unset,\,,Darkness: street lights present and lit,Fine (without high winds),Dry,None,None,No overtaking,326120,674470,558512,Segment,Pedestrian,362831,unset,EH13AF,No crossing facility within 50m or physical crossing facility not controlled by authorised person,No physical crossing facility within 50m,At scene,55.9576038577,-3.18343632897,"{""type"": ""Feature"",""geometry"": {""type"": ""Point"",""coordinates"": -3.18343632897, 55.9576038577}}"
570211,,Slight,2,1,28/08/2011,Sunday,28,August,11,15,4,230,A,199,Single carriageway - 2 lanes,40,Not at or within 20 metres of junction,unset,\,,Daylight: no street lighting,Fine (without high winds),Dry,None,None,No overtaking,329950,674500,522621,Junction,T.V.N.P.,362832,unset,EH151TB,No crossing facility within 50m or physical crossing facility not controlled by authorised person,No physical crossing facility within 50m,At scene,55.9584471065,-3.12210740921,"{""type"": ""Feature"",""geometry"": {""type"": ""Point"",""coordinates"": -3.12210740921, 55.9584471065}}"
570411,,Slight,2,1,26/08/2011,Friday,26,August,11,17,30,230,A,720,Dual carriageway - 2 lanes,50,Not at or within 20 metres of junction,unset,\,,Daylight: no street lighting,Fine (without high winds),Dry,None,None,No overtaking,317520,672330,0,Unset,T.V.N.P.,362833,unset,EH129DF,No crossing facility within 50m or physical crossing facility not controlled by authorised person,No physical crossing facility within 50m,At scene,55.9369798471,-3.3205007064,"{""type"": ""Feature"",""geometry"": {""type"": ""Point"",""coordinates"": -3.3205007064, 55.9369798471}}"
570911,,Slight,1,1,29/08/2011,Monday,29,August,11,0,20,230,Unclassified,,Single carriageway - 2 lanes,50,Not at or within 20 metres of junction,unset,\,,Darkness: no street lighting,Raining (without high winds),Dry,None,None,No overtaking,324690,669980,553522,Segment,S.V.N.P.,362834,unset,EH106LF,No crossing facility within 50m or physical crossing facility not controlled by authorised person,No physical crossing facility within 50m,At scene,55.9170443425,-3.20508388245,"{""type"": ""Feature"",""geometry"": {""type"": ""Point"",""coordinates"": -3.20508388245, 55.9170443425}}"
572111,,Slight,1,1,28/08/2011,Sunday,28,August,11,21,10,230,A,8,Single carriageway - 2 lanes,30,'T' or staggered junction,Give way sign or markings,C,,Daylight: street lights present,Fine (without high winds),Dry,None,None,No overtaking,321480,672990,521754,Junction,Pedestrian,362835,unset,EH125YS,No crossing facility within 50m or physical crossing facility not controlled by authorised person,No physical crossing facility within 50m,At scene,55.9435721048,-3.25731097722,"{""type"": ""Feature"",""geometry"": {""type"": ""Point"",""coordinates"": -3.25731097722, 55.9435721048}}"
572911,,Slight,2,2,30/08/2011,Tuesday,30,August,11,8,40,230,Unclassified,,Single carriageway - 2 lanes,30,'T' or staggered junction,Give way sign or markings,Unclassified,,Daylight: street lights present,Fine (without high winds),Dry,None,Other object in carriageway,No overtaking,325940,677610,0,Unset,T.V.N.P.,362836,unset,unset,No crossing facility within 50m or physical crossing facility not controlled by authorised person,No physical crossing facility within 50m,At scene,55.9857854641,-3.18718257182,"{""type"": ""Feature"",""geometry"": {""type"": ""Point"",""coordinates"": -3.18718257182, 55.9857854641}}"
573811,,Serious,2,1,29/08/2011,Monday,29,August,11,15,30,230,Unclassified,,Single carriageway - 2 lanes,30,'T' or staggered junction,Give way sign or markings,Unclassified,,Daylight: street lights present,Fine (without high winds),Dry,None,None,No overtaking,326240,673800,521169,Junction,T.V.N.P.,362837,unset,EH88BH,No crossing facility within 50m or physical crossing facility not controlled by authorised person,No physical crossing facility within 50m,Elsewhere,55.9516030819,-3.18133125253,"{""type"": ""Feature"",""geometry"": {""type"": ""Point"",""coordinates"": -3.18133125253, 55.9516030819}}"
574911,,Serious,1,2,10/09/2011,Saturday,10,September,11,23,45,230,A,700,Single carriageway - 2 lanes,30,Not at or within 20 metres of junction,unset,\,,Darkness: street lights present and lit,Fine (without high winds),Dry,None,None,No overtaking,325330,672610,559577,Segment,Pedestrian,362853,unset,EH39LW,No crossing facility within 50m or physical crossing facility not controlled by authorised person,No physical crossing facility within 50m,At scene,55.9407717344,-3.19557269182,"{""type"": ""Feature"",""geometry"": {""type"": ""Point"",""coordinates"": -3.19557269182, 55.9407717344}}"
575111,,Slight,2,1,31/08/2011,Wednesday,31,August,11,12,30,230,C,,Single carriageway - 2 lanes,30,Crossroads,Automatic Traffic Signal,Unclassified,,Daylight: street lights present,Fine (without high winds),Dry,None,None,No overtaking,326850,670750,529873,Junction,T.V.N.P.,362838,unset,EH93JF,No crossing facility within 50m or physical crossing facility not controlled by authorised person,Pedestrian phase at traffic signal junction,At scene,55.9242952513,-3.17073706694,"{""type"": ""Feature"",""geometry"": {""type"": ""Point"",""coordinates"": -3.17073706694, 55.9242952513}}"
577311,,Slight,2,1,22/08/2011,Monday,22,August,11,7,0,230,Unclassified,,Single carriageway - 2 lanes,30,Not at or within 20 metres of junction,unset,\,,Daylight: street lights present,Fine (without high winds),Dry,None,None,No overtaking,327200,671800,568120,Segment,T.V.N.P.,362839,unset,EH165DX,No crossing facility within 50m or physical crossing facility not controlled by authorised person,No physical crossing facility within 50m,At scene,55.9337815409,-3.16541987584,"{""type"": ""Feature"",""geometry"": {""type"": ""Point"",""coordinates"": -3.16541987584, 55.9337815409}}"
577411,,Slight,1,1,01/09/2011,Thursday,1,September,11,11,30,230,Unclassified,,Single carriageway - 2 lanes,30,Crossroads,Give way sign or markings,Unclassified,,Daylight: street lights present,Fine (without high winds),Dry,None,None,No overtaking,325290,672100,0,Unset,Pedestrian,362854,unset,EH91BZ,No crossing facility within 50m or physical crossing facility not controlled by authorised person,No physical crossing facility within 50m,At scene,55.9361837418,-3.19607178648,"{""type"": ""Feature"",""geometry"": {""type"": ""Point"",""coordinates"": -3.19607178648, 55.9361837418}}"
577911,,Slight,2,2,01/09/2011,Thursday,1,September,11,16,0,230,Motorway,9,Dual carriageway - 2 lanes,70,Not at or within 20 metres of junction,unset,\,,Daylight: no street lighting,Fine (without high winds),Dry,None,None,No overtaking,312420,672990,562738,Segment,T.V.N.P.,362855,unset,EH288SY,No crossing facility within 50m or physical crossing facility not controlled by authorised person,No physical crossing facility within 50m,At scene,55.9420067923,-3.40233897855,"{""type"": ""Feature"",""geometry"": {""type"": ""Point"",""coordinates"": -3.40233897855, 55.9420067923}}"
578311,,Slight,2,1,29/08/2011,Monday,29,August,11,10,25,230,C,,Single carriageway - 2 lanes,30,Roundabout,Give way sign or markings,B,901,Daylight: street lights present,Fine (without high winds),Dry,None,None,No overtaking,325180,675030,6450444,Junction,Cyclist,362840,unset,EH35EA,No crossing facility within 50m or physical crossing facility not controlled by authorised person,Pedestrian phase at traffic signal junction,At scene,55.962489333,-3.1986453927,"{""type"": ""Feature"",""geometry"": {""type"": ""Point"",""coordinates"": -3.1986453927, 55.962489333}}"
578511,,Slight,2,1,02/09/2011,Friday,2,September,11,9,5,230,A,90,Dual carriageway - 2 lanes,40,Not at or within 20 metres of junction,unset,\,,Daylight: street lights present,Fine (without high winds),Dry,None,None,No overtaking,317600,675760,555435,Segment,T.V.N.P.,362856,unset,EH46DT,No crossing facility within 50m or physical crossing facility not controlled by authorised person,No physical crossing facility within 50m,At scene,55.9678067357,-3.32026863173,"{""type"": ""Feature"",""geometry"": {""type"": ""Point"",""coordinates"": -3.32026863173, 55.9678067357}}"
579511,,Slight,2,2,02/09/2011,Friday,2,September,11,11,25,230,A,71,Single carriageway - 2 lanes,30,Crossroads,Automatic Traffic Signal,C,,Daylight: no street lighting,Raining (without high winds),Dry,None,None,No overtaking,322290,671870,522219,Junction,T.V.N.P.,362857,unset,EH112RZ,No crossing facility within 50m or physical crossing facility not controlled by authorised person,"Pelican, puffin, toucan or similar non-junction pedestrian light crossing",At scene,55.9336419759,-3.24402165992,"{""type"": ""Feature"",""geometry"": {""type"": ""Point"",""coordinates"": -3.24402165992, 55.9336419759}}"
579611,,Slight,2,1,02/09/2011,Friday,2,September,11,15,35,230,B,701,Single carriageway - 2 lanes,30,'T' or staggered junction,Give way sign or markings,Unclassified,,Daylight: no street lighting,Fine (without high winds),Dry,None,None,No overtaking,319290,673130,521196,Junction,Bus,362858,unset,EH128SL,Control by other authorised person,Pedestrian phase at traffic signal junction,Elsewhere,55.9444670702,-3.29241060896,"{""type"": ""Feature"",""geometry"": {""type"": ""Point"",""coordinates"": -3.29241060896, 55.9444670702}}"
579911,,Slight,2,2,03/09/2011,Saturday,3,September,11,2,45,230,C,,Single carriageway - 2 lanes,30,Multiple junction,Automatic Traffic Signal,B,901,Darkness: street lights present and lit,Raining (without high winds),Dry,None,None,No overtaking,325910,674380,520605,Junction,T.V.N.P.,362859,unset,EH13JG,No crossing facility within 50m or physical crossing facility not controlled by authorised person,Pedestrian phase at traffic signal junction,Elsewhere,55.9567629682,-3.18677463265,"{""type"": ""Feature"",""geometry"": {""type"": ""Point"",""coordinates"": -3.18677463265, 55.9567629682}}"
580311,,Slight,2,2,03/09/2011,Saturday,3,September,11,12,49,230,C,,Single carriageway - 2 lanes,30,Crossroads,Automatic Traffic Signal,Unclassified,,Daylight: no street lighting,Fine (without high winds),Dry,None,None,No overtaking,326520,671750,529468,Junction,Cyclist,362860,unset,EH92NJ,No crossing facility within 50m or physical crossing facility not controlled by authorised person,Pedestrian phase at traffic signal junction,At scene,55.9332289113,-3.1762894865,"{""type"": ""Feature"",""geometry"": {""type"": ""Point"",""coordinates"": -3.1762894865, 55.9332289113}}"
581111,,Slight,1,1,03/09/2011,Saturday,3,September,11,20,55,230,Unclassified,,Single carriageway - 2 lanes,20,Not at or within 20 metres of junction,unset,\,,Darkness: street lights present and lit,Fine (without high winds),Dry,None,None,No overtaking,329070,670380,0,Unset,Pedestrian,362861,unset,EH164SY,No crossing facility within 50m or physical crossing facility not controlled by authorised person,Zebra crossing,Elsewhere,55.9213036182,-3.13511763723,"{""type"": ""Feature"",""geometry"": {""type"": ""Point"",""coordinates"": -3.13511763723, 55.9213036182}}"
581411,,Slight,2,1,04/09/2011,Sunday,4,September,11,3,0,230,Motorway,8,Dual carriageway - 2 lanes,70,Not at or within 20 metres of junction,unset,\,,Darkness: street lights present and lit,Fine (without high winds),Dry,None,None,No overtaking,311600,671160,562603,Segment,T.V.N.P.,356873,unset,EH288LQ,No crossing facility within 50m or physical crossing facility not controlled by authorised person,No physical crossing facility within 50m,At scene,55.9254176216,-3.41486508104,"{""type"": ""Feature"",""geometry"": {""type"": ""Point"",""coordinates"": -3.41486508104, 55.9254176216}}"
581511,,Slight,2,3,03/09/2011,Saturday,3,September,11,23,30,230,Unclassified,,Single carriageway - 2 lanes,30,'T' or staggered junction,Give way sign or markings,Unclassified,,Darkness: street lights present and lit,Fine (without high winds),Dry,None,None,No overtaking,325310,673300,521484,Junction,T.V.N.P.,362862,unset,EH12HS,No crossing facility within 50m or physical crossing facility not controlled by authorised person,No physical crossing facility within 50m,At scene,55.9469674982,-3.19608389819,"{""type"": ""Feature"",""geometry"": {""type"": ""Point"",""coordinates"": -3.19608389819, 55.9469674982}}"
581611,,Serious,1,1,04/09/2011,Sunday,4,September,11,3,35,230,Unclassified,,Single carriageway - 2 lanes,30,Not at or within 20 metres of junction,unset,\,,Darkness: street lights present and lit,Fine (without high winds),Dry,None,None,No overtaking,327390,671780,12227950,Segment,S.V.N.P.,362863,unset,EH165EF,No crossing facility within 50m or physical crossing facility not controlled by authorised person,No physical crossing facility within 50m,At scene,55.9336305894,-3.16237358264,"{""type"": ""Feature"",""geometry"": {""type"": ""Point"",""coordinates"": -3.16237358264, 55.9336305894}}"
581811,,Slight,1,1,03/09/2011,Saturday,3,September,11,16,4,230,Unclassified,,Single carriageway - 2 lanes,30,Not at or within 20 metres of junction,unset,\,,Daylight: street lights present,Fine (without high winds),Dry,None,None,No overtaking,328080,674880,0,Unset,Bus,362864,unset,EH76DJ,No crossing facility within 50m or physical crossing facility not controlled by authorised person,No physical crossing facility within 50m,Elsewhere,55.9615847098,-3.1521570085,"{""type"": ""Feature"",""geometry"": {""type"": ""Point"",""coordinates"": -3.1521570085, 55.9615847098}}"
582811,,Slight,2,1,04/09/2011,Sunday,4,September,11,22,40,230,B,1350,Single carriageway - 2 lanes,30,'T' or staggered junction,Give way sign or markings,Unclassified,,Darkness: street lights present and lit,Raining (without high winds),Dry,None,None,No overtaking,326370,674500,520668,Junction,T.V.N.P.,362865,unset,EH75LB,No crossing facility within 50m or physical crossing facility not controlled by authorised person,No physical crossing facility within 50m,At scene,55.9579117553,-3.17944089144,"{""type"": ""Feature"",""geometry"": {""type"": ""Point"",""coordinates"": -3.17944089144, 55.9579117553}}"
583311,,Slight,2,1,05/09/2011,Monday,5,September,11,10,31,230,A,8,One way Street,30,Crossroads,Automatic Traffic Signal,Unclassified,,Daylight: street lights present,Fine (without high winds),Dry,None,None,No overtaking,324210,673340,521319,Junction,Cyclist,362866,unset,EH38HP,No crossing facility within 50m or physical crossing facility not controlled by authorised person,Pedestrian phase at traffic signal junction,Elsewhere,55.9471546456,-3.21370610056,"{""type"": ""Feature"",""geometry"": {""type"": ""Point"",""coordinates"": -3.21370610056, 55.9471546456}}"
583511,,Slight,2,1,03/09/2011,Saturday,3,September,11,1,45,230,Unclassified,,Single carriageway - 2 lanes,30,Not at or within 20 metres of junction,unset,\,,Darkness: street lights present and lit,Raining (without high winds),Dry,None,None,No overtaking,326190,676530,0,Unset,T.V.N.P.,362867,unset,EH64AY,No crossing facility within 50m or physical crossing facility not controlled by authorised person,No physical crossing facility within 50m,At scene,55.9761214115,-3.18287981488,"{""type"": ""Feature"",""geometry"": {""type"": ""Point"",""coordinates"": -3.18287981488, 55.9761214115}}"
583911,,Slight,1,2,05/09/2011,Monday,5,September,11,10,30,230,C,,Single carriageway - 2 lanes,30,Other junction,Automatic Traffic Signal,B,901,Daylight: street lights present,Fine (without high winds),Dry,None,None,No overtaking,325920,674380,520605,Junction,Bus,362868,unset,EH13JG,No crossing facility within 50m or physical crossing facility not controlled by authorised person,Pedestrian phase at traffic signal junction,At scene,55.9567645103,-3.18661449116,"{""type"": ""Feature"",""geometry"": {""type"": ""Point"",""coordinates"": -3.18661449116, 55.9567645103}}"
584411,,Slight,3,1,02/09/2011,Friday,2,September,11,15,10,230,A,702,Single carriageway - 2 lanes,30,Not at or within 20 metres of junction,unset,\,,Daylight: street lights present,Fine (without high winds),Dry,None,None,No overtaking,324310,670280,549072,Segment,M.V.N.P.,362869,unset,EH106ER,No crossing facility within 50m or physical crossing facility not controlled by authorised person,Pedestrian phase at traffic signal junction,Elsewhere,55.919679872,-3.21124702793,"{""type"": ""Feature"",""geometry"": {""type"": ""Point"",""coordinates"": -3.21124702793, 55.919679872}}"
585311,,Slight,2,1,05/09/2011,Monday,5,September,11,17,40,230,Unclassified,,Single carriageway - 2 lanes,30,Other junction,Give way sign or markings,Unclassified,,Daylight: street lights present,Fine (without high winds),Dry,None,None,No overtaking,327540,670150,0,Unset,Cyclist,362870,unset,EH166YN,No crossing facility within 50m or physical crossing facility not controlled by authorised person,No physical crossing facility within 50m,Elsewhere,55.9190092749,-3.15953549306,"{""type"": ""Feature"",""geometry"": {""type"": ""Point"",""coordinates"": -3.15953549306, 55.9190092749}}"
586111,,Slight,1,1,23/08/2011,Tuesday,23,August,11,16,55,230,A,6106,Single carriageway - 2 lanes,30,'T' or staggered junction,Give way sign or markings,Unclassified,,Daylight: street lights present,Fine (without high winds),Dry,None,None,No overtaking,330470,671950,6443309,Junction,Pedestrian,362841,unset,EH153HT,No crossing facility within 50m or physical crossing facility not controlled by authorised person,No physical crossing facility within 50m,At scene,55.9356131252,-3.11312204531,"{""type"": ""Feature"",""geometry"": {""type"": ""Point"",""coordinates"": -3.11312204531, 55.9356131252}}"