acc_ref,beat_no,severity,no_vehicle,no_casualt,a_date,a_day,a_date_day,a_date_mon,a_date_yr,a_time_hr,a_time_min,loc_auth,road1_class,road1_no,road_type,speed_limi,junc_det,junc_ctrl,road2_class,road2_no,light_cond,weather,road_surf,spec_cond,cway_hzrds,ovrtk_patrn,easting,northing,net_id,net_type,acc_type,text_id,division,Postcode,ped_xing_hc,ped_xing_p,place_reported,latitude,longitude,geojson
586411,,Slight,1,1,07/09/2011,Wednesday,7,September,11,13,30,230,A,900,Single carriageway - 2 lanes,30,Multiple junction,Automatic Traffic Signal,Unclassified,,Daylight: street lights present,Raining (without high winds),Dry,None,None,No overtaking,326960,675900,522483,Junction,Pedestrian,362871,unset,EH68LN,No crossing facility within 50m or physical crossing facility not controlled by authorised person,Pedestrian phase at traffic signal junction,At scene,55.9705793129,-3.17037179038,"{""type"": ""Feature"",""geometry"": {""type"": ""Point"",""coordinates"": -3.17037179038, 55.9705793129}}"
588111,,Slight,3,1,06/09/2011,Tuesday,6,September,11,15,30,230,Unclassified,,Single carriageway - 2 lanes,20,Not at or within 20 metres of junction,unset,\,,Daylight: street lights present,Fine (without high winds),Dry,None,None,No overtaking,323380,674050,565817,Segment,M.V.N.P.,362872,unset,EH43EG,No crossing facility within 50m or physical crossing facility not controlled by authorised person,No physical crossing facility within 50m,Elsewhere,55.95340151,-3.22719612133,"{""type"": ""Feature"",""geometry"": {""type"": ""Point"",""coordinates"": -3.22719612133, 55.95340151}}"
588811,,Slight,2,2,07/09/2011,Wednesday,7,September,11,16,30,230,Motorway,8,Dual carriageway - 2 lanes,70,Not at or within 20 metres of junction,unset,\,,Daylight: street lights present,Fine with high winds,Dry,None,None,No overtaking,317770,670680,6452114,Segment,T.V.N.P.,362873,unset,EH129BU,No crossing facility within 50m or physical crossing facility not controlled by authorised person,No physical crossing facility within 50m,At scene,55.922199931,-3.31599687176,"{""type"": ""Feature"",""geometry"": {""type"": ""Point"",""coordinates"": -3.31599687176, 55.922199931}}"
589211,,Serious,1,1,30/08/2011,Tuesday,30,August,11,12,40,230,C,,Single carriageway - 2 lanes,30,'T' or staggered junction,Give way sign or markings,Unclassified,,Daylight: street lights present,Fine (without high winds),Dry,None,None,No overtaking,327180,675640,519514,Junction,Pedestrian,362842,unset,EH68HT,No crossing facility within 50m or physical crossing facility not controlled by authorised person,"Pelican, puffin, toucan or similar non-junction pedestrian light crossing",Elsewhere,55.968276905,-3.16677709398,"{""type"": ""Feature"",""geometry"": {""type"": ""Point"",""coordinates"": -3.16677709398, 55.968276905}}"
589511,,Slight,2,1,17/09/2011,Saturday,17,September,11,17,0,230,Unclassified,,Single carriageway - 2 lanes,30,'T' or staggered junction,Give way sign or markings,Unclassified,,Daylight: street lights present,Fine (without high winds),Dry,None,None,No overtaking,322960,671850,522246,Junction,Cyclist,362874,unset,EH111QR,No crossing facility within 50m or physical crossing facility not controlled by authorised person,No physical crossing facility within 50m,At scene,55.9335701119,-3.23329305322,"{""type"": ""Feature"",""geometry"": {""type"": ""Point"",""coordinates"": -3.23329305322, 55.9335701119}}"
590011,,Slight,1,4,08/09/2011,Thursday,8,September,11,10,50,230,Unclassified,,Single carriageway - 2 lanes,30,Crossroads,Give way sign or markings,Unclassified,,Daylight: street lights present,Fine (without high winds),Dry,None,None,No overtaking,322500,670410,529984,Junction,Bus,362875,unset,EH141HL,No crossing facility within 50m or physical crossing facility not controlled by authorised person,Pedestrian phase at traffic signal junction,Elsewhere,55.9205595975,-3.24024173189,"{""type"": ""Feature"",""geometry"": {""type"": ""Point"",""coordinates"": -3.24024173189, 55.9205595975}}"
591411,,Slight,2,1,09/09/2011,Friday,9,September,11,11,25,230,A,8,Dual carriageway - 2 lanes,30,Not at or within 20 metres of junction,unset,\,,Daylight: street lights present,Fine (without high winds),Dry,None,None,No overtaking,318100,672730,550658,Segment,T.V.N.P.,362876,unset,EH128LU,No crossing facility within 50m or physical crossing facility not controlled by authorised person,No physical crossing facility within 50m,At scene,55.9406723887,-3.31133908889,"{""type"": ""Feature"",""geometry"": {""type"": ""Point"",""coordinates"": -3.31133908889, 55.9406723887}}"
592011,,Slight,1,1,01/09/2011,Thursday,1,September,11,18,40,230,A,702,Roundabout,30,Roundabout,Give way sign or markings,Unclassified,,Daylight: no street lighting,Fine (without high winds),Dry,None,None,No overtaking,324850,667710,522513,Junction,S.V.N.P.,362877,unset,EH107DUA,No crossing facility within 50m or physical crossing facility not controlled by authorised person,No physical crossing facility within 50m,At scene,55.8966758963,-3.20189331459,"{""type"": ""Feature"",""geometry"": {""type"": ""Point"",""coordinates"": -3.20189331459, 55.8966758963}}"
594111,,Slight,2,1,10/09/2011,Saturday,10,September,11,12,20,230,Unclassified,,Single carriageway - 2 lanes,30,'T' or staggered junction,Give way sign or markings,A,701,Daylight: street lights present,Fine (without high winds),Dry,None,None,No overtaking,327320,668190,530290,Junction,T.V.N.P.,362878,unset,EH166PL,No crossing facility within 50m or physical crossing facility not controlled by authorised person,No physical crossing facility within 50m,At scene,55.9013673973,-3.16252822965,"{""type"": ""Feature"",""geometry"": {""type"": ""Point"",""coordinates"": -3.16252822965, 55.9013673973}}"
595211,,Slight,2,1,10/09/2011,Saturday,10,September,11,17,15,230,A,702,Single carriageway - 2 lanes,30,'T' or staggered junction,Give way sign or markings,Unclassified,,Daylight: street lights present,Fine (without high winds),Dry,None,None,No overtaking,324330,670340,530005,Junction,Cyclist,362879,unset,EH106ER,No crossing facility within 50m or physical crossing facility not controlled by authorised person,"Pelican, puffin, toucan or similar non-junction pedestrian light crossing",At scene,55.9202220495,-3.21094385971,"{""type"": ""Feature"",""geometry"": {""type"": ""Point"",""coordinates"": -3.21094385971, 55.9202220495}}"
595611,,Slight,2,1,10/09/2011,Saturday,10,September,11,17,20,230,B,900,Single carriageway - 2 lanes,30,Crossroads,Give way sign or markings,Unclassified,,Daylight: no street lighting,Fine (without high winds),Dry,None,None,No overtaking,323750,674680,520083,Junction,T.V.N.P.,362880,unset,EH41AJ,No crossing facility within 50m or physical crossing facility not controlled by authorised person,No physical crossing facility within 50m,At scene,55.959120142,-3.22144970289,"{""type"": ""Feature"",""geometry"": {""type"": ""Point"",""coordinates"": -3.22144970289, 55.959120142}}"
596011,,Serious,1,1,09/09/2011,Friday,9,September,11,17,0,230,Unclassified,,Single carriageway - 2 lanes,30,Other junction,Automatic Traffic Signal,Unclassified,,Daylight: street lights present,Fine (without high winds),Dry,None,None,No overtaking,327410,674370,520725,Junction,Bus,362881,unset,EH75TT,No crossing facility within 50m or physical crossing facility not controlled by authorised person,No physical crossing facility within 50m,Elsewhere,55.9569021098,-3.16275054146,"{""type"": ""Feature"",""geometry"": {""type"": ""Point"",""coordinates"": -3.16275054146, 55.9569021098}}"
596611,,Slight,2,1,11/09/2011,Sunday,11,September,11,14,0,230,Unclassified,,Single carriageway - 2 lanes,30,Other junction,Give way sign or markings,Unclassified,,Daylight: no street lighting,Other,Dry,None,None,No overtaking,323420,672640,12223725,Junction,Cyclist,362882,unset,EH112LT,No crossing facility within 50m or physical crossing facility not controlled by authorised person,No physical crossing facility within 50m,At scene,55.9407407778,-3.22615524087,"{""type"": ""Feature"",""geometry"": {""type"": ""Point"",""coordinates"": -3.22615524087, 55.9407407778}}"
596811,,Serious,2,1,22/09/2011,Thursday,22,September,11,7,20,230,A,8,Single carriageway - 2 lanes,30,Not at or within 20 metres of junction,unset,\,,Daylight: street lights present,Fine (without high winds),Dry,None,None,No overtaking,325800,673990,550541,Segment,Cyclist,362883,unset,EH22EJ,No crossing facility within 50m or physical crossing facility not controlled by authorised person,No physical crossing facility within 50m,At scene,55.9532422793,-3.18842883242,"{""type"": ""Feature"",""geometry"": {""type"": ""Point"",""coordinates"": -3.18842883242, 55.9532422793}}"
597711,,Slight,2,1,11/09/2011,Sunday,11,September,11,13,15,230,A,70,Single carriageway - 2 lanes,30,Not at or within 20 metres of junction,unset,\,,Daylight: street lights present,Fine (without high winds),Dry,None,None,No overtaking,322100,670720,561790,Segment,Cyclist,362884,unset,EH141TH,No crossing facility within 50m or physical crossing facility not controlled by authorised person,"Pelican, puffin, toucan or similar non-junction pedestrian light crossing",Elsewhere,55.9232799513,-3.24673068135,"{""type"": ""Feature"",""geometry"": {""type"": ""Point"",""coordinates"": -3.24673068135, 55.9232799513}}"
598411,,Slight,2,1,07/09/2011,Wednesday,7,September,11,21,45,230,Unclassified,,Single carriageway - 2 lanes,30,Crossroads,Automatic Traffic Signal,Unclassified,,Darkness: street lights present and lit,Fine (without high winds),Dry,None,None,No overtaking,326730,671820,529477,Junction,T.V.N.P.,362885,unset,EH92BT,No crossing facility within 50m or physical crossing facility not controlled by authorised person,Pedestrian phase at traffic signal junction,At scene,55.9338898328,-3.1729475396,"{""type"": ""Feature"",""geometry"": {""type"": ""Point"",""coordinates"": -3.1729475396, 55.9338898328}}"
598611,,Slight,2,1,10/07/2011,Sunday,10,July,11,1,10,230,C,,Single carriageway - 2 lanes,30,Not at or within 20 metres of junction,unset,\,,Darkness: street lights present and lit,Fine (without high winds),Dry,None,None,No overtaking,325100,674890,566690,Segment,Cyclist,362468,unset,EH35DX,No crossing facility within 50m or physical crossing facility not controlled by authorised person,No physical crossing facility within 50m,At scene,55.9612191285,-3.19988778936,"{""type"": ""Feature"",""geometry"": {""type"": ""Point"",""coordinates"": -3.19988778936, 55.9612191285}}"
599111,,Serious,1,1,05/09/2011,Monday,5,September,11,18,50,230,Unclassified,,One way Street,20,Not at or within 20 metres of junction,unset,\,,Daylight: street lights present,Fine (without high winds),Dry,None,None,No overtaking,327840,674800,0,Unset,Pedestrian,362886,unset,EH76DF,No crossing facility within 50m or physical crossing facility not controlled by authorised person,No physical crossing facility within 50m,At scene,55.960829998,-3.15597950038,"{""type"": ""Feature"",""geometry"": {""type"": ""Point"",""coordinates"": -3.15597950038, 55.960829998}}"
599211,,Slight,1,1,12/09/2011,Monday,12,September,11,13,0,230,A,71,Single carriageway - 2 lanes,30,Multiple junction,Automatic Traffic Signal,Unclassified,,Daylight: street lights present,Fine (without high winds),Dry,None,None,No overtaking,322310,671880,522213,Junction,Pedestrian,362887,unset,EH112RT,Control by school crossing patrol,Pedestrian phase at traffic signal junction,At scene,55.9337350449,-3.24370445275,"{""type"": ""Feature"",""geometry"": {""type"": ""Point"",""coordinates"": -3.24370445275, 55.9337350449}}"
599311,,Serious,2,1,10/08/2011,Wednesday,10,August,11,16,48,230,A,199,Single carriageway - 2 lanes,30,Not at or within 20 metres of junction,unset,\,,Daylight: street lights present,Fine (without high winds),Dry,None,None,No overtaking,326520,676740,563376,Segment,Bus,362843,unset,EH66NF,No crossing facility within 50m or physical crossing facility not controlled by authorised person,Pedestrian phase at traffic signal junction,Elsewhere,55.9780586485,-3.17764981726,"{""type"": ""Feature"",""geometry"": {""type"": ""Point"",""coordinates"": -3.17764981726, 55.9780586485}}"
600211,,Slight,1,1,13/09/2011,Tuesday,13,September,11,2,50,230,Unclassified,,Single carriageway - 2 lanes,30,Not at or within 20 metres of junction,unset,\,,Darkness: street lights present and lit,Fine with high winds,Dry,None,None,No overtaking,329620,669620,568105,Segment,S.V.N.P.,362888,unset,EH164SR,No crossing facility within 50m or physical crossing facility not controlled by authorised person,No physical crossing facility within 50m,At scene,55.9145564578,-3.12611974263,"{""type"": ""Feature"",""geometry"": {""type"": ""Point"",""coordinates"": -3.12611974263, 55.9145564578}}"
600311,,Serious,2,1,11/09/2011,Sunday,11,September,11,11,35,230,Unclassified,,Single carriageway - 2 lanes,30,'T' or staggered junction,Give way sign or markings,Unclassified,,Daylight: street lights present,Fine (without high winds),Dry,None,None,No overtaking,318000,675490,0,Unset,Cyclist,362889,unset,EH46DP,No crossing facility within 50m or physical crossing facility not controlled by authorised person,No physical crossing facility within 50m,At scene,55.9654496746,-3.31377926487,"{""type"": ""Feature"",""geometry"": {""type"": ""Point"",""coordinates"": -3.31377926487, 55.9654496746}}"
600811,,Slight,1,1,12/09/2011,Monday,12,September,11,14,15,230,Unclassified,,Single carriageway - 2 lanes,30,Not at or within 20 metres of junction,unset,\,,Daylight: street lights present,Raining with high winds,Dry,None,None,No overtaking,325660,673910,551250,Segment,Bus,362890,unset,EH22EJ,No crossing facility within 50m or physical crossing facility not controlled by authorised person,Pedestrian phase at traffic signal junction,Elsewhere,55.9525019297,-3.19064854666,"{""type"": ""Feature"",""geometry"": {""type"": ""Point"",""coordinates"": -3.19064854666, 55.9525019297}}"
600911,,Slight,2,1,09/09/2011,Friday,9,September,11,21,0,230,A,7,Single carriageway - 2 lanes,30,Crossroads,Automatic Traffic Signal,C,,Darkness: street lights present but unlit,Fine (without high winds),Dry,None,None,No overtaking,325940,673660,521103,Junction,Cyclist,362891,unset,EH11SB,No crossing facility within 50m or physical crossing facility not controlled by authorised person,Pedestrian phase at traffic signal junction,Elsewhere,55.950299194,-3.1860964053,"{""type"": ""Feature"",""geometry"": {""type"": ""Point"",""coordinates"": -3.1860964053, 55.950299194}}"
601711,,Slight,2,2,12/09/2011,Monday,12,September,11,14,5,230,Unclassified,,One way Street,20,Not at or within 20 metres of junction,unset,\,,Daylight: street lights present,Raining with high winds,Dry,None,None,No overtaking,314900,673620,6454438,Segment,Bus,362892,unset,EH129DN,No crossing facility within 50m or physical crossing facility not controlled by authorised person,No physical crossing facility within 50m,At scene,55.948111698,-3.36284057635,"{""type"": ""Feature"",""geometry"": {""type"": ""Point"",""coordinates"": -3.36284057635, 55.948111698}}"
602511,,Slight,2,1,09/09/2011,Friday,9,September,11,12,25,230,B,901,Single carriageway - 2 lanes,30,Not at or within 20 metres of junction,unset,\,,Daylight: street lights present,Raining (without high winds),Dry,None,None,No overtaking,325910,674430,12285580,Segment,T.V.N.P.,362893,unset,EH13RH,No crossing facility within 50m or physical crossing facility not controlled by authorised person,No physical crossing facility within 50m,At scene,55.9572121623,-3.18678837753,"{""type"": ""Feature"",""geometry"": {""type"": ""Point"",""coordinates"": -3.18678837753, 55.9572121623}}"
602711,,Slight,2,1,12/09/2011,Monday,12,September,11,17,40,230,C,,Single carriageway - 2 lanes,30,'T' or staggered junction,Automatic Traffic Signal,Unclassified,,Daylight: street lights present,Unknown,Dry,None,None,No overtaking,325500,673640,521022,Junction,Cyclist,362894,unset,EH12LU,No crossing facility within 50m or physical crossing facility not controlled by authorised person,"Pelican, puffin, toucan or similar non-junction pedestrian light crossing",Elsewhere,55.9500515048,-3.19313591745,"{""type"": ""Feature"",""geometry"": {""type"": ""Point"",""coordinates"": -3.19313591745, 55.9500515048}}"
603511,,Slight,1,2,14/09/2011,Wednesday,14,September,11,8,0,230,Unclassified,,Single carriageway - 2 lanes,30,'T' or staggered junction,Give way sign or markings,Unclassified,,Daylight: street lights present,Fine (without high winds),Dry,None,None,No overtaking,318930,675090,0,Unset,Pedestrian,362895,unset,EH46EL,No crossing facility within 50m or physical crossing facility not controlled by authorised person,No physical crossing facility within 50m,At scene,55.9620141598,-3.2987630478,"{""type"": ""Feature"",""geometry"": {""type"": ""Point"",""coordinates"": -3.2987630478, 55.9620141598}}"
604311,,Slight,1,1,14/09/2011,Wednesday,14,September,11,17,0,230,Unclassified,,Single carriageway - 2 lanes,30,Not at or within 20 metres of junction,unset,\,,Daylight: no street lighting,Fine (without high winds),Dry,None,None,No overtaking,325750,673340,567189,Segment,Pedestrian,362896,unset,EH11HU,No crossing facility within 50m or physical crossing facility not controlled by authorised person,No physical crossing facility within 50m,At scene,55.9473950312,-3.18905047294,"{""type"": ""Feature"",""geometry"": {""type"": ""Point"",""coordinates"": -3.18905047294, 55.9473950312}}"
604611,,Slight,1,1,14/09/2011,Wednesday,14,September,11,17,30,230,Unclassified,,Single carriageway - 2 lanes,30,Not at or within 20 metres of junction,unset,\,,Daylight: no street lighting,Fine (without high winds),Dry,None,None,No overtaking,320860,675460,563995,Segment,Bus,362897,unset,EH45AD,No crossing facility within 50m or physical crossing facility not controlled by authorised person,No physical crossing facility within 50m,Elsewhere,55.9656599511,-3.26796124365,"{""type"": ""Feature"",""geometry"": {""type"": ""Point"",""coordinates"": -3.26796124365, 55.9656599511}}"
604911,,Serious,1,2,23/07/2011,Saturday,23,July,11,11,45,230,Unclassified,,Single carriageway - 2 lanes,30,Not at or within 20 metres of junction,unset,\,,Daylight: no street lighting,Fine (without high winds),Dry,None,None,No overtaking,325670,673850,551250,Segment,Bus,362469,unset,EH22EJ,No crossing facility within 50m or physical crossing facility not controlled by authorised person,No physical crossing facility within 50m,Elsewhere,55.9519644441,-3.19047188068,"{""type"": ""Feature"",""geometry"": {""type"": ""Point"",""coordinates"": -3.19047188068, 55.9519644441}}"
605011,,Serious,2,1,14/09/2011,Wednesday,14,September,11,16,42,230,Unclassified,,Single carriageway - 2 lanes,30,Multiple junction,Automatic Traffic Signal,Unclassified,,Daylight: no street lighting,Fine (without high winds),Dry,None,None,No overtaking,323020,671900,522273,Junction,T.V.N.P.,362898,unset,EH111QR,No crossing facility within 50m or physical crossing facility not controlled by authorised person,Pedestrian phase at traffic signal junction,At scene,55.9340289093,-3.23234705457,"{""type"": ""Feature"",""geometry"": {""type"": ""Point"",""coordinates"": -3.23234705457, 55.9340289093}}"
605311,,Slight,2,1,14/09/2011,Wednesday,14,September,11,18,40,230,A,901,Single carriageway - 2 lanes,30,'T' or staggered junction,Give way sign or markings,Unclassified,,Daylight: no street lighting,Fine (without high winds),Dry,None,None,No overtaking,326870,676000,531346,Junction,T.V.N.P.,362899,unset,EH65HX,No crossing facility within 50m or physical crossing facility not controlled by authorised person,Pedestrian phase at traffic signal junction,At scene,55.9714640058,-3.17184074293,"{""type"": ""Feature"",""geometry"": {""type"": ""Point"",""coordinates"": -3.17184074293, 55.9714640058}}"
605611,,Serious,1,1,26/09/2011,Monday,26,September,11,7,40,230,Unclassified,,Single carriageway - 2 lanes,30,'T' or staggered junction,Give way sign or markings,Unclassified,,Daylight: street lights present,Fine (without high winds),Dry,None,None,No overtaking,325520,676200,519250,Junction,Pedestrian,362900,unset,EH64SS,No crossing facility within 50m or physical crossing facility not controlled by authorised person,"Pelican, puffin, toucan or similar non-junction pedestrian light crossing",At scene,55.9730532713,-3.19352333714,"{""type"": ""Feature"",""geometry"": {""type"": ""Point"",""coordinates"": -3.19352333714, 55.9730532713}}"
605711,,Slight,1,1,26/09/2011,Monday,26,September,11,14,40,230,Unclassified,,Single carriageway - 2 lanes,30,Crossroads,Give way sign or markings,Unclassified,,Daylight: street lights present,Fine (without high winds),Dry,None,None,No overtaking,326210,676370,532555,Junction,Pedestrian,362901,unset,EH64PG,No crossing facility within 50m or physical crossing facility not controlled by authorised person,"Pelican, puffin, toucan or similar non-junction pedestrian light crossing",At scene,55.974687067,-3.1825155148,"{""type"": ""Feature"",""geometry"": {""type"": ""Point"",""coordinates"": -3.1825155148, 55.974687067}}"
606011,,Serious,1,2,15/09/2011,Thursday,15,September,11,7,35,230,A,701,Single carriageway - 2 lanes,30,Other junction,Automatic Traffic Signal,C,,Daylight: no street lighting,Fine (without high winds),Dry,None,None,No overtaking,327380,669420,530191,Junction,Pedestrian,362902,unset,EH166NL,No crossing facility within 50m or physical crossing facility not controlled by authorised person,Pedestrian phase at traffic signal junction,At scene,55.9124268151,-3.16189910852,"{""type"": ""Feature"",""geometry"": {""type"": ""Point"",""coordinates"": -3.16189910852, 55.9124268151}}"
607511,,Slight,2,1,19/09/2011,Monday,19,September,11,16,40,230,C,,Single carriageway - 2 lanes,30,Crossroads,Automatic Traffic Signal,A,8,Daylight: street lights present,Fine (without high winds),Dry,None,None,No overtaking,325380,673890,521049,Junction,Cyclist,362903,unset,EH22DF,No crossing facility within 50m or physical crossing facility not controlled by authorised person,"Pelican, puffin, toucan or similar non-junction pedestrian light crossing",Elsewhere,55.9522788521,-3.19512646771,"{""type"": ""Feature"",""geometry"": {""type"": ""Point"",""coordinates"": -3.19512646771, 55.9522788521}}"
607711,,Slight,1,1,15/09/2011,Thursday,15,September,11,16,10,230,Unclassified,,Single carriageway - 2 lanes,30,Not at or within 20 metres of junction,unset,\,,Daylight: street lights present,Fine (without high winds),Dry,None,None,No overtaking,322830,675730,563961,Segment,Pedestrian,362904,unset,EH52NJ,No crossing facility within 50m or physical crossing facility not controlled by authorised person,No physical crossing facility within 50m,Elsewhere,55.9684061283,-3.23648412722,"{""type"": ""Feature"",""geometry"": {""type"": ""Point"",""coordinates"": -3.23648412722, 55.9684061283}}"
608211,,Slight,2,1,15/09/2011,Thursday,15,September,11,17,50,230,A,8,Single carriageway - 2 lanes,30,'T' or staggered junction,Give way sign or markings,Unclassified,,Daylight: street lights present,Fine (without high winds),Dry,None,None,No overtaking,320200,672890,521727,Junction,T.V.N.P.,362905,unset,EH126NN,No crossing facility within 50m or physical crossing facility not controlled by authorised person,No physical crossing facility within 50m,At scene,55.9424629493,-3.27777186345,"{""type"": ""Feature"",""geometry"": {""type"": ""Point"",""coordinates"": -3.27777186345, 55.9424629493}}"
608411,,Slight,1,1,16/09/2011,Friday,16,September,11,16,30,230,C,,Single carriageway - 2 lanes,30,Not at or within 20 metres of junction,unset,\,,Daylight: street lights present,Raining (without high winds),Dry,None,None,No overtaking,326040,673510,2106577,Segment,Pedestrian,362906,unset,EH11LY,No crossing facility within 50m or physical crossing facility not controlled by authorised person,Pedestrian phase at traffic signal junction,At scene,55.9489670101,-3.18445411291,"{""type"": ""Feature"",""geometry"": {""type"": ""Point"",""coordinates"": -3.18445411291, 55.9489670101}}"
609011,,Slight,2,1,24/09/2011,Saturday,24,September,11,8,11,230,A,71,Roundabout,40,Roundabout,Give way sign or markings,C,,Daylight: street lights present,Fine (without high winds),Dry,None,None,No overtaking,320720,671140,529507,Junction,T.V.N.P.,362907,unset,EH113PR,No crossing facility within 50m or physical crossing facility not controlled by authorised person,No physical crossing facility within 50m,At scene,55.9268276284,-3.26893379653,"{""type"": ""Feature"",""geometry"": {""type"": ""Point"",""coordinates"": -3.26893379653, 55.9268276284}}"
609211,,Slight,1,1,27/09/2011,Tuesday,27,September,11,13,50,230,A,702,Single carriageway - 2 lanes,30,Not at or within 20 metres of junction,unset,\,,Daylight: street lights present,Fine (without high winds),Dry,None,None,No overtaking,324850,672470,548991,Segment,Pedestrian,362908,unset,EH104EX,No crossing facility within 50m or physical crossing facility not controlled by authorised person,No physical crossing facility within 50m,At scene,55.9394391978,-3.20321727885,"{""type"": ""Feature"",""geometry"": {""type"": ""Point"",""coordinates"": -3.20321727885, 55.9394391978}}"
609411,,Slight,1,2,19/09/2011,Monday,19,September,11,10,50,230,A,8,Single carriageway - 2 lanes,30,Not at or within 20 metres of junction,unset,\,,Daylight: street lights present,Fine (without high winds),Dry,None,None,No overtaking,323990,673210,550604,Segment,Pedestrian,362909,unset,EH125DR,No crossing facility within 50m or physical crossing facility not controlled by authorised person,No physical crossing facility within 50m,At scene,55.9459520086,-3.21719166387,"{""type"": ""Feature"",""geometry"": {""type"": ""Point"",""coordinates"": -3.21719166387, 55.9459520086}}"
609511,,Slight,2,1,29/09/2011,Thursday,29,September,11,13,55,230,A,90,Single carriageway - 2 lanes,30,Other junction,Give way sign or markings,Unclassified,,Daylight: street lights present,Fine (without high winds),Dry,None,None,No overtaking,324730,673950,520983,Junction,T.V.N.P.,362910,unset,EH24HQ,No crossing facility within 50m or physical crossing facility not controlled by authorised person,No physical crossing facility within 50m,At scene,55.9527165029,-3.20555114803,"{""type"": ""Feature"",""geometry"": {""type"": ""Point"",""coordinates"": -3.20555114803, 55.9527165029}}"
609611,,Slight,2,1,30/09/2011,Friday,30,September,11,12,55,230,Unclassified,,Single carriageway - 2 lanes,30,'T' or staggered junction,Give way sign or markings,Unclassified,,Daylight: no street lighting,Fine (without high winds),Dry,None,None,No overtaking,326460,672750,532738,Junction,Cyclist,362911,unset,EH89QY,No crossing facility within 50m or physical crossing facility not controlled by authorised person,No physical crossing facility within 50m,Elsewhere,55.9422036791,-3.17752228041,"{""type"": ""Feature"",""geometry"": {""type"": ""Point"",""coordinates"": -3.17752228041, 55.9422036791}}"
609811,,Slight,1,1,30/09/2011,Friday,30,September,11,9,50,230,C,,Dual carriageway - 2 lanes,30,Not at or within 20 metres of junction,unset,\,,Daylight: street lights present,Fine (without high winds),Dry,None,None,No overtaking,325180,673990,566570,Segment,Bus,362912,unset,EH22JG,No crossing facility within 50m or physical crossing facility not controlled by authorised person,No physical crossing facility within 50m,At scene,55.9531461372,-3.19835666744,"{""type"": ""Feature"",""geometry"": {""type"": ""Point"",""coordinates"": -3.19835666744, 55.9531461372}}"
609911,,Serious,2,1,18/09/2011,Sunday,18,September,11,15,0,230,Unclassified,,Single carriageway - 2 lanes,30,Not at or within 20 metres of junction,unset,\,,Daylight: street lights present,Fine (without high winds),Dry,None,None,No overtaking,323520,671380,559397,Segment,Cyclist,362913,unset,EH105BT,No crossing facility within 50m or physical crossing facility not controlled by authorised person,No physical crossing facility within 50m,Elsewhere,55.9294371228,-3.22419746172,"{""type"": ""Feature"",""geometry"": {""type"": ""Point"",""coordinates"": -3.22419746172, 55.9294371228}}"
610011,,Slight,1,1,30/09/2011,Friday,30,September,11,20,55,230,Unclassified,,Single carriageway - 2 lanes,30,Not at or within 20 metres of junction,unset,\,,Darkness: street lights present and lit,Fine (without high winds),Dry,None,None,No overtaking,322260,675630,563950,Segment,Pedestrian,362914,unset,EH44AJ,No crossing facility within 50m or physical crossing facility not controlled by authorised person,No physical crossing facility within 50m,At scene,55.9674158273,-3.2455858748,"{""type"": ""Feature"",""geometry"": {""type"": ""Point"",""coordinates"": -3.2455858748, 55.9674158273}}"
610111,,Slight,2,1,20/09/2011,Tuesday,20,September,11,12,15,230,Unclassified,,Single carriageway - 2 lanes,30,Crossroads,Give way sign or markings,Unclassified,,Daylight: street lights present,Fine (without high winds),Dry,None,None,No overtaking,323740,674680,520083,Junction,Cyclist,362915,unset,EH41AH,No crossing facility within 50m or physical crossing facility not controlled by authorised person,Central refuge - no other controls,At scene,55.9591185547,-3.22160985207,"{""type"": ""Feature"",""geometry"": {""type"": ""Point"",""coordinates"": -3.22160985207, 55.9591185547}}"
610311,,Slight,1,1,03/09/2011,Saturday,3,September,11,10,45,230,Unclassified,,Single carriageway - 2 lanes,30,Crossroads,Automatic Traffic Signal,Unclassified,,Daylight: street lights present,Raining (without high winds),Dry,None,None,No overtaking,325900,676280,519238,Junction,Bus,362916,unset,EH64BR,No crossing facility within 50m or physical crossing facility not controlled by authorised person,Pedestrian phase at traffic signal junction,At scene,55.9738307753,-3.18745742506,"{""type"": ""Feature"",""geometry"": {""type"": ""Point"",""coordinates"": -3.18745742506, 55.9738307753}}"