acc_ref,beat_no,severity,no_vehicle,no_casualt,a_date,a_day,a_date_day,a_date_mon,a_date_yr,a_time_hr,a_time_min,loc_auth,road1_class,road1_no,road_type,speed_limi,junc_det,junc_ctrl,road2_class,road2_no,light_cond,weather,road_surf,spec_cond,cway_hzrds,ovrtk_patrn,easting,northing,net_id,net_type,acc_type,text_id,division,Postcode,ped_xing_hc,ped_xing_p,place_reported,latitude,longitude,geojson
610411,,Slight,1,2,26/09/2011,Monday,26,September,11,13,20,230,B,900,Single carriageway - 2 lanes,30,'T' or staggered junction,Give way sign or markings,Unclassified,,Daylight: street lights present,Fine (without high winds),Dry,None,None,No overtaking,324270,674690,520113,Junction,Pedestrian,362917,unset,EH41DR,No crossing facility within 50m or physical crossing facility not controlled by authorised person,"Pelican, puffin, toucan or similar non-junction pedestrian light crossing",At scene,55.9592922351,-3.21312473401,"{""type"": ""Feature"",""geometry"": {""type"": ""Point"",""coordinates"": -3.21312473401, 55.9592922351}}"
610511,,Slight,1,1,09/09/2011,Friday,9,September,11,18,34,230,Unclassified,,One way Street,30,'T' or staggered junction,Automatic Traffic Signal,C,,Daylight: street lights present,Fine (without high winds),Dry,None,None,No overtaking,324770,673040,521439,Junction,Pedestrian,362918,unset,EH39PY,No crossing facility within 50m or physical crossing facility not controlled by authorised person,Pedestrian phase at traffic signal junction,At scene,55.9445474774,-3.204656782,"{""type"": ""Feature"",""geometry"": {""type"": ""Point"",""coordinates"": -3.204656782, 55.9445474774}}"
610711,,Slight,2,1,15/09/2011,Thursday,15,September,11,15,0,230,Unclassified,,Single carriageway - 2 lanes,30,'T' or staggered junction,Give way sign or markings,Unclassified,,Daylight: street lights present,Fine (without high winds),Dry,None,None,No overtaking,313770,670690,0,Unset,Cyclist,362919,unset,EH288RT,No crossing facility within 50m or physical crossing facility not controlled by authorised person,No physical crossing facility within 50m,At scene,55.9215894068,-3.37999508399,"{""type"": ""Feature"",""geometry"": {""type"": ""Point"",""coordinates"": -3.37999508399, 55.9215894068}}"
610811,,Slight,2,1,15/09/2011,Thursday,15,September,11,18,30,230,A,71,Single carriageway - 2 lanes,30,'T' or staggered junction,Give way sign or markings,Unclassified,,Daylight: no street lighting,Fine (without high winds),Dry,None,None,No overtaking,323130,672330,522003,Junction,Bus,362920,unset,EH111TZ,No crossing facility within 50m or physical crossing facility not controlled by authorised person,Pedestrian phase at traffic signal junction,Elsewhere,55.9379095268,-3.23070903622,"{""type"": ""Feature"",""geometry"": {""type"": ""Point"",""coordinates"": -3.23070903622, 55.9379095268}}"
610911,,Slight,2,1,21/09/2011,Wednesday,21,September,11,12,45,230,A,900,Single carriageway - 2 lanes,30,Other junction,Automatic Traffic Signal,A,900,Daylight: street lights present,Fine (without high winds),Dry,None,None,No overtaking,325880,674040,520638,Junction,Cyclist,362921,unset,EH13SJ,No crossing facility within 50m or physical crossing facility not controlled by authorised person,No physical crossing facility within 50m,Elsewhere,55.9537038207,-3.18716156444,"{""type"": ""Feature"",""geometry"": {""type"": ""Point"",""coordinates"": -3.18716156444, 55.9537038207}}"
611111,,Slight,2,1,21/09/2011,Wednesday,21,September,11,7,45,230,Unclassified,,Single carriageway - 2 lanes,30,Not at or within 20 metres of junction,unset,\,,Daylight: street lights present,Fine (without high winds),Dry,None,None,No overtaking,325890,673780,569724,Segment,Cyclist,362922,unset,EH11QG,No crossing facility within 50m or physical crossing facility not controlled by authorised person,No physical crossing facility within 50m,Elsewhere,55.9513695525,-3.18692996309,"{""type"": ""Feature"",""geometry"": {""type"": ""Point"",""coordinates"": -3.18692996309, 55.9513695525}}"
611411,,Slight,2,1,22/09/2011,Thursday,22,September,11,19,20,230,B,6415,Single carriageway - 2 lanes,30,Crossroads,Automatic Traffic Signal,C,,Darkness: street lights present and lit,Fine (without high winds),Dry,None,None,No overtaking,330510,673880,523602,Junction,Bus,362923,unset,EH151AF,No crossing facility within 50m or physical crossing facility not controlled by authorised person,"Pelican, puffin, toucan or similar non-junction pedestrian light crossing",Elsewhere,55.9529582851,-3.1129790264,"{""type"": ""Feature"",""geometry"": {""type"": ""Point"",""coordinates"": -3.1129790264, 55.9529582851}}"
611611,,Slight,1,1,17/09/2011,Saturday,17,September,11,16,0,230,A,900,Single carriageway - 2 lanes,30,Not at or within 20 metres of junction,unset,\,,Daylight: street lights present,Fine (without high winds),Dry,None,None,No overtaking,326600,675200,558467,Segment,Pedestrian,362924,unset,EH65BR,No crossing facility within 50m or physical crossing facility not controlled by authorised person,Pedestrian phase at traffic signal junction,At scene,55.9642356885,-3.17594820024,"{""type"": ""Feature"",""geometry"": {""type"": ""Point"",""coordinates"": -3.17594820024, 55.9642356885}}"
611711,,Slight,1,1,17/09/2011,Saturday,17,September,11,0,30,230,A,7,Single carriageway - 2 lanes,30,Not at or within 20 metres of junction,unset,\,,Daylight: no street lighting,Fine (without high winds),Dry,None,None,No overtaking,326150,673060,569460,Segment,Pedestrian,362925,unset,EH89EW,No crossing facility within 50m or physical crossing facility not controlled by authorised person,No physical crossing facility within 50m,At scene,55.944941167,-3.18256968313,"{""type"": ""Feature"",""geometry"": {""type"": ""Point"",""coordinates"": -3.18256968313, 55.944941167}}"
611811,,Slight,2,1,18/09/2011,Sunday,18,September,11,1,15,230,A,900,Dual carriageway - 2 lanes,30,Not at or within 20 metres of junction,unset,\,,Darkness: street lights present and lit,Fine (without high winds),Dry,None,None,No overtaking,326410,674920,558503,Segment,T.V.N.P.,362926,unset,EH75HW,No crossing facility within 50m or physical crossing facility not controlled by authorised person,No physical crossing facility within 50m,At scene,55.9616911235,-3.17891500305,"{""type"": ""Feature"",""geometry"": {""type"": ""Point"",""coordinates"": -3.17891500305, 55.9616911235}}"
611911,,Slight,1,1,26/08/2011,Friday,26,August,11,14,15,230,C,,Single carriageway - 2 lanes,30,Other junction,Automatic Traffic Signal,A,199,Daylight: street lights present,Fine (without high winds),Dry,None,None,No overtaking,328200,675970,523242,Junction,Pedestrian,362844,unset,EH67LA,Control by other authorised person,No physical crossing facility within 50m,Elsewhere,55.9713952046,-3.15052559978,"{""type"": ""Feature"",""geometry"": {""type"": ""Point"",""coordinates"": -3.15052559978, 55.9713952046}}"
612011,,Slight,1,1,23/09/2011,Friday,23,September,11,17,25,230,Unclassified,,Single carriageway - 2 lanes,30,'T' or staggered junction,Give way sign or markings,Unclassified,,Daylight: street lights present,Fine (without high winds),Dry,None,None,No overtaking,324180,669340,0,Unset,Pedestrian,362927,unset,EH106LY,No crossing facility within 50m or physical crossing facility not controlled by authorised person,No physical crossing facility within 50m,Elsewhere,55.9112145779,-3.21306311741,"{""type"": ""Feature"",""geometry"": {""type"": ""Point"",""coordinates"": -3.21306311741, 55.9112145779}}"
612211,,Serious,1,1,23/09/2011,Friday,23,September,11,23,25,230,Unclassified,,Dual carriageway - 2 lanes,30,Not at or within 20 metres of junction,unset,\,,Darkness: street lights present but unlit,Fine (without high winds),Dry,None,None,No overtaking,326840,672570,4477242,Segment,Pedestrian,362928,unset,EH165BH,No crossing facility within 50m or physical crossing facility not controlled by authorised person,No physical crossing facility within 50m,Elsewhere,55.9406445521,-3.17139034294,"{""type"": ""Feature"",""geometry"": {""type"": ""Point"",""coordinates"": -3.17139034294, 55.9406445521}}"
612311,,Slight,2,2,17/09/2011,Saturday,17,September,11,14,45,230,B,701,Roundabout,30,Roundabout,Give way sign or markings,A,8,Daylight: street lights present,Fine (without high winds),Dry,None,None,No overtaking,319320,672950,522894,Junction,T.V.N.P.,362929,unset,EH128SQ,No crossing facility within 50m or physical crossing facility not controlled by authorised person,Pedestrian phase at traffic signal junction,Elsewhere,55.9428550688,-3.29187651898,"{""type"": ""Feature"",""geometry"": {""type"": ""Point"",""coordinates"": -3.29187651898, 55.9428550688}}"
612611,,Slight,1,1,17/09/2011,Saturday,17,September,11,12,50,230,B,900,Single carriageway - 2 lanes,30,Multiple junction,Give way sign or markings,B,900,Daylight: street lights present,Fine (without high winds),Dry,None,None,No overtaking,322590,674390,520425,Junction,Pedestrian,362930,unset,EH42EE,No crossing facility within 50m or physical crossing facility not controlled by authorised person,Pedestrian phase at traffic signal junction,At scene,55.9563293485,-3.23994360328,"{""type"": ""Feature"",""geometry"": {""type"": ""Point"",""coordinates"": -3.23994360328, 55.9563293485}}"
612911,,Slight,2,1,18/09/2011,Sunday,18,September,11,11,37,230,A,1,Single carriageway - 2 lanes,30,Not at or within 20 metres of junction,unset,\,,Daylight: street lights present,Fine (without high winds),Dry,None,None,No overtaking,327290,674400,2106013,Segment,T.V.N.P.,362931,unset,EH88HH,No crossing facility within 50m or physical crossing facility not controlled by authorised person,No physical crossing facility within 50m,At scene,55.9571534822,-3.16468035497,"{""type"": ""Feature"",""geometry"": {""type"": ""Point"",""coordinates"": -3.16468035497, 55.9571534822}}"
613111,,Slight,1,1,30/09/2011,Friday,30,September,11,16,55,230,A,900,Single carriageway - 2 lanes,40,Not at or within 20 metres of junction,unset,\,,Daylight: no street lighting,Fine (without high winds),Dry,None,None,No overtaking,326710,675400,519885,Junction,Bus,362932,unset,EH68NY,No crossing facility within 50m or physical crossing facility not controlled by authorised person,No physical crossing facility within 50m,Elsewhere,55.9660492683,-3.17424071069,"{""type"": ""Feature"",""geometry"": {""type"": ""Point"",""coordinates"": -3.17424071069, 55.9660492683}}"
613311,,Slight,1,1,25/09/2011,Sunday,25,September,11,17,30,230,Unclassified,,Single carriageway - 2 lanes,20,Not at or within 20 metres of junction,unset,\,,Daylight: street lights present,Fine (without high winds),Dry,None,None,No overtaking,321640,675410,0,Unset,Pedestrian,362933,unset,EH42TG,No crossing facility within 50m or physical crossing facility not controlled by authorised person,No physical crossing facility within 50m,Elsewhere,55.9653386641,-3.25545312591,"{""type"": ""Feature"",""geometry"": {""type"": ""Point"",""coordinates"": -3.25545312591, 55.9653386641}}"
613411,,Slight,2,1,18/09/2011,Sunday,18,September,11,11,28,230,Motorway,8,Roundabout,70,Roundabout,Automatic Traffic Signal,Motorway,8,Daylight: street lights present,Raining (without high winds),Dry,Road works present,None,No overtaking,318050,670930,6453338,Junction,T.V.N.P.,362934,unset,EH129BU,No crossing facility within 50m or physical crossing facility not controlled by authorised person,No physical crossing facility within 50m,\3,55.9244935872,-3.31159296783,"{""type"": ""Feature"",""geometry"": {""type"": ""Point"",""coordinates"": -3.31159296783, 55.9244935872}}"
613511,,Slight,2,1,26/09/2011,Monday,26,September,11,17,0,230,B,900,Single carriageway - 2 lanes,30,Other junction,Give way sign or markings,Unclassified,,Daylight: street lights present,Fine (without high winds),Dry,None,None,No overtaking,323720,674670,520083,Junction,T.V.N.P.,362935,unset,EH41AH,No crossing facility within 50m or physical crossing facility not controlled by authorised person,"Pelican, puffin, toucan or similar non-junction pedestrian light crossing",At scene,55.9590255417,-3.22192731977,"{""type"": ""Feature"",""geometry"": {""type"": ""Point"",""coordinates"": -3.22192731977, 55.9590255417}}"
613611,,Slight,1,1,20/09/2011,Tuesday,20,September,11,8,30,230,B,701,Single carriageway - 2 lanes,30,Not at or within 20 metres of junction,unset,\,,Daylight: street lights present,Fine (without high winds),Dry,None,None,No overtaking,319070,674190,551708,Segment,Pedestrian,362936,unset,EH48DB,No crossing facility within 50m or physical crossing facility not controlled by authorised person,No physical crossing facility within 50m,At scene,55.9539526112,-3.29625059345,"{""type"": ""Feature"",""geometry"": {""type"": ""Point"",""coordinates"": -3.29625059345, 55.9539526112}}"
614111,,Slight,2,1,21/09/2011,Wednesday,21,September,11,16,59,230,C,,Roundabout,60,Roundabout,Give way sign or markings,Unclassified,,Daylight: street lights present,Fine with high winds,Dry,None,None,No overtaking,329160,667360,4486297,Junction,T.V.N.P.,362937,unset,EH178RZ,No crossing facility within 50m or physical crossing facility not controlled by authorised person,No physical crossing facility within 50m,At scene,55.8941848265,-3.13288634654,"{""type"": ""Feature"",""geometry"": {""type"": ""Point"",""coordinates"": -3.13288634654, 55.8941848265}}"
615511,,Slight,2,2,24/09/2011,Saturday,24,September,11,11,0,230,Motorway,8,Dual carriageway - 2 lanes,70,Not at or within 20 metres of junction,unset,\,,Daylight: street lights present,Other,Dry,None,None,No overtaking,317780,670710,6452850,Segment,T.V.N.P.,362938,unset,EH129BU,No crossing facility within 50m or physical crossing facility not controlled by authorised person,No physical crossing facility within 50m,At scene,55.922471145,-3.3158460124,"{""type"": ""Feature"",""geometry"": {""type"": ""Point"",""coordinates"": -3.3158460124, 55.922471145}}"
615811,,Slight,1,1,16/09/2011,Friday,16,September,11,0,40,230,C,,Dual carriageway - 2 lanes,30,Not at or within 20 metres of junction,unset,\,,Darkness: street lights present and lit,Fine (without high winds),Dry,None,None,No overtaking,321890,676250,559715,Segment,Pedestrian,362939,unset,EH44NL,No crossing facility within 50m or physical crossing facility not controlled by authorised person,No physical crossing facility within 50m,At scene,55.9729256514,-3.25169243007,"{""type"": ""Feature"",""geometry"": {""type"": ""Point"",""coordinates"": -3.25169243007, 55.9729256514}}"
615911,,Slight,1,1,26/09/2011,Monday,26,September,11,16,50,230,A,702,Dual carriageway - 2 lanes,30,Crossroads,Automatic Traffic Signal,C,,Daylight: street lights present,Fine (without high winds),Dry,None,None,No overtaking,324840,673070,521403,Junction,Pedestrian,362940,unset,EH39BN,No crossing facility within 50m or physical crossing facility not controlled by authorised person,Pedestrian phase at traffic signal junction,At scene,55.9448279438,-3.20354451088,"{""type"": ""Feature"",""geometry"": {""type"": ""Point"",""coordinates"": -3.20354451088, 55.9448279438}}"
616511,,Slight,2,1,18/09/2011,Sunday,18,September,11,11,15,230,Unclassified,,Single carriageway - 2 lanes,30,'T' or staggered junction,Automatic Traffic Signal,C,,Daylight: street lights present,Raining (without high winds),Dry,None,None,No overtaking,324500,671680,523830,Junction,T.V.N.P.,362941,unset,EH104DR,No crossing facility within 50m or physical crossing facility not controlled by authorised person,"Pelican, puffin, toucan or similar non-junction pedestrian light crossing",At scene,55.9322871248,-3.20859868051,"{""type"": ""Feature"",""geometry"": {""type"": ""Point"",""coordinates"": -3.20859868051, 55.9322871248}}"
616911,,Slight,1,1,26/09/2011,Monday,26,September,11,18,30,230,Unclassified,,Single carriageway - 2 lanes,30,'T' or staggered junction,Give way sign or markings,Unclassified,,Daylight: street lights present,Fine (without high winds),Dry,None,None,No overtaking,320270,670110,529954,Junction,Pedestrian,362942,unset,EH142RG,No crossing facility within 50m or physical crossing facility not controlled by authorised person,No physical crossing facility within 50m,At scene,55.9175001033,-3.27583034467,"{""type"": ""Feature"",""geometry"": {""type"": ""Point"",""coordinates"": -3.27583034467, 55.9175001033}}"
618411,,Serious,2,2,20/09/2011,Tuesday,20,September,11,9,0,230,C,,Single carriageway - 2 lanes,30,Multiple junction,Automatic Traffic Signal,C,,Daylight: street lights present,Fine (without high winds),Dry,None,None,No overtaking,327140,670240,530089,Junction,T.V.N.P.,362943,unset,EH166AJ,No crossing facility within 50m or physical crossing facility not controlled by authorised person,No physical crossing facility within 50m,At scene,55.9197574254,-3.16595924791,"{""type"": ""Feature"",""geometry"": {""type"": ""Point"",""coordinates"": -3.16595924791, 55.9197574254}}"
620111,,Slight,2,1,16/09/2011,Friday,16,September,11,8,30,230,A,1140,Single carriageway - 2 lanes,30,Not at or within 20 metres of junction,unset,\,,Daylight: street lights present,Fine (without high winds),Dry,None,None,No overtaking,328990,674230,554891,Segment,T.V.N.P.,362944,unset,EH87BN,No crossing facility within 50m or physical crossing facility not controlled by authorised person,No physical crossing facility within 50m,At scene,55.9558804748,-3.13741080331,"{""type"": ""Feature"",""geometry"": {""type"": ""Point"",""coordinates"": -3.13741080331, 55.9558804748}}"
620511,,Slight,3,1,07/09/2011,Wednesday,7,September,11,11,15,230,A,90,Single carriageway - 2 lanes,30,Not at or within 20 metres of junction,unset,\,,Daylight: street lights present,Fine (without high winds),Dry,None,None,No overtaking,321970,674610,555516,Segment,M.V.N.P.,362945,unset,EH43QW,No crossing facility within 50m or physical crossing facility not controlled by authorised person,No physical crossing facility within 50m,At scene,55.9582054608,-3.2499357319,"{""type"": ""Feature"",""geometry"": {""type"": ""Point"",""coordinates"": -3.2499357319, 55.9582054608}}"
621111,,Serious,2,1,21/09/2011,Wednesday,21,September,11,8,40,230,C,,Single carriageway - 2 lanes,30,Crossroads,Automatic Traffic Signal,Unclassified,,Daylight: street lights present,Fine (without high winds),Dry,None,None,No overtaking,326520,671750,529468,Junction,Cyclist,362946,unset,EH92NJ,No crossing facility within 50m or physical crossing facility not controlled by authorised person,No physical crossing facility within 50m,At scene,55.9332289113,-3.1762894865,"{""type"": ""Feature"",""geometry"": {""type"": ""Point"",""coordinates"": -3.1762894865, 55.9332289113}}"
621211,,Slight,1,1,16/09/2011,Friday,16,September,11,13,40,230,B,901,Single carriageway - 2 lanes,30,Not at or within 20 metres of junction,unset,\,,Daylight: street lights present,Fine (without high winds),Dry,None,None,No overtaking,325910,674420,12285580,Segment,Bus,362947,unset,EH13RH,No crossing facility within 50m or physical crossing facility not controlled by authorised person,No physical crossing facility within 50m,Elsewhere,55.9571223235,-3.18678562852,"{""type"": ""Feature"",""geometry"": {""type"": ""Point"",""coordinates"": -3.18678562852, 55.9571223235}}"
621911,,Serious,2,1,21/09/2011,Wednesday,21,September,11,8,45,230,B,900,Single carriageway - 2 lanes,30,Not at or within 20 metres of junction,unset,\,,Daylight: street lights present,Fine with high winds,Dry,None,None,No overtaking,324420,674670,554192,Segment,Cyclist,362948,unset,EH41HX,No crossing facility within 50m or physical crossing facility not controlled by authorised person,No physical crossing facility within 50m,At scene,55.959136182,-3.21071686712,"{""type"": ""Feature"",""geometry"": {""type"": ""Point"",""coordinates"": -3.21071686712, 55.959136182}}"
622411,,Slight,1,1,27/09/2011,Tuesday,27,September,11,12,25,230,A,7,Single carriageway - 2 lanes,30,Not at or within 20 metres of junction,unset,\,,Daylight: street lights present,Fine (without high winds),Dry,None,None,No overtaking,326040,673290,569288,Segment,Bus,362949,unset,EH89DH,No crossing facility within 50m or physical crossing facility not controlled by authorised person,No physical crossing facility within 50m,At scene,55.9469905516,-3.184393776,"{""type"": ""Feature"",""geometry"": {""type"": ""Point"",""coordinates"": -3.184393776, 55.9469905516}}"
626911,,Slight,2,1,06/10/2011,Thursday,6,October,11,18,45,230,A,900,Dual carriageway - 2 lanes,30,Not at or within 20 metres of junction,unset,\,,Darkness: street lights present and lit,Fine (without high winds),Dry,None,None,No overtaking,325990,674230,12285707,Segment,Cyclist,351365,unset,EH13SJ,No crossing facility within 50m or physical crossing facility not controlled by authorised person,"Pelican, puffin, toucan or similar non-junction pedestrian light crossing",At scene,55.9554277156,-3.18545231245,"{""type"": ""Feature"",""geometry"": {""type"": ""Point"",""coordinates"": -3.18545231245, 55.9554277156}}"
632711,,Slight,2,1,01/10/2011,Saturday,1,October,11,22,5,230,Unclassified,,Single carriageway - 2 lanes,30,Not at or within 20 metres of junction,unset,\,,Darkness: street lights present and lit,Raining (without high winds),Dry,None,None,No overtaking,315230,672520,6423659,Segment,T.V.N.P.,351366,unset,EH288NQ,No crossing facility within 50m or physical crossing facility not controlled by authorised person,No physical crossing facility within 50m,At scene,55.9382883803,-3.35721176733,"{""type"": ""Feature"",""geometry"": {""type"": ""Point"",""coordinates"": -3.35721176733, 55.9382883803}}"
632911,,Slight,2,1,02/10/2011,Sunday,2,October,11,10,0,230,Unclassified,,Single carriageway - 2 lanes,60,Using private drive or entrance,Give way sign or markings,Unclassified,,Daylight: street lights present,Raining (without high winds),Dry,None,None,No overtaking,313170,672140,12231517,Segment,T.V.N.P.,351367,unset,EH288LU,No crossing facility within 50m or physical crossing facility not controlled by authorised person,No physical crossing facility within 50m,At scene,55.9345071372,-3.39006038945,"{""type"": ""Feature"",""geometry"": {""type"": ""Point"",""coordinates"": -3.39006038945, 55.9345071372}}"
633111,,Slight,2,2,01/10/2011,Saturday,1,October,11,12,42,230,Motorway,8,Dual carriageway - 2 lanes,70,Not at or within 20 metres of junction,unset,\,,Daylight: street lights present,Fine (without high winds),Dry,None,None,No overtaking,311950,671200,6452164,Segment,T.V.N.P.,351368,unset,EH288LZ,No crossing facility within 50m or physical crossing facility not controlled by authorised person,No physical crossing facility within 50m,Elsewhere,55.9258411431,-3.40927819042,"{""type"": ""Feature"",""geometry"": {""type"": ""Point"",""coordinates"": -3.40927819042, 55.9258411431}}"
633311,,Slight,2,1,30/09/2011,Friday,30,September,11,17,10,230,C,,Single carriageway - 2 lanes,30,Other junction,Give way sign or markings,Unclassified,,Daylight: street lights present,Fine (without high winds),Dry,None,None,No overtaking,326430,673590,521145,Junction,Cyclist,362950,unset,EH88BB,No crossing facility within 50m or physical crossing facility not controlled by authorised person,No physical crossing facility within 50m,Elsewhere,55.9497455861,-3.17823165967,"{""type"": ""Feature"",""geometry"": {""type"": ""Point"",""coordinates"": -3.17823165967, 55.9497455861}}"
633611,,Slight,2,1,04/10/2011,Tuesday,4,October,11,16,35,230,C,,Single carriageway - 2 lanes,30,Crossroads,Give way sign or markings,Unclassified,,Daylight: street lights present,Raining (without high winds),Dry,None,None,No overtaking,327030,675220,519900,Junction,Cyclist,351369,unset,EH68RT,No crossing facility within 50m or physical crossing facility not controlled by authorised person,Central refuge - no other controls,Elsewhere,55.9644808877,-3.16906616566,"{""type"": ""Feature"",""geometry"": {""type"": ""Point"",""coordinates"": -3.16906616566, 55.9644808877}}"
633911,,Slight,1,1,07/10/2011,Friday,7,October,11,17,45,230,A,900,Single carriageway - 2 lanes,30,Other junction,Automatic Traffic Signal,C,,Daylight: street lights present,Fine (without high winds),Dry,None,None,No overtaking,326550,675130,519867,Junction,Pedestrian,351370,unset,EH74PE,No crossing facility within 50m or physical crossing facility not controlled by authorised person,Pedestrian phase at traffic signal junction,At scene,55.9635991716,-3.1767299799,"{""type"": ""Feature"",""geometry"": {""type"": ""Point"",""coordinates"": -3.1767299799, 55.9635991716}}"
634211,,Slight,2,1,05/10/2011,Wednesday,5,October,11,10,23,230,C,,Single carriageway - 2 lanes,30,'T' or staggered junction,Automatic Traffic Signal,A,90,Daylight: no street lighting,Fine (without high winds),Dry,None,None,No overtaking,324770,673870,520992,Junction,Bus,351371,unset,EH24LH,No crossing facility within 50m or physical crossing facility not controlled by authorised person,Pedestrian phase at traffic signal junction,At scene,55.9520040608,-3.20488832954,"{""type"": ""Feature"",""geometry"": {""type"": ""Point"",""coordinates"": -3.20488832954, 55.9520040608}}"
634411,,Slight,2,1,04/10/2011,Tuesday,4,October,11,17,20,230,A,7,Single carriageway - 2 lanes,30,Other junction,Give way sign or markings,Unclassified,,Daylight: street lights present,Raining (without high winds),Dry,None,None,No overtaking,326070,673220,521583,Junction,Cyclist,351372,unset,EH89DH,No crossing facility within 50m or physical crossing facility not controlled by authorised person,No physical crossing facility within 50m,Elsewhere,55.9463662938,-3.1838942833,"{""type"": ""Feature"",""geometry"": {""type"": ""Point"",""coordinates"": -3.1838942833, 55.9463662938}}"
634711,,Slight,1,1,04/10/2011,Tuesday,4,October,11,19,0,230,Unclassified,,Single carriageway - 2 lanes,30,'T' or staggered junction,Automatic Traffic Signal,A,7,Darkness: street lights present and lit,Fine (without high winds),Dry,None,None,No overtaking,326670,672470,522093,Junction,Pedestrian,351373,unset,EH165BS,No crossing facility within 50m or physical crossing facility not controlled by authorised person,Pedestrian phase at traffic signal junction,At scene,55.9397202555,-3.17408445157,"{""type"": ""Feature"",""geometry"": {""type"": ""Point"",""coordinates"": -3.17408445157, 55.9397202555}}"
635211,,Slight,1,1,09/10/2011,Sunday,9,October,11,12,20,230,A,901,Single carriageway - 2 lanes,30,'T' or staggered junction,Give way sign or markings,Unclassified,,Daylight: street lights present,Fine (without high winds),Dry,None,None,No overtaking,325010,676980,519037,Junction,Pedestrian,351374,unset,EH53BY,No crossing facility within 50m or physical crossing facility not controlled by authorised person,No physical crossing facility within 50m,At scene,55.9799812562,-3.20191123675,"{""type"": ""Feature"",""geometry"": {""type"": ""Point"",""coordinates"": -3.20191123675, 55.9799812562}}"
635511,,Slight,1,1,07/10/2011,Friday,7,October,11,22,10,230,C,,Single carriageway - 2 lanes,20,'T' or staggered junction,Automatic Traffic Signal,Unclassified,,Darkness: street lights present and lit,Fine (without high winds),Dry,None,None,No overtaking,325750,674320,520590,Junction,Pedestrian,351375,unset,EH13DX,No crossing facility within 50m or physical crossing facility not controlled by authorised person,"Pelican, puffin, toucan or similar non-junction pedestrian light crossing",At scene,55.9561992348,-3.18932036552,"{""type"": ""Feature"",""geometry"": {""type"": ""Point"",""coordinates"": -3.18932036552, 55.9561992348}}"
635611,,Slight,2,1,05/10/2011,Wednesday,5,October,11,7,35,230,Unclassified,,Single carriageway - 2 lanes,30,Crossroads,Stop sign,Unclassified,,Daylight: street lights present,Fine (without high winds),Dry,None,None,No overtaking,324540,671110,530413,Junction,Cyclist,351376,unset,EH104RD,No crossing facility within 50m or physical crossing facility not controlled by authorised person,"Pelican, puffin, toucan or similar non-junction pedestrian light crossing",At scene,55.9271726075,-3.20779920989,"{""type"": ""Feature"",""geometry"": {""type"": ""Point"",""coordinates"": -3.20779920989, 55.9271726075}}"
635911,,Slight,2,2,06/10/2011,Thursday,6,October,11,10,45,230,Unclassified,,Single carriageway - 2 lanes,30,Not at or within 20 metres of junction,unset,\,,Daylight: no street lighting,Raining (without high winds),Dry,None,None,No overtaking,319890,670130,565265,Segment,T.V.N.P.,351377,unset,EH142RT,No crossing facility within 50m or physical crossing facility not controlled by authorised person,No physical crossing facility within 50m,At scene,55.9176166562,-3.28191528387,"{""type"": ""Feature"",""geometry"": {""type"": ""Point"",""coordinates"": -3.28191528387, 55.9176166562}}"
636111,,Slight,2,1,06/10/2011,Thursday,6,October,11,9,1,230,Unclassified,,Single carriageway - 2 lanes,30,'T' or staggered junction,Give way sign or markings,Unclassified,,Daylight: no street lighting,Raining (without high winds),Dry,None,None,No overtaking,325900,674610,0,Unset,Cyclist,351378,unset,EH13RL,No crossing facility within 50m or physical crossing facility not controlled by authorised person,Pedestrian phase at traffic signal junction,At scene,55.9588277183,-3.18699801233,"{""type"": ""Feature"",""geometry"": {""type"": ""Point"",""coordinates"": -3.18699801233, 55.9588277183}}"
636211,,Slight,2,1,05/10/2011,Wednesday,5,October,11,7,45,230,A,70,Single carriageway - 2 lanes,30,'T' or staggered junction,Give way sign or markings,Unclassified,,Daylight: street lights present,Fine (without high winds),Dry,None,None,No overtaking,317700,667500,0,Unset,Cyclist,351379,unset,EH145RR,No crossing facility within 50m or physical crossing facility not controlled by authorised person,No physical crossing facility within 50m,At scene,55.8936204045,-3.31614878924,"{""type"": ""Feature"",""geometry"": {""type"": ""Point"",""coordinates"": -3.31614878924, 55.8936204045}}"
636311,,Slight,2,1,06/10/2011,Thursday,6,October,11,15,0,230,Unclassified,,Single carriageway - 2 lanes,30,Crossroads,Give way sign or markings,Unclassified,,Daylight: no street lighting,Fine (without high winds),Dry,None,None,No overtaking,325600,671530,523860,Junction,T.V.N.P.,351380,unset,EH92DY,No crossing facility within 50m or physical crossing facility not controlled by authorised person,Pedestrian phase at traffic signal junction,At scene,55.9311109873,-3.19095292657,"{""type"": ""Feature"",""geometry"": {""type"": ""Point"",""coordinates"": -3.19095292657, 55.9311109873}}"