acc_ref,beat_no,severity,no_vehicle,no_casualt,a_date,a_day,a_date_day,a_date_mon,a_date_yr,a_time_hr,a_time_min,loc_auth,road1_class,road1_no,road_type,speed_limi,junc_det,junc_ctrl,road2_class,road2_no,light_cond,weather,road_surf,spec_cond,cway_hzrds,ovrtk_patrn,easting,northing,net_id,net_type,acc_type,text_id,division,Postcode,ped_xing_hc,ped_xing_p,place_reported,latitude,longitude,geojson
636911,,Serious,1,1,07/10/2011,Friday,7,October,11,13,20,230,Unclassified,,Single carriageway - 2 lanes,30,Not at or within 20 metres of junction,unset,\,,Daylight: street lights present,Fine (without high winds),Dry,None,None,No overtaking,328960,673990,558023,Segment,Pedestrian,351381,unset,EH87RX,No crossing facility within 50m or physical crossing facility not controlled by authorised person,No physical crossing facility within 50m,At scene,55.9537198702,-3.13782797427,"{""type"": ""Feature"",""geometry"": {""type"": ""Point"",""coordinates"": -3.13782797427, 55.9537198702}}"
637111,,Slight,1,1,02/10/2011,Sunday,2,October,11,4,0,230,A,702,Single carriageway - 2 lanes,30,Other junction,Give way sign or markings,Unclassified,,Darkness: street lights present and lit,Raining (without high winds),Dry,None,None,No overtaking,324710,672240,522039,Junction,Pedestrian,351382,unset,EH104ET,No crossing facility within 50m or physical crossing facility not controlled by authorised person,"Pelican, puffin, toucan or similar non-junction pedestrian light crossing",At scene,55.9373510078,-3.20539406926,"{""type"": ""Feature"",""geometry"": {""type"": ""Point"",""coordinates"": -3.20539406926, 55.9373510078}}"
637511,,Slight,2,1,01/10/2011,Saturday,1,October,11,18,40,230,A,900,Single carriageway - 2 lanes,30,Other junction,Give way sign or markings,Unclassified,,Daylight: street lights present,Raining (without high winds),Dry,None,None,No overtaking,326590,675170,519873,Junction,T.V.N.P.,351383,unset,EH68SD,No crossing facility within 50m or physical crossing facility not controlled by authorised person,"Pelican, puffin, toucan or similar non-junction pedestrian light crossing",At scene,55.963964643,-3.17610019828,"{""type"": ""Feature"",""geometry"": {""type"": ""Point"",""coordinates"": -3.17610019828, 55.963964643}}"
637711,,Slight,1,1,30/09/2011,Friday,30,September,11,16,27,230,A,8,Single carriageway - 2 lanes,30,Not at or within 20 metres of junction,unset,\,,Daylight: no street lighting,Fine (without high winds),Dry,None,None,No overtaking,319900,672940,550689,Segment,Pedestrian,362951,unset,EH127SL,No crossing facility within 50m or physical crossing facility not controlled by authorised person,No physical crossing facility within 50m,Elsewhere,55.9428622319,-3.28258901227,"{""type"": ""Feature"",""geometry"": {""type"": ""Point"",""coordinates"": -3.28258901227, 55.9428622319}}"
638111,,Slight,1,1,26/09/2011,Monday,26,September,11,15,55,230,Unclassified,,Single carriageway - 2 lanes,30,Not at or within 20 metres of junction,unset,\,,Daylight: street lights present,Fine (without high winds),Dry,None,None,No overtaking,328320,668410,562981,Segment,Bus,362952,unset,EH178JA,No crossing facility within 50m or physical crossing facility not controlled by authorised person,No physical crossing facility within 50m,At scene,55.9034938258,-3.14659500397,"{""type"": ""Feature"",""geometry"": {""type"": ""Point"",""coordinates"": -3.14659500397, 55.9034938258}}"
638811,,Slight,2,1,28/09/2011,Wednesday,28,September,11,14,20,230,C,,Single carriageway - 2 lanes,30,Crossroads,Give way sign or markings,Unclassified,,Daylight: street lights present,Fine (without high winds),Dry,None,None,No overtaking,327050,675360,519903,Junction,Bus,362953,unset,EH68LH,No crossing facility within 50m or physical crossing facility not controlled by authorised person,No physical crossing facility within 50m,At scene,55.9657416758,-3.16878372993,"{""type"": ""Feature"",""geometry"": {""type"": ""Point"",""coordinates"": -3.16878372993, 55.9657416758}}"
638911,,Slight,2,1,29/09/2011,Thursday,29,September,11,10,20,230,Unclassified,,Single carriageway - 2 lanes,30,Crossroads,Automatic Traffic Signal,C,,Daylight: street lights present,Fine with high winds,Dry,None,None,No overtaking,326520,671740,529468,Junction,Cyclist,362954,unset,EH92NJ,Control by other authorised person,No physical crossing facility within 50m,At scene,55.9331390718,-3.17628676426,"{""type"": ""Feature"",""geometry"": {""type"": ""Point"",""coordinates"": -3.17628676426, 55.9331390718}}"
639111,,Slight,1,1,02/10/2011,Sunday,2,October,11,15,0,230,C,,Single carriageway - 2 lanes,30,'T' or staggered junction,Give way sign or markings,Unclassified,,Daylight: street lights present,Fine (without high winds),Dry,None,None,No overtaking,322740,672670,521781,Junction,Bus,351384,unset,EH112RB,No crossing facility within 50m or physical crossing facility not controlled by authorised person,Pedestrian phase at traffic signal junction,At scene,55.9409014844,-3.23704876223,"{""type"": ""Feature"",""geometry"": {""type"": ""Point"",""coordinates"": -3.23704876223, 55.9409014844}}"
639411,,Slight,2,1,03/10/2011,Monday,3,October,11,8,20,230,Unclassified,,Roundabout,30,Roundabout,Give way sign or markings,C,,Daylight: street lights present,Fine (without high winds),Dry,None,None,No overtaking,326750,673920,521184,Junction,Cyclist,351385,unset,EH88DU,No crossing facility within 50m or physical crossing facility not controlled by authorised person,No physical crossing facility within 50m,At scene,55.9527591673,-3.17319769054,"{""type"": ""Feature"",""geometry"": {""type"": ""Point"",""coordinates"": -3.17319769054, 55.9527591673}}"
639811,,Slight,1,1,10/10/2011,Monday,10,October,11,17,15,230,Unclassified,,Single carriageway - 2 lanes,30,Other junction,Give way sign or markings,Unclassified,,Daylight: street lights present,Fine (without high winds),Dry,None,None,No overtaking,325230,676130,519220,Junction,Pedestrian,351386,unset,EH74HP,No crossing facility within 50m or physical crossing facility not controlled by authorised person,Pedestrian phase at traffic signal junction,Elsewhere,55.9723793313,-3.19814993481,"{""type"": ""Feature"",""geometry"": {""type"": ""Point"",""coordinates"": -3.19814993481, 55.9723793313}}"
640911,,Slight,1,1,11/10/2011,Tuesday,11,October,11,9,0,230,Unclassified,,Single carriageway - 2 lanes,30,Crossroads,Automatic Traffic Signal,A,199,Daylight: no street lighting,Fine (without high winds),Dry,None,None,No overtaking,327090,676520,519052,Junction,Pedestrian,351387,unset,EH66RA,No crossing facility within 50m or physical crossing facility not controlled by authorised person,Pedestrian phase at traffic signal junction,At scene,55.9761690978,-3.16845709224,"{""type"": ""Feature"",""geometry"": {""type"": ""Point"",""coordinates"": -3.16845709224, 55.9761690978}}"
641511,,Slight,2,1,08/10/2011,Saturday,8,October,11,12,15,230,A,8,Single carriageway - 2 lanes,30,'T' or staggered junction,Give way sign or markings,Unclassified,,Daylight: street lights present,Other,Dry,None,None,No overtaking,323340,673200,521289,Junction,T.V.N.P.,351388,unset,EH125JQ,No crossing facility within 50m or physical crossing facility not controlled by authorised person,"Pelican, puffin, toucan or similar non-junction pedestrian light crossing",At scene,55.9457589365,-3.22759496823,"{""type"": ""Feature"",""geometry"": {""type"": ""Point"",""coordinates"": -3.22759496823, 55.9457589365}}"
641711,,Slight,2,1,04/10/2011,Tuesday,4,October,11,8,24,230,Unclassified,,Single carriageway - 2 lanes,30,Not at or within 20 metres of junction,unset,\,,Daylight: no street lighting,Fine (without high winds),Dry,None,None,No overtaking,322780,670660,554729,Segment,T.V.N.P.,351389,unset,EH141BP,No crossing facility within 50m or physical crossing facility not controlled by authorised person,No physical crossing facility within 50m,Elsewhere,55.9228505648,-3.23583350022,"{""type"": ""Feature"",""geometry"": {""type"": ""Point"",""coordinates"": -3.23583350022, 55.9228505648}}"
642111,,Slight,2,1,11/10/2011,Tuesday,11,October,11,17,30,230,C,,Single carriageway - 2 lanes,30,Not at or within 20 metres of junction,unset,\,,Daylight: street lights present,Fine (without high winds),Dry,None,None,No overtaking,325570,673560,558197,Segment,T.V.N.P.,351390,unset,EH12PH,No crossing facility within 50m or physical crossing facility not controlled by authorised person,No physical crossing facility within 50m,Elsewhere,55.9493436417,-3.19199304062,"{""type"": ""Feature"",""geometry"": {""type"": ""Point"",""coordinates"": -3.19199304062, 55.9493436417}}"
642211,,Slight,3,1,05/05/2011,Thursday,5,May,11,17,0,230,Unclassified,,Single carriageway - 2 lanes,30,Other junction,Give way sign or markings,Unclassified,,Daylight: street lights present,Raining (without high winds),Dry,None,None,No overtaking,322910,671810,522243,Junction,M.V.N.P.,356875,unset,EH111QU,No crossing facility within 50m or physical crossing facility not controlled by authorised person,No physical crossing facility within 50m,At scene,55.9332027482,-3.23408184433,"{""type"": ""Feature"",""geometry"": {""type"": ""Point"",""coordinates"": -3.23408184433, 55.9332027482}}"
642411,,Serious,2,2,11/10/2011,Tuesday,11,October,11,17,20,230,A,8,Single carriageway - 2 lanes,30,'T' or staggered junction,Give way sign or markings,Unclassified,,Daylight: no street lighting,Fine (without high winds),Dry,None,None,No overtaking,322060,673140,521244,Junction,Bus,351391,unset,EH126HS,No crossing facility within 50m or physical crossing facility not controlled by authorised person,Pedestrian phase at traffic signal junction,At scene,55.9450140546,-3.24806948672,"{""type"": ""Feature"",""geometry"": {""type"": ""Point"",""coordinates"": -3.24806948672, 55.9450140546}}"
642711,,Slight,3,1,12/10/2011,Wednesday,12,October,11,17,0,230,Unclassified,,Single carriageway - 2 lanes,30,Not at or within 20 metres of junction,unset,\,,Daylight: no street lighting,Fine (without high winds),Dry,None,None,No overtaking,323200,671180,554717,Segment,M.V.N.P.,351392,unset,EH141AW,No crossing facility within 50m or physical crossing facility not controlled by authorised person,No physical crossing facility within 50m,At scene,55.9275893716,-3.22926141628,"{""type"": ""Feature"",""geometry"": {""type"": ""Point"",""coordinates"": -3.22926141628, 55.9275893716}}"
643011,,Slight,2,1,11/10/2011,Tuesday,11,October,11,16,30,230,Unclassified,,Single carriageway - 2 lanes,30,'T' or staggered junction,Give way sign or markings,B,7030,Daylight: street lights present,Fine (without high winds),Dry,None,None,No overtaking,312400,672540,12231700,Junction,T.V.N.P.,351393,unset,EH288PJ,No crossing facility within 50m or physical crossing facility not controlled by authorised person,No physical crossing facility within 50m,At scene,55.9379607345,-3.40251301173,"{""type"": ""Feature"",""geometry"": {""type"": ""Point"",""coordinates"": -3.40251301173, 55.9379607345}}"
647611,,Serious,2,1,13/10/2011,Thursday,13,October,11,13,40,230,Unclassified,,Single carriageway - 2 lanes,30,Using private drive or entrance,Give way sign or markings,Unclassified,,Daylight: no street lighting,Fine (without high winds),Dry,None,None,No overtaking,318720,670590,2586909,Segment,T.V.N.P.,351394,unset,EH129BU,No crossing facility within 50m or physical crossing facility not controlled by authorised person,No physical crossing facility within 50m,At scene,55.9215528623,-3.30077056112,"{""type"": ""Feature"",""geometry"": {""type"": ""Point"",""coordinates"": -3.30077056112, 55.9215528623}}"
647811,,Slight,2,2,12/10/2011,Wednesday,12,October,11,13,50,230,Unclassified,,Single carriageway - 2 lanes,30,'T' or staggered junction,Give way sign or markings,Unclassified,,Daylight: no street lighting,Fine (without high winds),Dry,None,None,No overtaking,322780,671620,522234,Junction,T.V.N.P.,351395,unset,EH141PB,No crossing facility within 50m or physical crossing facility not controlled by authorised person,No physical crossing facility within 50m,At scene,55.9314749762,-3.23610803057,"{""type"": ""Feature"",""geometry"": {""type"": ""Point"",""coordinates"": -3.23610803057, 55.9314749762}}"
649711,,Slight,1,1,14/10/2011,Friday,14,October,11,12,45,230,A,8,Single carriageway - 2 lanes,30,'T' or staggered junction,Give way sign or markings,Unclassified,,Daylight: street lights present,Fine (without high winds),Dry,None,None,No overtaking,321740,673090,521241,Junction,Pedestrian,351396,unset,EH126JG,No crossing facility within 50m or physical crossing facility not controlled by authorised person,Central refuge - no other controls,At scene,55.9445128743,-3.25317783066,"{""type"": ""Feature"",""geometry"": {""type"": ""Point"",""coordinates"": -3.25317783066, 55.9445128743}}"
649911,,Slight,3,1,14/10/2011,Friday,14,October,11,1,0,230,Unclassified,,Single carriageway - 2 lanes,30,Not at or within 20 metres of junction,unset,\,,Darkness: street lights present and lit,Fine (without high winds),Dry,None,None,No overtaking,327370,676630,0,Unset,M.V.N.P.,351397,unset,EH67DH,No crossing facility within 50m or physical crossing facility not controlled by authorised person,No physical crossing facility within 50m,At scene,55.9771997713,-3.16400053043,"{""type"": ""Feature"",""geometry"": {""type"": ""Point"",""coordinates"": -3.16400053043, 55.9771997713}}"
650011,,Slight,1,2,14/10/2011,Friday,14,October,11,13,0,230,B,900,Single carriageway - 2 lanes,30,'T' or staggered junction,Give way sign or markings,Unclassified,,Daylight: street lights present,Fine (without high winds),Dry,None,None,No overtaking,324760,674730,520137,Junction,Pedestrian,351398,unset,EH35AZ,No crossing facility within 50m or physical crossing facility not controlled by authorised person,"Pelican, puffin, toucan or similar non-junction pedestrian light crossing",At scene,55.9597285828,-3.20528851432,"{""type"": ""Feature"",""geometry"": {""type"": ""Point"",""coordinates"": -3.20528851432, 55.9597285828}}"
651711,,Slight,1,1,14/10/2011,Friday,14,October,11,20,5,230,A,700,Single carriageway - 2 lanes,30,Crossroads,Automatic Traffic Signal,Unclassified,,Darkness: street lights present and lit,Fine (without high winds),Dry,None,None,No overtaking,324950,672940,533362,Junction,Pedestrian,351399,unset,EH39JG,No crossing facility within 50m or physical crossing facility not controlled by authorised person,Pedestrian phase at traffic signal junction,At scene,55.9436772314,-3.20174733559,"{""type"": ""Feature"",""geometry"": {""type"": ""Point"",""coordinates"": -3.20174733559, 55.9436772314}}"
651911,,Slight,1,1,15/10/2011,Saturday,15,October,11,0,45,230,A,90,Single carriageway - 2 lanes,30,Other junction,Automatic Traffic Signal,Unclassified,,Darkness: street lights present and lit,Fine (without high winds),Dry,None,None,No overtaking,324770,673780,521001,Junction,Bus,351400,unset,EH24AX,No crossing facility within 50m or physical crossing facility not controlled by authorised person,"Pelican, puffin, toucan or similar non-junction pedestrian light crossing",At scene,55.9511955161,-3.20486321669,"{""type"": ""Feature"",""geometry"": {""type"": ""Point"",""coordinates"": -3.20486321669, 55.9511955161}}"
654511,,Slight,3,1,07/10/2011,Friday,7,October,11,10,10,230,A,90,Single carriageway - 2 lanes,40,Multiple junction,Automatic Traffic Signal,A,90,Daylight: street lights present,Unknown,Dry,None,None,No overtaking,318580,674950,519945,Junction,M.V.N.P.,356877,unset,EH48DZ,Control by other authorised person,Pedestrian phase at traffic signal junction,Elsewhere,55.9606972749,-3.30432620596,"{""type"": ""Feature"",""geometry"": {""type"": ""Point"",""coordinates"": -3.30432620596, 55.9606972749}}"
654711,,Serious,2,1,16/10/2011,Sunday,16,October,11,10,55,230,Unclassified,,Single carriageway - 2 lanes,30,'T' or staggered junction,Give way sign or markings,Unclassified,,Daylight: street lights present,Fine (without high winds),Dry,None,None,No overtaking,325900,671120,533449,Junction,T.V.N.P.,351401,unset,EH92PP,No crossing facility within 50m or physical crossing facility not controlled by authorised person,"Pelican, puffin, toucan or similar non-junction pedestrian light crossing",At scene,55.9274738981,-3.18603933076,"{""type"": ""Feature"",""geometry"": {""type"": ""Point"",""coordinates"": -3.18603933076, 55.9274738981}}"
654811,,Slight,2,1,16/10/2011,Sunday,16,October,11,13,0,230,B,6415,Single carriageway - 2 lanes,30,Other junction,Automatic Traffic Signal,C,,Daylight: street lights present,Fine (without high winds),Dry,None,None,No overtaking,330500,673890,523602,Junction,Cyclist,351402,unset,EH151AF,No crossing facility within 50m or physical crossing facility not controlled by authorised person,Pedestrian phase at traffic signal junction,At scene,55.95304668,-3.11314173436,"{""type"": ""Feature"",""geometry"": {""type"": ""Point"",""coordinates"": -3.11314173436, 55.95304668}}"
655211,,Slight,1,1,16/10/2011,Sunday,16,October,11,20,55,230,A,71,Single carriageway - 2 lanes,30,'T' or staggered junction,Give way sign or markings,Unclassified,,Darkness: street lights present and lit,Fine (without high winds),Dry,None,None,No overtaking,323130,672330,522003,Junction,Pedestrian,351403,unset,EH111TZ,No crossing facility within 50m or physical crossing facility not controlled by authorised person,"Pelican, puffin, toucan or similar non-junction pedestrian light crossing",At scene,55.9379095268,-3.23070903622,"{""type"": ""Feature"",""geometry"": {""type"": ""Point"",""coordinates"": -3.23070903622, 55.9379095268}}"
657411,,Slight,2,1,17/10/2011,Monday,17,October,11,11,20,230,A,901,Single carriageway - 2 lanes,30,'T' or staggered junction,Give way sign or markings,A,901,Daylight: street lights present,Raining (without high winds),Dry,None,None,No overtaking,325790,677010,532669,Junction,T.V.N.P.,351404,unset,EH64HY,No crossing facility within 50m or physical crossing facility not controlled by authorised person,Pedestrian phase at traffic signal junction,At scene,55.980371992,-3.18942101197,"{""type"": ""Feature"",""geometry"": {""type"": ""Point"",""coordinates"": -3.18942101197, 55.980371992}}"
657511,,Serious,1,1,15/10/2011,Saturday,15,October,11,4,0,230,A,90,One way Street,30,Not at or within 20 metres of junction,unset,\,,Darkness: street lighting unknown,Fine (without high winds),Dry,None,None,No overtaking,324620,673850,555636,Segment,S.V.N.P.,351405,unset,EH24DF,No crossing facility within 50m or physical crossing facility not controlled by authorised person,No physical crossing facility within 50m,At scene,55.9518008771,-3.20728454768,"{""type"": ""Feature"",""geometry"": {""type"": ""Point"",""coordinates"": -3.20728454768, 55.9518008771}}"
657611,,Slight,1,1,17/10/2011,Monday,17,October,11,16,50,230,A,702,Single carriageway - 2 lanes,30,Crossroads,Authorised Person,C,,Daylight: street lights present,Raining (without high winds),Dry,None,Involvement with previous accident,No overtaking,324810,673170,521406,Junction,Pedestrian,351406,unset,EH39BG,No crossing facility within 50m or physical crossing facility not controlled by authorised person,Pedestrian phase at traffic signal junction,At scene,55.9457216359,-3.20405266173,"{""type"": ""Feature"",""geometry"": {""type"": ""Point"",""coordinates"": -3.20405266173, 55.9457216359}}"
657711,,Slight,1,1,17/10/2011,Monday,17,October,11,16,35,230,A,702,Single carriageway - 2 lanes,30,Crossroads,Automatic Traffic Signal,B,700,Daylight: no street lighting,Raining (without high winds),Dry,None,None,No overtaking,324810,673190,521406,Junction,Pedestrian,351407,unset,EH39AN,No crossing facility within 50m or physical crossing facility not controlled by authorised person,Pedestrian phase at traffic signal junction,At scene,55.9459013127,-3.20405823736,"{""type"": ""Feature"",""geometry"": {""type"": ""Point"",""coordinates"": -3.20405823736, 55.9459013127}}"
661111,,Slight,1,1,17/10/2011,Monday,17,October,11,11,40,230,A,702,Single carriageway - 2 lanes,30,Other junction,Give way sign or markings,Unclassified,,Daylight: street lights present,Raining (without high winds),Dry,None,None,No overtaking,324920,672630,533323,Junction,Pedestrian,351408,unset,EH104HS,No crossing facility within 50m or physical crossing facility not controlled by authorised person,No physical crossing facility within 50m,Elsewhere,55.9408875521,-3.20214131893,"{""type"": ""Feature"",""geometry"": {""type"": ""Point"",""coordinates"": -3.20214131893, 55.9408875521}}"
661211,,Slight,1,1,18/10/2011,Tuesday,18,October,11,17,50,230,Unclassified,,Single carriageway - 2 lanes,30,Not at or within 20 metres of junction,unset,\,,Daylight: street lights present,Fine (without high winds),Dry,None,None,No overtaking,320270,670170,0,Unset,Pedestrian,351409,unset,EH142QH,No crossing facility within 50m or physical crossing facility not controlled by authorised person,No physical crossing facility within 50m,Elsewhere,55.9180391216,-3.27584804995,"{""type"": ""Feature"",""geometry"": {""type"": ""Point"",""coordinates"": -3.27584804995, 55.9180391216}}"
663411,,Serious,1,1,19/10/2011,Wednesday,19,October,11,0,20,230,Unclassified,,Single carriageway - 2 lanes,30,Other junction,Give way sign or markings,Unclassified,,Darkness: street lights present and lit,Fine (without high winds),Dry,None,None,No overtaking,322650,669630,532849,Junction,S.V.N.P.,351410,unset,EH130PR,No crossing facility within 50m or physical crossing facility not controlled by authorised person,"Pelican, puffin, toucan or similar non-junction pedestrian light crossing",At scene,55.9135763969,-3.2376186057,"{""type"": ""Feature"",""geometry"": {""type"": ""Point"",""coordinates"": -3.2376186057, 55.9135763969}}"
663611,,Slight,2,1,19/10/2011,Wednesday,19,October,11,6,40,230,Unclassified,,Roundabout,30,Roundabout,Automatic Traffic Signal,A,8,Darkness: street lights present and lit,Fine (without high winds),Dry,Road works present,None,No overtaking,317530,672670,9658417,Junction,T.V.N.P.,351411,unset,EH128ND,No crossing facility within 50m or physical crossing facility not controlled by authorised person,No physical crossing facility within 50m,At scene,55.9400359355,-3.32044456851,"{""type"": ""Feature"",""geometry"": {""type"": ""Point"",""coordinates"": -3.32044456851, 55.9400359355}}"
664811,,Slight,2,1,03/10/2011,Monday,3,October,11,11,45,230,A,89,Roundabout,50,Roundabout,Automatic Traffic Signal,A,8,Daylight: no street lighting,Other,Dry,None,None,No overtaking,312470,672690,517564,Junction,T.V.N.P.,351412,unset,EH288SH,No crossing facility within 50m or physical crossing facility not controlled by authorised person,No physical crossing facility within 50m,Elsewhere,55.9393209558,-3.40144131652,"{""type"": ""Feature"",""geometry"": {""type"": ""Point"",""coordinates"": -3.40144131652, 55.9393209558}}"
664911,,Fatal,2,1,18/10/2011,Tuesday,18,October,11,19,43,230,A,90,Dual carriageway - 2 lanes,40,Not at or within 20 metres of junction,unset,\,,Daylight: no street lighting,Fine (without high winds),Dry,None,None,No overtaking,316640,676620,555432,Segment,Pedestrian,351413,unset,EH309TQ,No crossing facility within 50m or physical crossing facility not controlled by authorised person,No physical crossing facility within 50m,At scene,55.975366737,-3.33591196073,"{""type"": ""Feature"",""geometry"": {""type"": ""Point"",""coordinates"": -3.33591196073, 55.975366737}}"
668811,,Slight,1,1,19/10/2011,Wednesday,19,October,11,17,45,230,A,8,Single carriageway - 2 lanes,30,Other junction,Give way sign or markings,Unclassified,,Daylight: street lights present,Fine (without high winds),Dry,None,None,No overtaking,323830,673220,521298,Junction,Pedestrian,351414,unset,EH125LA,No crossing facility within 50m or physical crossing facility not controlled by authorised person,No physical crossing facility within 50m,Elsewhere,55.9460165164,-3.21975600737,"{""type"": ""Feature"",""geometry"": {""type"": ""Point"",""coordinates"": -3.21975600737, 55.9460165164}}"
669211,,Slight,1,1,20/10/2011,Thursday,20,October,11,18,30,230,Unclassified,,Single carriageway - 2 lanes,30,Not at or within 20 metres of junction,unset,\,,Darkness: street lights present and lit,Raining (without high winds),Dry,None,None,No overtaking,326480,676440,563724,Segment,Pedestrian,351415,unset,EH64AE,No crossing facility within 50m or physical crossing facility not controlled by authorised person,No physical crossing facility within 50m,At scene,55.97535736,-3.17820879993,"{""type"": ""Feature"",""geometry"": {""type"": ""Point"",""coordinates"": -3.17820879993, 55.97535736}}"
669411,,Slight,3,1,20/10/2011,Thursday,20,October,11,18,0,230,A,71,Single carriageway - 2 lanes,30,Crossroads,Automatic Traffic Signal,Unclassified,,Darkness: street lights present and lit,Raining (without high winds),Dry,None,None,No overtaking,322280,671860,522219,Junction,M.V.N.P.,351416,unset,EH113BQ,No crossing facility within 50m or physical crossing facility not controlled by authorised person,Pedestrian phase at traffic signal junction,At scene,55.9335505224,-3.24417882325,"{""type"": ""Feature"",""geometry"": {""type"": ""Point"",""coordinates"": -3.24417882325, 55.9335505224}}"
672211,,Slight,2,1,22/10/2011,Saturday,22,October,11,2,43,230,Motorway,8,Dual carriageway - 2 lanes,70,Not at or within 20 metres of junction,unset,\,,Darkness: no street lighting,Fine (without high winds),Dry,None,None,No overtaking,311100,671150,562603,Segment,T.V.N.P.,351417,unset,EH288LQ,No crossing facility within 50m or physical crossing facility not controlled by authorised person,No physical crossing facility within 50m,At scene,55.9252356407,-3.42286165286,"{""type"": ""Feature"",""geometry"": {""type"": ""Point"",""coordinates"": -3.42286165286, 55.9252356407}}"
674311,,Slight,1,1,22/10/2011,Saturday,22,October,11,19,35,230,Unclassified,,Single carriageway - 2 lanes,30,Not at or within 20 metres of junction,unset,\,,Darkness: street lights present and lit,Fine (without high winds),Dry,None,None,No overtaking,321540,668920,12228752,Segment,S.V.N.P.,351418,unset,EH130DQ,No crossing facility within 50m or physical crossing facility not controlled by authorised person,No physical crossing facility within 50m,At scene,55.9070182548,-3.25516803665,"{""type"": ""Feature"",""geometry"": {""type"": ""Point"",""coordinates"": -3.25516803665, 55.9070182548}}"
676011,,Slight,1,1,22/10/2011,Saturday,22,October,11,17,48,230,Unclassified,,Single carriageway - 2 lanes,30,Crossroads,Give way sign or markings,Unclassified,,Darkness: street lights present and lit,Fine (without high winds),Dry,None,None,No overtaking,328200,674650,523278,Junction,Bus,351419,unset,EH76EQ,No crossing facility within 50m or physical crossing facility not controlled by authorised person,No physical crossing facility within 50m,At scene,55.9595363434,-3.15017376065,"{""type"": ""Feature"",""geometry"": {""type"": ""Point"",""coordinates"": -3.15017376065, 55.9595363434}}"
678811,,Slight,2,1,24/10/2011,Monday,24,October,11,17,0,230,A,702,Single carriageway - 2 lanes,30,Crossroads,Automatic Traffic Signal,A,8,Darkness: street lights present and lit,Fine (without high winds),Dry,None,None,No overtaking,324710,673670,520923,Junction,Cyclist,351420,unset,EH12AD,No crossing facility within 50m or physical crossing facility not controlled by authorised person,Central refuge - no other controls,At scene,55.9501978979,-3.20579320491,"{""type"": ""Feature"",""geometry"": {""type"": ""Point"",""coordinates"": -3.20579320491, 55.9501978979}}"
678911,,Slight,2,1,22/10/2011,Saturday,22,October,11,22,0,230,A,901,Single carriageway - 2 lanes,30,Crossroads,Automatic Traffic Signal,A,902,Daylight: no street lighting,Fine (without high winds),Dry,None,None,No overtaking,326510,676450,531376,Junction,T.V.N.P.,351421,unset,EH64AE,No crossing facility within 50m or physical crossing facility not controlled by authorised person,Pedestrian phase at traffic signal junction,Elsewhere,55.975451792,-3.17773087339,"{""type"": ""Feature"",""geometry"": {""type"": ""Point"",""coordinates"": -3.17773087339, 55.975451792}}"
680711,,Slight,1,1,24/10/2011,Monday,24,October,11,14,35,230,Unclassified,,Single carriageway - 2 lanes,30,Not at or within 20 metres of junction,unset,\,,Daylight: street lights present,Fine (without high winds),Dry,None,None,No overtaking,328840,673050,0,Unset,Bus,351422,unset,EH87PF,No crossing facility within 50m or physical crossing facility not controlled by authorised person,No physical crossing facility within 50m,Elsewhere,55.945257113,-3.13950148602,"{""type"": ""Feature"",""geometry"": {""type"": ""Point"",""coordinates"": -3.13950148602, 55.945257113}}"
681311,,Slight,1,1,24/10/2011,Monday,24,October,11,15,25,230,Unclassified,,Single carriageway - 2 lanes,30,Not at or within 20 metres of junction,unset,\,,Daylight: street lights present,Fine (without high winds),Dry,None,None,No overtaking,320190,669410,565046,Segment,Pedestrian,351423,unset,EH143AU,No crossing facility within 50m or physical crossing facility not controlled by authorised person,Zebra crossing,At scene,55.9111982922,-3.27690341417,"{""type"": ""Feature"",""geometry"": {""type"": ""Point"",""coordinates"": -3.27690341417, 55.9111982922}}"
681611,,Slight,2,1,25/10/2011,Tuesday,25,October,11,18,10,230,C,,Single carriageway - 2 lanes,30,Crossroads,Automatic Traffic Signal,Unclassified,,Darkness: street lights present and lit,Fine (without high winds),Dry,None,None,No overtaking,326520,671750,529468,Junction,Cyclist,351424,unset,EH92NJ,No crossing facility within 50m or physical crossing facility not controlled by authorised person,No physical crossing facility within 50m,At scene,55.9332289113,-3.1762894865,"{""type"": ""Feature"",""geometry"": {""type"": ""Point"",""coordinates"": -3.1762894865, 55.9332289113}}"