acc_ref,beat_no,severity,no_vehicle,no_casualt,a_date,a_day,a_date_day,a_date_mon,a_date_yr,a_time_hr,a_time_min,loc_auth,road1_class,road1_no,road_type,speed_limi,junc_det,junc_ctrl,road2_class,road2_no,light_cond,weather,road_surf,spec_cond,cway_hzrds,ovrtk_patrn,easting,northing,net_id,net_type,acc_type,text_id,division,Postcode,ped_xing_hc,ped_xing_p,place_reported,latitude,longitude,geojson
684111,,Serious,1,1,26/10/2011,Wednesday,26,October,11,7,0,230,B,701,Single carriageway - 2 lanes,30,Not at or within 20 metres of junction,unset,\,,Daylight: street lights present,Fine (without high winds),Dry,None,None,No overtaking,327690,668190,2105897,Segment,Bus,351425,unset,EH178DT,No crossing facility within 50m or physical crossing facility not controlled by authorised person,No physical crossing facility within 50m,At scene,55.9014231129,-3.15661137952,"{""type"": ""Feature"",""geometry"": {""type"": ""Point"",""coordinates"": -3.15661137952, 55.9014231129}}"
684911,,Slight,2,1,25/10/2011,Tuesday,25,October,11,14,20,230,A,71,Dual carriageway - 2 lanes,40,Not at or within 20 metres of junction,unset,\,,Daylight: street lights present,Fine (without high winds),Dry,None,None,No overtaking,318060,670190,2578705,Segment,Cyclist,351426,unset,EH144AW,No crossing facility within 50m or physical crossing facility not controlled by authorised person,No physical crossing facility within 50m,At scene,55.9178474949,-3.3112085015,"{""type"": ""Feature"",""geometry"": {""type"": ""Point"",""coordinates"": -3.3112085015, 55.9178474949}}"
685011,,Slight,2,1,25/10/2011,Tuesday,25,October,11,20,30,230,Unclassified,,Roundabout,30,Roundabout,Give way sign or markings,Unclassified,,Darkness: street lights present and lit,Fine (without high winds),Dry,None,None,No overtaking,327910,674590,520323,Junction,T.V.N.P.,351427,unset,EH76AP,No crossing facility within 50m or physical crossing facility not controlled by authorised person,No physical crossing facility within 50m,At scene,55.9589538725,-3.15480219908,"{""type"": ""Feature"",""geometry"": {""type"": ""Point"",""coordinates"": -3.15480219908, 55.9589538725}}"
685111,,Slight,2,1,26/10/2011,Wednesday,26,October,11,7,50,230,Unclassified,,Single carriageway - 2 lanes,30,Mini-roundabout,Give way sign or markings,Unclassified,,Daylight: street lights present,Fine (without high winds),Dry,None,None,No overtaking,324290,675500,12232951,Junction,T.V.N.P.,351428,unset,EH35PA,No crossing facility within 50m or physical crossing facility not controlled by authorised person,Zebra crossing,At scene,55.9665722549,-3.21303205419,"{""type"": ""Feature"",""geometry"": {""type"": ""Point"",""coordinates"": -3.21303205419, 55.9665722549}}"
685211,,Slight,3,1,26/10/2011,Wednesday,26,October,11,9,25,230,Motorway,8,Dual carriageway - 2 lanes,70,Not at or within 20 metres of junction,unset,\,,Daylight: no street lighting,Fine (without high winds),Dry,None,None,No overtaking,315130,671620,6452039,Segment,M.V.N.P.,351429,unset,EH288NW,No crossing facility within 50m or physical crossing facility not controlled by authorised person,No physical crossing facility within 50m,At scene,55.9301857538,-3.35852932012,"{""type"": ""Feature"",""geometry"": {""type"": ""Point"",""coordinates"": -3.35852932012, 55.9301857538}}"
685311,,Slight,2,1,26/10/2011,Wednesday,26,October,11,8,45,230,A,8,Single carriageway - 2 lanes,40,'T' or staggered junction,Give way sign or markings,Unclassified,,Daylight: street lights present,Fog (or mist if hazard),Dry,Road works present,None,No overtaking,318810,672810,521652,Junction,T.V.N.P.,351430,unset,EH128LJ,No crossing facility within 50m or physical crossing facility not controlled by authorised person,"Pelican, puffin, toucan or similar non-junction pedestrian light crossing",At scene,55.9415115063,-3.29999832781,"{""type"": ""Feature"",""geometry"": {""type"": ""Point"",""coordinates"": -3.29999832781, 55.9415115063}}"
685511,,Slight,2,1,26/10/2011,Wednesday,26,October,11,17,0,230,C,,Single carriageway - 2 lanes,30,Not at or within 20 metres of junction,unset,\,,Daylight: no street lighting,Fine (without high winds),Dry,None,None,No overtaking,327630,669460,562957,Segment,T.V.N.P.,351431,unset,EH166RZ,No crossing facility within 50m or physical crossing facility not controlled by authorised person,No physical crossing facility within 50m,At scene,55.9128238379,-3.15791081093,"{""type"": ""Feature"",""geometry"": {""type"": ""Point"",""coordinates"": -3.15791081093, 55.9128238379}}"
685611,,Slight,3,1,26/10/2011,Wednesday,26,October,11,13,50,230,Unclassified,,Single carriageway - 2 lanes,30,'T' or staggered junction,Give way sign or markings,Unclassified,,Daylight: street lights present,Fine (without high winds),Dry,None,None,No overtaking,325670,676240,519244,Junction,M.V.N.P.,351432,unset,EH64SP,No crossing facility within 50m or physical crossing facility not controlled by authorised person,No physical crossing facility within 50m,At scene,55.9734358697,-3.19113125255,"{""type"": ""Feature"",""geometry"": {""type"": ""Point"",""coordinates"": -3.19113125255, 55.9734358697}}"
688111,,Slight,2,1,18/10/2011,Tuesday,18,October,11,11,45,230,A,701,Roundabout,40,Roundabout,Give way sign or markings,Unclassified,,Daylight: street lights present,Fine (without high winds),Dry,None,None,No overtaking,327440,667010,2587854,Junction,T.V.N.P.,351433,unset,EH178SG,No crossing facility within 50m or physical crossing facility not controlled by authorised person,No physical crossing facility within 50m,At scene,55.8907843132,-3.16029279486,"{""type"": ""Feature"",""geometry"": {""type"": ""Point"",""coordinates"": -3.16029279486, 55.8907843132}}"
688211,,Serious,2,2,27/10/2011,Thursday,27,October,11,13,10,230,Unclassified,,Single carriageway - 2 lanes,30,Crossroads,Give way sign or markings,Unclassified,,Daylight: street lights present,Fine (without high winds),Dry,None,None,No overtaking,331700,673260,0,Unset,T.V.N.P.,351434,unset,EH152JQ,No crossing facility within 50m or physical crossing facility not controlled by authorised person,No physical crossing facility within 50m,At scene,55.9475587174,-3.09376641001,"{""type"": ""Feature"",""geometry"": {""type"": ""Point"",""coordinates"": -3.09376641001, 55.9475587174}}"
691011,,Slight,2,2,28/10/2011,Friday,28,October,11,13,10,230,B,900,Single carriageway - 2 lanes,30,'T' or staggered junction,Give way sign or markings,Unclassified,,Daylight: street lights present,Fine (without high winds),Dry,None,None,No overtaking,324310,674680,520110,Junction,T.V.N.P.,351435,unset,EH41JH,No crossing facility within 50m or physical crossing facility not controlled by authorised person,No physical crossing facility within 50m,At scene,55.9592087012,-3.2124813236,"{""type"": ""Feature"",""geometry"": {""type"": ""Point"",""coordinates"": -3.2124813236, 55.9592087012}}"
691111,,Slight,2,1,28/10/2011,Friday,28,October,11,12,15,230,C,,Single carriageway - 2 lanes,30,Not at or within 20 metres of junction,unset,\,,Daylight: street lights present,Fine (without high winds),Dry,None,None,No overtaking,321570,671930,565445,Segment,T.V.N.P.,351436,unset,EH113DP,No crossing facility within 50m or physical crossing facility not controlled by authorised person,"Pelican, puffin, toucan or similar non-junction pedestrian light crossing",At scene,55.9340641,-3.25556212685,"{""type"": ""Feature"",""geometry"": {""type"": ""Point"",""coordinates"": -3.25556212685, 55.9340641}}"
691211,,Serious,2,1,28/10/2011,Friday,28,October,11,12,50,230,Unclassified,,Single carriageway - 2 lanes,30,'T' or staggered junction,Give way sign or markings,Unclassified,,Daylight: street lights present,Fine (without high winds),Dry,None,None,No overtaking,323430,668870,533056,Junction,Pedestrian,351437,unset,EH139ND,No crossing facility within 50m or physical crossing facility not controlled by authorised person,No physical crossing facility within 50m,At scene,55.906873436,-3.22492636505,"{""type"": ""Feature"",""geometry"": {""type"": ""Point"",""coordinates"": -3.22492636505, 55.906873436}}"
691611,,Slight,2,1,28/10/2011,Friday,28,October,11,20,0,230,Unclassified,,Single carriageway - 2 lanes,30,Crossroads,Give way sign or markings,Unclassified,,Darkness: street lights present and lit,Fine (without high winds),Dry,None,None,No overtaking,324110,673630,10258603,Junction,T.V.N.P.,351438,unset,EH37EG,No crossing facility within 50m or physical crossing facility not controlled by authorised person,No physical crossing facility within 50m,At scene,55.9497441676,-3.21538871501,"{""type"": ""Feature"",""geometry"": {""type"": ""Point"",""coordinates"": -3.21538871501, 55.9497441676}}"
691711,,Slight,1,1,28/10/2011,Friday,28,October,11,22,3,230,B,701,Single carriageway - 2 lanes,30,Not at or within 20 metres of junction,unset,\,,Darkness: street lights present but unlit,Fine (without high winds),Dry,None,None,No overtaking,328590,668480,2105927,Segment,Pedestrian,351439,unset,EH178LH,No crossing facility within 50m or physical crossing facility not controlled by authorised person,No physical crossing facility within 50m,At scene,55.9041628406,-3.14229552878,"{""type"": ""Feature"",""geometry"": {""type"": ""Point"",""coordinates"": -3.14229552878, 55.9041628406}}"
692611,,Serious,1,1,28/10/2011,Friday,28,October,11,18,51,230,Unclassified,,Single carriageway - 2 lanes,30,Not at or within 20 metres of junction,unset,\,,Daylight: street lights present,Fine (without high winds),Dry,None,None,No overtaking,323550,668720,564815,Segment,Pedestrian,351440,unset,EH139NE,No crossing facility within 50m or physical crossing facility not controlled by authorised person,No physical crossing facility within 50m,Elsewhere,55.9055449351,-3.22296474916,"{""type"": ""Feature"",""geometry"": {""type"": ""Point"",""coordinates"": -3.22296474916, 55.9055449351}}"
694011,,Slight,2,1,28/10/2011,Friday,28,October,11,20,15,230,Unclassified,,Single carriageway - 2 lanes,30,'T' or staggered junction,Give way sign or markings,Unclassified,,Daylight: street lights present,Fine (without high winds),Dry,None,None,No overtaking,326650,672540,531406,Junction,Cyclist,351441,unset,EH165BH,No crossing facility within 50m or physical crossing facility not controlled by authorised person,No physical crossing facility within 50m,Elsewhere,55.9403460806,-3.17442362554,"{""type"": ""Feature"",""geometry"": {""type"": ""Point"",""coordinates"": -3.17442362554, 55.9403460806}}"
694111,,Slight,1,1,29/10/2011,Saturday,29,October,11,14,20,230,B,701,Single carriageway - 2 lanes,30,Other junction,Give way sign or markings,Unclassified,,Daylight: street lights present,Fine with high winds,Dry,None,None,No overtaking,319070,674180,520356,Junction,Pedestrian,351442,unset,EH48DB,No crossing facility within 50m or physical crossing facility not controlled by authorised person,"Pelican, puffin, toucan or similar non-junction pedestrian light crossing",At scene,55.953862776,-3.2962475913,"{""type"": ""Feature"",""geometry"": {""type"": ""Point"",""coordinates"": -3.2962475913, 55.953862776}}"
694211,,Serious,2,4,29/10/2011,Saturday,29,October,11,15,55,230,Unclassified,,Single carriageway - 2 lanes,30,Not at or within 20 metres of junction,unset,\,,Daylight: street lights present,Fine (without high winds),Dry,None,None,No overtaking,316020,674320,0,Unset,T.V.N.P.,351443,unset,EH120AP,No crossing facility within 50m or physical crossing facility not controlled by authorised person,No physical crossing facility within 50m,At scene,55.9545970524,-3.34512787929,"{""type"": ""Feature"",""geometry"": {""type"": ""Point"",""coordinates"": -3.34512787929, 55.9545970524}}"
694511,,Slight,1,1,28/10/2011,Friday,28,October,11,21,5,230,A,7,Single carriageway - 2 lanes,30,Not at or within 20 metres of junction,unset,\,,Darkness: street lights present and lit,Fine (without high winds),Dry,None,None,No overtaking,326120,673130,569282,Segment,Bus,351444,unset,EH89BZ,No crossing facility within 50m or physical crossing facility not controlled by authorised person,No physical crossing facility within 50m,Elsewhere,55.9455654305,-3.18306913592,"{""type"": ""Feature"",""geometry"": {""type"": ""Point"",""coordinates"": -3.18306913592, 55.9455654305}}"
694611,,Slight,2,3,24/10/2011,Monday,24,October,11,12,15,230,A,70,Single carriageway - 2 lanes,40,'T' or staggered junction,Give way sign or markings,Unclassified,,Daylight: street lights present,Fine (without high winds),Dry,None,None,No overtaking,320830,669330,532918,Junction,T.V.N.P.,351445,unset,EH130LX,No crossing facility within 50m or physical crossing facility not controlled by authorised person,No physical crossing facility within 50m,At scene,55.9105853077,-3.26664326147,"{""type"": ""Feature"",""geometry"": {""type"": ""Point"",""coordinates"": -3.26664326147, 55.9105853077}}"
697311,,Slight,2,1,31/10/2011,Monday,31,October,11,8,55,230,A,71,Single carriageway - 2 lanes,30,'T' or staggered junction,Give way sign or markings,Unclassified,,Daylight: no street lighting,Fine with high winds,Dry,None,None,No overtaking,323270,672400,522339,Junction,Cyclist,351446,unset,EH111TE,No crossing facility within 50m or physical crossing facility not controlled by authorised person,Pedestrian phase at traffic signal junction,At scene,55.9385607547,-3.2284880839,"{""type"": ""Feature"",""geometry"": {""type"": ""Point"",""coordinates"": -3.2284880839, 55.9385607547}}"
699611,,Slight,1,1,01/11/2011,Tuesday,1,November,11,3,20,230,A,7,Single carriageway - 2 lanes,30,Not at or within 20 metres of junction,unset,\,,Darkness: street lights present and lit,Raining (without high winds),Dry,None,None,No overtaking,325990,673460,569294,Segment,Pedestrian,351453,unset,EH11LL,No crossing facility within 50m or physical crossing facility not controlled by authorised person,No physical crossing facility within 50m,At scene,55.9485101176,-3.18524093708,"{""type"": ""Feature"",""geometry"": {""type"": ""Point"",""coordinates"": -3.18524093708, 55.9485101176}}"
700011,,Slight,2,1,01/11/2011,Tuesday,1,November,11,8,59,230,B,701,Single carriageway - 2 lanes,30,Crossroads,Automatic Traffic Signal,C,,Daylight: street lights present,Fine (without high winds),Dry,None,None,No overtaking,328310,668460,530314,Junction,T.V.N.P.,351454,unset,EH178JD,No crossing facility within 50m or physical crossing facility not controlled by authorised person,Pedestrian phase at traffic signal junction,At scene,55.903941541,-3.14676818309,"{""type"": ""Feature"",""geometry"": {""type"": ""Point"",""coordinates"": -3.14676818309, 55.903941541}}"
700211,,Slight,1,1,01/11/2011,Tuesday,1,November,11,3,35,230,C,,One way Street,30,Crossroads,Automatic Traffic Signal,A,702,Darkness: street lights present and lit,Raining (without high winds),Dry,None,None,No overtaking,324830,673070,521403,Junction,Pedestrian,351455,unset,EH39BN,No crossing facility within 50m or physical crossing facility not controlled by authorised person,Pedestrian phase at traffic signal junction,Elsewhere,55.9448263799,-3.20370460213,"{""type"": ""Feature"",""geometry"": {""type"": ""Point"",""coordinates"": -3.20370460213, 55.9448263799}}"
700311,,Slight,2,1,01/11/2011,Tuesday,1,November,11,6,45,230,A,702,Single carriageway - 2 lanes,30,Multiple junction,Automatic Traffic Signal,A,702,Daylight: no street lighting,Fine (without high winds),Dry,None,None,No overtaking,324910,672970,533371,Junction,T.V.N.P.,351456,unset,EH39BN,No crossing facility within 50m or physical crossing facility not controlled by authorised person,"Pelican, puffin, toucan or similar non-junction pedestrian light crossing",At scene,55.9439404998,-3.20239603317,"{""type"": ""Feature"",""geometry"": {""type"": ""Point"",""coordinates"": -3.20239603317, 55.9439404998}}"
700711,,Slight,2,1,31/10/2011,Monday,31,October,11,17,45,230,C,,Single carriageway - 2 lanes,30,Crossroads,Automatic Traffic Signal,Unclassified,,Darkness: street lights present and lit,Fine (without high winds),Dry,None,None,No overtaking,324390,672520,522336,Junction,T.V.N.P.,351447,unset,EH39PG,No crossing facility within 50m or physical crossing facility not controlled by authorised person,No physical crossing facility within 50m,At scene,55.9398162625,-3.21059444971,"{""type"": ""Feature"",""geometry"": {""type"": ""Point"",""coordinates"": -3.21059444971, 55.9398162625}}"
701011,,Slight,1,1,31/10/2011,Monday,31,October,11,21,20,230,B,901,Single carriageway - 2 lanes,30,Not at or within 20 metres of junction,unset,\,,Darkness: street lights present and lit,Raining (without high winds),Dry,None,None,No overtaking,325770,674630,566903,Segment,Pedestrian,351448,unset,EH13SA,No crossing facility within 50m or physical crossing facility not controlled by authorised person,"Pelican, puffin, toucan or similar non-junction pedestrian light crossing",At scene,55.958987326,-3.18908547,"{""type"": ""Feature"",""geometry"": {""type"": ""Point"",""coordinates"": -3.18908547, 55.958987326}}"
701911,,Slight,1,1,01/11/2011,Tuesday,1,November,11,17,12,230,A,902,Single carriageway - 2 lanes,30,Not at or within 20 metres of junction,unset,\,,Daylight: street lights present,Fine (without high winds),Dry,None,None,No overtaking,322460,674950,563706,Segment,Pedestrian,351457,unset,EH42LZ,No crossing facility within 50m or physical crossing facility not controlled by authorised person,No physical crossing facility within 50m,Elsewhere,55.9613392542,-3.24218650604,"{""type"": ""Feature"",""geometry"": {""type"": ""Point"",""coordinates"": -3.24218650604, 55.9613392542}}"
702211,,Slight,2,1,01/11/2011,Tuesday,1,November,11,18,0,230,A,71,Roundabout,40,Roundabout,Give way sign or markings,Unclassified,,Daylight: street lights present,Fine (without high winds),Dry,None,None,No overtaking,320070,670860,529669,Junction,T.V.N.P.,351458,unset,EH113TA,No crossing facility within 50m or physical crossing facility not controlled by authorised person,No physical crossing facility within 50m,Elsewhere,55.9242046368,-3.27925174047,"{""type"": ""Feature"",""geometry"": {""type"": ""Point"",""coordinates"": -3.27925174047, 55.9242046368}}"
702511,,Slight,2,1,01/11/2011,Tuesday,1,November,11,16,40,230,C,,Single carriageway - 2 lanes,30,Crossroads,Give way sign or markings,Unclassified,,Daylight: street lights present,Fine (without high winds),Dry,None,None,No overtaking,321900,676210,519115,Junction,Cyclist,351459,unset,EH44TY,No crossing facility within 50m or physical crossing facility not controlled by authorised person,Zebra crossing,Elsewhere,55.9725679324,-3.25152062313,"{""type"": ""Feature"",""geometry"": {""type"": ""Point"",""coordinates"": -3.25152062313, 55.9725679324}}"
702911,,Slight,3,3,01/11/2011,Tuesday,1,November,11,8,25,230,A,901,Single carriageway - 2 lanes,30,Not at or within 20 metres of junction,unset,\,,Daylight: street lights present,Fine (without high winds),Dry,None,None,No overtaking,324740,677000,558719,Segment,M.V.N.P.,351460,unset,EH53RU,No crossing facility within 50m or physical crossing facility not controlled by authorised person,No physical crossing facility within 50m,Elsewhere,55.9801186757,-3.20624321012,"{""type"": ""Feature"",""geometry"": {""type"": ""Point"",""coordinates"": -3.20624321012, 55.9801186757}}"
703011,,Slight,2,1,30/10/2011,Sunday,30,October,11,13,24,230,Unclassified,,Single carriageway - 2 lanes,30,'T' or staggered junction,Give way sign or markings,A,900,Daylight: street lights present,Fine (without high winds),Dry,None,None,No overtaking,326670,675310,519876,Junction,Cyclist,351449,unset,EH68PF,No crossing facility within 50m or physical crossing facility not controlled by authorised person,No physical crossing facility within 50m,At scene,55.9652346109,-3.17485693236,"{""type"": ""Feature"",""geometry"": {""type"": ""Point"",""coordinates"": -3.17485693236, 55.9652346109}}"
703711,,Slight,2,1,02/11/2011,Wednesday,2,November,11,9,15,230,C,,Single carriageway - 2 lanes,30,'T' or staggered junction,Give way sign or markings,Unclassified,,Daylight: street lights present,Fine (without high winds),Dry,None,None,No overtaking,328000,668800,530251,Junction,T.V.N.P.,351461,unset,EH166UD,No crossing facility within 50m or physical crossing facility not controlled by authorised person,Pedestrian phase at traffic signal junction,At scene,55.906949858,-3.15181641662,"{""type"": ""Feature"",""geometry"": {""type"": ""Point"",""coordinates"": -3.15181641662, 55.906949858}}"
704911,,Slight,2,1,02/11/2011,Wednesday,2,November,11,9,5,230,A,702,Single carriageway - 2 lanes,30,Not at or within 20 metres of junction,unset,\,,Daylight: street lights present,Fine (without high winds),Dry,None,None,No overtaking,324760,673390,548997,Segment,Bus,351462,unset,EH38BR,No crossing facility within 50m or physical crossing facility not controlled by authorised person,"Pelican, puffin, toucan or similar non-junction pedestrian light crossing",Elsewhere,55.9476902555,-3.20491451218,"{""type"": ""Feature"",""geometry"": {""type"": ""Point"",""coordinates"": -3.20491451218, 55.9476902555}}"
705011,,Slight,2,2,02/11/2011,Wednesday,2,November,11,16,35,230,Unclassified,,Single carriageway - 2 lanes,60,Not at or within 20 metres of junction,unset,\,,Darkness: no street lighting,Fine (without high winds),Dry,None,None,No overtaking,312330,672510,12231275,Segment,T.V.N.P.,351463,unset,EH288PJ,No crossing facility within 50m or physical crossing facility not controlled by authorised person,No physical crossing facility within 50m,At scene,55.937678481,-3.40362361677,"{""type"": ""Feature"",""geometry"": {""type"": ""Point"",""coordinates"": -3.40362361677, 55.937678481}}"
706411,,Slight,3,1,03/11/2011,Thursday,3,November,11,9,30,230,A,902,Single carriageway - 2 lanes,30,Not at or within 20 metres of junction,unset,\,,Daylight: street lights present,Fine (without high winds),Dry,None,None,No overtaking,322820,675390,563664,Segment,M.V.N.P.,351464,unset,EH42PT,No crossing facility within 50m or physical crossing facility not controlled by authorised person,"Pelican, puffin, toucan or similar non-junction pedestrian light crossing",At scene,55.9653500626,-3.23654688996,"{""type"": ""Feature"",""geometry"": {""type"": ""Point"",""coordinates"": -3.23654688996, 55.9653500626}}"
707711,,Slight,2,1,03/11/2011,Thursday,3,November,11,18,10,230,A,8,Single carriageway - 2 lanes,30,Not at or within 20 metres of junction,unset,\,,Darkness: street lights present and lit,Fine (without high winds),Dry,None,None,No overtaking,319890,672950,550689,Segment,Cyclist,351465,unset,EH127SL,No crossing facility within 50m or physical crossing facility not controlled by authorised person,No physical crossing facility within 50m,Elsewhere,55.9429504012,-3.28275206028,"{""type"": ""Feature"",""geometry"": {""type"": ""Point"",""coordinates"": -3.28275206028, 55.9429504012}}"
707811,,Slight,2,1,03/11/2011,Thursday,3,November,11,14,15,230,Unclassified,,Single carriageway - 2 lanes,30,Crossroads,Give way sign or markings,Unclassified,,Daylight: street lights present,Fine (without high winds),Dry,None,None,No overtaking,324640,676310,10310035,Junction,T.V.N.P.,351466,unset,EH53PQ,No crossing facility within 50m or physical crossing facility not controlled by authorised person,No physical crossing facility within 50m,At scene,55.973904176,-3.20765240251,"{""type"": ""Feature"",""geometry"": {""type"": ""Point"",""coordinates"": -3.20765240251, 55.973904176}}"
707911,,Slight,2,1,03/11/2011,Thursday,3,November,11,18,35,230,Unclassified,,Single carriageway - 2 lanes,30,'T' or staggered junction,Give way sign or markings,Unclassified,,Darkness: street lights present but unlit,Fine (without high winds),Dry,None,None,No overtaking,313700,677500,0,Unset,Cyclist,351467,unset,EH309PW,No crossing facility within 50m or physical crossing facility not controlled by authorised person,No physical crossing facility within 50m,At scene,55.9827524542,-3.38329484072,"{""type"": ""Feature"",""geometry"": {""type"": ""Point"",""coordinates"": -3.38329484072, 55.9827524542}}"
708111,,Slight,1,1,03/11/2011,Thursday,3,November,11,17,30,230,A,7,Single carriageway - 2 lanes,30,Not at or within 20 metres of junction,unset,\,,Darkness: street lights present and lit,Fine (without high winds),Dry,None,None,No overtaking,325980,673470,569294,Segment,Pedestrian,351468,unset,EH11HR,No crossing facility within 50m or physical crossing facility not controlled by authorised person,No physical crossing facility within 50m,Elsewhere,55.9485984165,-3.1854037895,"{""type"": ""Feature"",""geometry"": {""type"": ""Point"",""coordinates"": -3.1854037895, 55.9485984165}}"
708711,,Slight,3,1,03/11/2011,Thursday,3,November,11,16,45,230,A,199,Single carriageway - 2 lanes,30,'T' or staggered junction,Automatic Traffic Signal,A,900,Daylight: street lights present,Fine (without high winds),Dry,None,None,No overtaking,327300,676440,519265,Junction,M.V.N.P.,351469,unset,EH67BG,No crossing facility within 50m or physical crossing facility not controlled by authorised person,No physical crossing facility within 50m,Elsewhere,55.9754822305,-3.16507080699,"{""type"": ""Feature"",""geometry"": {""type"": ""Point"",""coordinates"": -3.16507080699, 55.9754822305}}"
709611,,Slight,2,1,04/11/2011,Friday,4,November,11,8,50,230,A,90,Single carriageway - 2 lanes,40,Not at or within 20 metres of junction,unset,\,,Daylight: street lights present,Fine (without high winds),Dry,None,None,No overtaking,321710,674810,555525,Segment,T.V.N.P.,351470,unset,EH42AG,No crossing facility within 50m or physical crossing facility not controlled by authorised person,No physical crossing facility within 50m,Elsewhere,55.9599598912,-3.25415756566,"{""type"": ""Feature"",""geometry"": {""type"": ""Point"",""coordinates"": -3.25415756566, 55.9599598912}}"
710311,,Slight,1,1,04/11/2011,Friday,4,November,11,17,10,230,A,7,Single carriageway - 2 lanes,30,Crossroads,Authorised Person,C,,Darkness: street lights present and lit,Fine (without high winds),Dry,None,None,No overtaking,325940,673640,521103,Junction,Pedestrian,351471,unset,EH11RU,Control by other authorised person,"Pelican, puffin, toucan or similar non-junction pedestrian light crossing",At scene,55.9501195161,-3.18609091194,"{""type"": ""Feature"",""geometry"": {""type"": ""Point"",""coordinates"": -3.18609091194, 55.9501195161}}"
710411,,Slight,2,1,03/11/2011,Thursday,3,November,11,17,20,230,Unclassified,,Single carriageway - 2 lanes,30,Crossroads,Give way sign or markings,Unclassified,,Darkness: street lights present and lit,Fine (without high winds),Dry,None,None,No overtaking,325580,674400,12222985,Junction,T.V.N.P.,351472,unset,EH13PP,No crossing facility within 50m or physical crossing facility not controlled by authorised person,No physical crossing facility within 50m,At scene,55.9568916415,-3.19206481557,"{""type"": ""Feature"",""geometry"": {""type"": ""Point"",""coordinates"": -3.19206481557, 55.9568916415}}"
710511,,Slight,3,1,04/11/2011,Friday,4,November,11,14,0,230,A,90,Single carriageway - 2 lanes,40,'T' or staggered junction,Give way sign or markings,Unclassified,,Daylight: street lights present,Raining (without high winds),Dry,None,None,No overtaking,318130,675070,519690,Junction,M.V.N.P.,351473,unset,EH48DZ,No crossing facility within 50m or physical crossing facility not controlled by authorised person,No physical crossing facility within 50m,At scene,55.9616988054,-3.31156942566,"{""type"": ""Feature"",""geometry"": {""type"": ""Point"",""coordinates"": -3.31156942566, 55.9616988054}}"
712711,,Slight,1,1,05/11/2011,Saturday,5,November,11,21,0,230,C,,Single carriageway - 2 lanes,30,Not at or within 20 metres of junction,unset,\,,Darkness: street lights present and lit,Fine (without high winds),Dry,None,None,No overtaking,325450,674240,566762,Segment,Pedestrian,351474,unset,EH21JE,No crossing facility within 50m or physical crossing facility not controlled by authorised person,Pedestrian phase at traffic signal junction,At scene,55.9554340692,-3.19410240216,"{""type"": ""Feature"",""geometry"": {""type"": ""Point"",""coordinates"": -3.19410240216, 55.9554340692}}"
712811,,Slight,1,1,05/11/2011,Saturday,5,November,11,18,30,230,C,,One way Street,30,'T' or staggered junction,Give way sign or markings,Unclassified,,Darkness: street lights present and lit,Fine (without high winds),Dry,None,None,No overtaking,325680,674050,520581,Junction,Pedestrian,351475,unset,EH22AU,No crossing facility within 50m or physical crossing facility not controlled by authorised person,Pedestrian phase at traffic signal junction,At scene,55.953762766,-3.19036689498,"{""type"": ""Feature"",""geometry"": {""type"": ""Point"",""coordinates"": -3.19036689498, 55.953762766}}"
713011,,Slight,1,1,05/11/2011,Saturday,5,November,11,19,35,230,A,8,Single carriageway - 2 lanes,30,'T' or staggered junction,Automatic Traffic Signal,Unclassified,,Darkness: street lights present and lit,Fine (without high winds),Dry,Road suface defective,None,No overtaking,324120,673270,521349,Junction,Bus,351476,unset,EH125ED,No crossing facility within 50m or physical crossing facility not controlled by authorised person,No physical crossing facility within 50m,Elsewhere,55.9465115783,-3.2151273072,"{""type"": ""Feature"",""geometry"": {""type"": ""Point"",""coordinates"": -3.2151273072, 55.9465115783}}"
713111,,Slight,1,1,06/11/2011,Sunday,6,November,11,2,0,230,C,,Single carriageway - 2 lanes,30,Not at or within 20 metres of junction,unset,\,,Darkness: street lights present and lit,Fine (without high winds),Dry,None,None,No overtaking,325440,674060,566552,Segment,Pedestrian,351477,unset,EH22PF,No crossing facility within 50m or physical crossing facility not controlled by authorised person,No physical crossing facility within 50m,At scene,55.9538154226,-3.19421274976,"{""type"": ""Feature"",""geometry"": {""type"": ""Point"",""coordinates"": -3.19421274976, 55.9538154226}}"