acc_ref,beat_no,severity,no_vehicle,no_casualt,a_date,a_day,a_date_day,a_date_mon,a_date_yr,a_time_hr,a_time_min,loc_auth,road1_class,road1_no,road_type,speed_limi,junc_det,junc_ctrl,road2_class,road2_no,light_cond,weather,road_surf,spec_cond,cway_hzrds,ovrtk_patrn,easting,northing,net_id,net_type,acc_type,text_id,division,Postcode,ped_xing_hc,ped_xing_p,place_reported,latitude,longitude,geojson
713611,,Slight,2,1,06/11/2011,Sunday,6,November,11,9,30,230,C,,Roundabout,30,Roundabout,Give way sign or markings,Unclassified,,Daylight: no street lighting,Fine (without high winds),Dry,None,None,No overtaking,321000,670990,530917,Junction,T.V.N.P.,351478,unset,EH142AS,No crossing facility within 50m or physical crossing facility not controlled by authorised person,No physical crossing facility within 50m,At scene,55.9255261498,-3.26440954181,"{""type"": ""Feature"",""geometry"": {""type"": ""Point"",""coordinates"": -3.26440954181, 55.9255261498}}"
714411,,Serious,1,1,31/10/2011,Monday,31,October,11,11,20,230,C,,Single carriageway - 2 lanes,30,Not at or within 20 metres of junction,unset,\,,Daylight: street lights present,Fine (without high winds),Dry,None,None,No overtaking,325290,674030,566549,Segment,Bus,351450,unset,EH22HN,No crossing facility within 50m or physical crossing facility not controlled by authorised person,Pedestrian phase at traffic signal junction,At scene,55.9535226072,-3.19660636712,"{""type"": ""Feature"",""geometry"": {""type"": ""Point"",""coordinates"": -3.19660636712, 55.9535226072}}"
714611,,Slight,1,1,06/11/2011,Sunday,6,November,11,19,40,230,Unclassified,,Single carriageway - 2 lanes,30,Not at or within 20 metres of junction,unset,\,,Daylight: no street lighting,Fine (without high winds),Dry,None,None,No overtaking,328880,674140,558023,Segment,Pedestrian,351479,unset,EH87BJ,No crossing facility within 50m or physical crossing facility not controlled by authorised person,No physical crossing facility within 50m,At scene,55.9550556411,-3.1391486027,"{""type"": ""Feature"",""geometry"": {""type"": ""Point"",""coordinates"": -3.1391486027, 55.9550556411}}"
714711,,Slight,2,1,01/11/2011,Tuesday,1,November,11,13,15,230,Unclassified,,Single carriageway - 2 lanes,20,Not at or within 20 metres of junction,unset,\,,Daylight: no street lighting,Fine (without high winds),Dry,None,None,No overtaking,330110,672570,12240142,Segment,T.V.N.P.,351480,unset,EH153LW,No crossing facility within 50m or physical crossing facility not controlled by authorised person,No physical crossing facility within 50m,At scene,55.9411310873,-3.11904472282,"{""type"": ""Feature"",""geometry"": {""type"": ""Point"",""coordinates"": -3.11904472282, 55.9411310873}}"
714811,,Slight,2,1,06/11/2011,Sunday,6,November,11,16,45,230,Unclassified,,Single carriageway - 2 lanes,30,Not at or within 20 metres of junction,unset,\,,Darkness: street lights present and lit,Fine (without high winds),Dry,None,None,No overtaking,322520,672400,559248,Segment,Cyclist,351481,unset,EH112QH,No crossing facility within 50m or physical crossing facility not controlled by authorised person,No physical crossing facility within 50m,At scene,55.9384404698,-3.24049283282,"{""type"": ""Feature"",""geometry"": {""type"": ""Point"",""coordinates"": -3.24049283282, 55.9384404698}}"
715011,,Serious,2,1,06/11/2011,Sunday,6,November,11,2,18,230,A,702,Single carriageway - 2 lanes,30,'T' or staggered junction,Give way sign or markings,Unclassified,,Daylight: no street lighting,Fine (without high winds),Dry,None,None,No overtaking,324920,672830,533344,Junction,T.V.N.P.,351482,unset,EH39NA,No crossing facility within 50m or physical crossing facility not controlled by authorised person,Pedestrian phase at traffic signal junction,At scene,55.9426843227,-3.2021969794,"{""type"": ""Feature"",""geometry"": {""type"": ""Point"",""coordinates"": -3.2021969794, 55.9426843227}}"
715111,,Slight,1,1,05/11/2011,Saturday,5,November,11,3,0,230,Unclassified,,Single carriageway - 2 lanes,30,'T' or staggered junction,Give way sign or markings,Unclassified,,Daylight: no street lighting,Fine (without high winds),Dry,None,None,No overtaking,318860,674270,0,Unset,Pedestrian,351483,unset,EH48HN,No crossing facility within 50m or physical crossing facility not controlled by authorised person,Pedestrian phase at traffic signal junction,At scene,55.9546358746,-3.29963725803,"{""type"": ""Feature"",""geometry"": {""type"": ""Point"",""coordinates"": -3.29963725803, 55.9546358746}}"
716211,,Slight,2,2,07/11/2011,Monday,7,November,11,8,19,230,A,7,Single carriageway - 2 lanes,30,Not at or within 20 metres of junction,unset,\,,Daylight: no street lighting,Fine (without high winds),Dry,None,None,No overtaking,327920,671050,568093,Segment,T.V.N.P.,351484,unset,EH164TD,No crossing facility within 50m or physical crossing facility not controlled by authorised person,No physical crossing facility within 50m,At scene,55.9271519902,-3.15369614249,"{""type"": ""Feature"",""geometry"": {""type"": ""Point"",""coordinates"": -3.15369614249, 55.9271519902}}"
716811,,Slight,2,2,07/11/2011,Monday,7,November,11,9,0,230,A,720,Dual carriageway - 2 lanes,50,Not at or within 20 metres of junction,unset,\,,Daylight: street lights present,Fine (without high winds),Dry,None,None,No overtaking,319120,669820,2578907,Segment,T.V.N.P.,351485,unset,EH142SR,No crossing facility within 50m or physical crossing facility not controlled by authorised person,No physical crossing facility within 50m,At scene,55.9147029271,-3.29414047205,"{""type"": ""Feature"",""geometry"": {""type"": ""Point"",""coordinates"": -3.29414047205, 55.9147029271}}"
716911,,Slight,3,1,07/11/2011,Monday,7,November,11,9,5,230,C,,Single carriageway - 2 lanes,30,'T' or staggered junction,Give way sign or markings,Unclassified,,Daylight: street lights present,Fine (without high winds),Dry,None,None,No overtaking,326710,671180,531439,Junction,Cyclist,351486,unset,EH93AH,No crossing facility within 50m or physical crossing facility not controlled by authorised person,No physical crossing facility within 50m,At scene,55.9281370482,-3.17309388656,"{""type"": ""Feature"",""geometry"": {""type"": ""Point"",""coordinates"": -3.17309388656, 55.9281370482}}"
717011,,Slight,1,1,07/11/2011,Monday,7,November,11,11,0,230,Unclassified,,Single carriageway - 2 lanes,30,Crossroads,Automatic Traffic Signal,C,,Daylight: street lights present,Fine (without high winds),Dry,None,None,No overtaking,322590,670370,529981,Junction,S.V.N.P.,351487,unset,EH141DG,No crossing facility within 50m or physical crossing facility not controlled by authorised person,Pedestrian phase at traffic signal junction,At scene,55.920214737,-3.23879036793,"{""type"": ""Feature"",""geometry"": {""type"": ""Point"",""coordinates"": -3.23879036793, 55.920214737}}"
717111,,Slight,1,1,22/10/2011,Saturday,22,October,11,10,30,230,A,901,Single carriageway - 2 lanes,30,Other junction,Give way sign or markings,Unclassified,,Daylight: street lights present,Fine (without high winds),Dry,None,None,No overtaking,325790,677020,532669,Junction,Bus,351451,unset,EH64HY,No crossing facility within 50m or physical crossing facility not controlled by authorised person,"Pelican, puffin, toucan or similar non-junction pedestrian light crossing",At scene,55.9804618304,-3.18942376949,"{""type"": ""Feature"",""geometry"": {""type"": ""Point"",""coordinates"": -3.18942376949, 55.9804618304}}"
717311,,Slight,2,1,07/11/2011,Monday,7,November,11,10,27,230,Unclassified,,Single carriageway - 2 lanes,30,'T' or staggered junction,Give way sign or markings,Unclassified,,Daylight: no street lighting,Fine (without high winds),Dry,None,None,No overtaking,324090,673480,521313,Junction,Cyclist,351488,unset,EH125EP,No crossing facility within 50m or physical crossing facility not controlled by authorised person,Pedestrian phase at traffic signal junction,Elsewhere,55.9483934391,-3.2156667104,"{""type"": ""Feature"",""geometry"": {""type"": ""Point"",""coordinates"": -3.2156667104, 55.9483934391}}"
717411,,Slight,3,1,07/11/2011,Monday,7,November,11,17,30,230,A,71,Dual carriageway - 2 lanes,40,Not at or within 20 metres of junction,unset,\,,Darkness: street lights present and lit,Unknown,Dry,None,None,No overtaking,319130,670590,560501,Segment,M.V.N.P.,351489,unset,EH114DW,No crossing facility within 50m or physical crossing facility not controlled by authorised person,No physical crossing facility within 50m,At scene,55.9216219596,-3.2942109824,"{""type"": ""Feature"",""geometry"": {""type"": ""Point"",""coordinates"": -3.2942109824, 55.9216219596}}"
717511,,Slight,2,1,07/11/2011,Monday,7,November,11,18,10,230,A,720,Dual carriageway - 2 lanes,50,Not at or within 20 metres of junction,unset,\,,Daylight: no street lighting,Fine with high winds,Dry,None,None,No overtaking,318130,670970,6452631,Segment,T.V.N.P.,351490,unset,EH129BU,No crossing facility within 50m or physical crossing facility not controlled by authorised person,Pedestrian phase at traffic signal junction,At scene,55.9248665502,-3.31032508649,"{""type"": ""Feature"",""geometry"": {""type"": ""Point"",""coordinates"": -3.31032508649, 55.9248665502}}"
717611,,Slight,2,1,07/11/2011,Monday,7,November,11,19,10,230,Unclassified,,Single carriageway - 2 lanes,30,Not at or within 20 metres of junction,unset,\,,Darkness: street lights present and lit,Fine (without high winds),Dry,None,None,No overtaking,324460,671870,559379,Segment,Cyclist,351491,unset,EH105DP,No crossing facility within 50m or physical crossing facility not controlled by authorised person,No physical crossing facility within 50m,At scene,55.933987773,-3.20929200961,"{""type"": ""Feature"",""geometry"": {""type"": ""Point"",""coordinates"": -3.20929200961, 55.933987773}}"
718711,,Serious,2,3,07/11/2011,Monday,7,November,11,7,0,230,A,6095,Single carriageway - 2 lanes,30,Crossroads,Automatic Traffic Signal,A,6106,Darkness: street lights present and lit,Fine (without high winds),Dry,None,None,No overtaking,330490,671760,530029,Junction,T.V.N.P.,351492,unset,EH153EL,No crossing facility within 50m or physical crossing facility not controlled by authorised person,Pedestrian phase at traffic signal junction,Elsewhere,55.933909029,-3.1127529954,"{""type"": ""Feature"",""geometry"": {""type"": ""Point"",""coordinates"": -3.1127529954, 55.933909029}}"
718811,,Slight,3,2,04/11/2011,Friday,4,November,11,15,50,230,A,90,Single carriageway - 2 lanes,30,'T' or staggered junction,Give way sign or markings,A,90,Daylight: street lights present,Fine (without high winds),Dry,None,None,No overtaking,322080,674540,520041,Junction,M.V.N.P.,351493,unset,EH42BP,No crossing facility within 50m or physical crossing facility not controlled by authorised person,Pedestrian phase at traffic signal junction,Elsewhere,55.9575944575,-3.24815391172,"{""type"": ""Feature"",""geometry"": {""type"": ""Point"",""coordinates"": -3.24815391172, 55.9575944575}}"
718911,,Slight,2,1,08/11/2011,Tuesday,8,November,11,9,45,230,C,,Single carriageway - 2 lanes,30,Crossroads,Give way sign or markings,Unclassified,,Daylight: street lights present,Raining (without high winds),Dry,None,None,No overtaking,327030,675220,519900,Junction,Cyclist,351494,unset,EH68RT,No crossing facility within 50m or physical crossing facility not controlled by authorised person,No physical crossing facility within 50m,At scene,55.9644808877,-3.16906616566,"{""type"": ""Feature"",""geometry"": {""type"": ""Point"",""coordinates"": -3.16906616566, 55.9644808877}}"
719811,,Slight,2,1,10/10/2011,Monday,10,October,11,7,0,230,A,900,Roundabout,30,Roundabout,Give way sign or markings,Unclassified,,Darkness: street lights present and lit,Raining (without high winds),Dry,None,None,No overtaking,326000,674340,520620,Junction,Cyclist,351452,unset,EH13JT,No crossing facility within 50m or physical crossing facility not controlled by authorised person,No physical crossing facility within 50m,Elsewhere,55.9564174836,-3.18532237636,"{""type"": ""Feature"",""geometry"": {""type"": ""Point"",""coordinates"": -3.18532237636, 55.9564174836}}"
719911,,Slight,1,1,08/11/2011,Tuesday,8,November,11,14,40,230,A,903,Single carriageway - 2 lanes,30,'T' or staggered junction,Give way sign or markings,Unclassified,,Daylight: street lights present,Fine (without high winds),Dry,None,None,No overtaking,324180,676860,519022,Junction,Pedestrian,351495,unset,EH51AH,No crossing facility within 50m or physical crossing facility not controlled by authorised person,Central refuge - no other controls,At scene,55.9787728231,-3.21517700798,"{""type"": ""Feature"",""geometry"": {""type"": ""Point"",""coordinates"": -3.21517700798, 55.9787728231}}"
720011,,Slight,2,1,08/11/2011,Tuesday,8,November,11,17,0,230,C,,Single carriageway - 2 lanes,30,Crossroads,Give way sign or markings,Unclassified,,Daylight: no street lighting,Fine (without high winds),Dry,None,None,No overtaking,327030,675230,519900,Junction,Cyclist,351496,unset,EH68RT,No crossing facility within 50m or physical crossing facility not controlled by authorised person,Pedestrian phase at traffic signal junction,At scene,55.964570727,-3.16906887438,"{""type"": ""Feature"",""geometry"": {""type"": ""Point"",""coordinates"": -3.16906887438, 55.964570727}}"
720211,,Slight,2,1,08/11/2011,Tuesday,8,November,11,17,0,230,Motorway,9,Dual carriageway - 2 lanes,70,Not at or within 20 metres of junction,unset,\,,Darkness: no street lighting,Fine (without high winds),Dry,None,None,No overtaking,312010,673800,562735,Segment,T.V.N.P.,351497,unset,EH299EA,No crossing facility within 50m or physical crossing facility not controlled by authorised person,No physical crossing facility within 50m,At scene,55.9492082376,-3.4091659546,"{""type"": ""Feature"",""geometry"": {""type"": ""Point"",""coordinates"": -3.4091659546, 55.9492082376}}"
720411,,Slight,1,1,08/11/2011,Tuesday,8,November,11,19,25,230,Unclassified,,Single carriageway - 2 lanes,40,Not at or within 20 metres of junction,unset,\,,Daylight: no street lighting,Fine (without high winds),Dry,None,None,No overtaking,320020,676100,557148,Segment,S.V.N.P.,351498,unset,EH46HR,No crossing facility within 50m or physical crossing facility not controlled by authorised person,No physical crossing facility within 50m,At scene,55.9712702708,-3.28160580355,"{""type"": ""Feature"",""geometry"": {""type"": ""Point"",""coordinates"": -3.28160580355, 55.9712702708}}"
721011,,Slight,2,1,07/11/2011,Monday,7,November,11,8,50,230,C,,Single carriageway - 2 lanes,30,Not at or within 20 metres of junction,unset,\,,Daylight: no street lighting,Fine (without high winds),Dry,None,None,No overtaking,325270,673420,558203,Segment,Cyclist,351499,unset,EH12NG,No crossing facility within 50m or physical crossing facility not controlled by authorised person,No physical crossing facility within 50m,At scene,55.9480393438,-3.19675755278,"{""type"": ""Feature"",""geometry"": {""type"": ""Point"",""coordinates"": -3.19675755278, 55.9480393438}}"
721311,,Slight,2,1,08/11/2011,Tuesday,8,November,11,17,20,230,Unclassified,,Single carriageway - 2 lanes,30,'T' or staggered junction,Automatic Traffic Signal,Unclassified,,Darkness: street lights present but unlit,Fine (without high winds),Dry,None,None,No overtaking,326270,672400,532774,Junction,Cyclist,351500,unset,EH91QB,No crossing facility within 50m or physical crossing facility not controlled by authorised person,No physical crossing facility within 50m,Elsewhere,55.9390302001,-3.18046818716,"{""type"": ""Feature"",""geometry"": {""type"": ""Point"",""coordinates"": -3.18046818716, 55.9390302001}}"
722911,,Serious,1,1,09/11/2011,Wednesday,9,November,11,8,30,230,A,900,Single carriageway - 2 lanes,30,'T' or staggered junction,Automatic Traffic Signal,A,900,Daylight: street lights present,Fine (without high winds),Dry,None,None,No overtaking,325990,674180,12288417,Junction,Pedestrian,351501,unset,EH13AA,No crossing facility within 50m or physical crossing facility not controlled by authorised person,Pedestrian phase at traffic signal junction,At scene,55.9549785212,-3.18543858397,"{""type"": ""Feature"",""geometry"": {""type"": ""Point"",""coordinates"": -3.18543858397, 55.9549785212}}"
723611,,Slight,2,1,09/11/2011,Wednesday,9,November,11,13,10,230,Unclassified,,Single carriageway - 2 lanes,30,Using private drive or entrance,Give way sign or markings,Unclassified,,Daylight: no street lighting,Fine (without high winds),Dry,None,None,No overtaking,319290,671070,9659733,Segment,T.V.N.P.,351502,unset,EH114BY,No crossing facility within 50m or physical crossing facility not controlled by authorised person,No physical crossing facility within 50m,At scene,55.9259609451,-3.29179457684,"{""type"": ""Feature"",""geometry"": {""type"": ""Point"",""coordinates"": -3.29179457684, 55.9259609451}}"
723711,,Slight,2,1,07/11/2011,Monday,7,November,11,16,20,230,Unclassified,,Single carriageway - 2 lanes,30,Not at or within 20 metres of junction,unset,\,,Darkness: street lights present and lit,Fine (without high winds),Dry,None,None,No overtaking,319340,672840,551757,Segment,T.V.N.P.,351503,unset,EH128HH,No crossing facility within 50m or physical crossing facility not controlled by authorised person,No physical crossing facility within 50m,Elsewhere,55.941870235,-3.29152347404,"{""type"": ""Feature"",""geometry"": {""type"": ""Point"",""coordinates"": -3.29152347404, 55.941870235}}"
723811,,Slight,1,1,09/11/2011,Wednesday,9,November,11,17,15,230,C,,Dual carriageway - 2 lanes,30,Not at or within 20 metres of junction,unset,\,,Darkness: street lights present but unlit,Fine (without high winds),Dry,None,None,No overtaking,326820,672520,557413,Segment,Pedestrian,351504,unset,EH165BG,No crossing facility within 50m or physical crossing facility not controlled by authorised person,"Pelican, puffin, toucan or similar non-junction pedestrian light crossing",At scene,55.9401923102,-3.17169693281,"{""type"": ""Feature"",""geometry"": {""type"": ""Point"",""coordinates"": -3.17169693281, 55.9401923102}}"
724211,,Slight,2,1,09/11/2011,Wednesday,9,November,11,17,0,230,Unclassified,,Single carriageway - 2 lanes,40,'T' or staggered junction,Give way sign or markings,A,90,Daylight: no street lighting,Fine (without high winds),Dry,None,None,No overtaking,319570,674990,519981,Junction,Cyclist,351505,unset,EH46ER,No crossing facility within 50m or physical crossing facility not controlled by authorised person,Pedestrian phase at traffic signal junction,At scene,55.9612233964,-3.28848315419,"{""type"": ""Feature"",""geometry"": {""type"": ""Point"",""coordinates"": -3.28848315419, 55.9612233964}}"
727211,,Slight,1,1,10/11/2011,Thursday,10,November,11,18,12,230,C,,Single carriageway - 2 lanes,30,'T' or staggered junction,Automatic Traffic Signal,B,901,Darkness: street lights present and lit,Fine (without high winds),Dry,None,None,No overtaking,325960,674380,520599,Junction,Bus,351506,unset,EH13JT,No crossing facility within 50m or physical crossing facility not controlled by authorised person,"Pelican, puffin, toucan or similar non-junction pedestrian light crossing",At scene,55.9567706763,-3.18597392502,"{""type"": ""Feature"",""geometry"": {""type"": ""Point"",""coordinates"": -3.18597392502, 55.9567706763}}"
728811,,Slight,1,1,11/11/2011,Friday,11,November,11,17,45,230,A,8,Dual carriageway - 2 lanes,30,Other junction,Automatic Traffic Signal,C,,Darkness: street lights present and lit,Other,Dry,None,None,No overtaking,325210,673820,521037,Junction,Pedestrian,351507,unset,EH22HG,No crossing facility within 50m or physical crossing facility not controlled by authorised person,No physical crossing facility within 50m,At scene,55.9516235528,-3.19782912939,"{""type"": ""Feature"",""geometry"": {""type"": ""Point"",""coordinates"": -3.19782912939, 55.9516235528}}"
728911,,Slight,2,1,11/11/2011,Friday,11,November,11,17,0,230,B,701,Single carriageway - 2 lanes,30,Crossroads,Automatic Traffic Signal,C,,Darkness: street lights present and lit,Fine (without high winds),Dry,None,None,No overtaking,328270,668450,530308,Junction,T.V.N.P.,351508,unset,EH166TZ,No crossing facility within 50m or physical crossing facility not controlled by authorised person,Pedestrian phase at traffic signal junction,At scene,55.9038457415,-3.14740523474,"{""type"": ""Feature"",""geometry"": {""type"": ""Point"",""coordinates"": -3.14740523474, 55.9038457415}}"
729111,,Slight,1,1,11/11/2011,Friday,11,November,11,23,23,230,A,901,Single carriageway - 2 lanes,30,Crossroads,Automatic Traffic Signal,B,900,Darkness: street lights present and lit,Raining (without high winds),Dry,None,None,No overtaking,326730,676160,531355,Junction,Pedestrian,351509,unset,EH65JB,No crossing facility within 50m or physical crossing facility not controlled by authorised person,"Pelican, puffin, toucan or similar non-junction pedestrian light crossing",At scene,55.9728800874,-3.17412712304,"{""type"": ""Feature"",""geometry"": {""type"": ""Point"",""coordinates"": -3.17412712304, 55.9728800874}}"
729411,,Serious,3,3,11/11/2011,Friday,11,November,11,17,15,230,Motorway,8,Unknown,70,Not at or within 20 metres of junction,unset,\,,Darkness: no street lighting,Fine (without high winds),Dry,None,None,No overtaking,317720,670650,6452114,Segment,M.V.N.P.,351510,unset,EH129BU,No crossing facility within 50m or physical crossing facility not controlled by authorised person,No physical crossing facility within 50m,At scene,55.9219218771,-3.31678768866,"{""type"": ""Feature"",""geometry"": {""type"": ""Point"",""coordinates"": -3.31678768866, 55.9219218771}}"
730011,,Slight,2,1,12/11/2011,Saturday,12,November,11,9,20,230,Unclassified,,Dual carriageway - 2 lanes,30,Not at or within 20 metres of junction,unset,\,,Daylight: no street lighting,Fine (without high winds),Dry,None,None,No overtaking,325930,673240,560073,Segment,T.V.N.P.,351511,unset,EH89BL,No crossing facility within 50m or physical crossing facility not controlled by authorised person,No physical crossing facility within 50m,At scene,55.9465244164,-3.18614115703,"{""type"": ""Feature"",""geometry"": {""type"": ""Point"",""coordinates"": -3.18614115703, 55.9465244164}}"
730211,,Slight,1,1,13/11/2011,Sunday,13,November,11,2,20,230,Unclassified,,Single carriageway - 2 lanes,30,Not at or within 20 metres of junction,unset,\,,Darkness: street lights present and lit,Fine (without high winds),Dry,None,None,No overtaking,323420,671650,564145,Segment,S.V.N.P.,351512,unset,EH111RG,No crossing facility within 50m or physical crossing facility not controlled by authorised person,No physical crossing facility within 50m,At scene,55.9318468334,-3.22587431527,"{""type"": ""Feature"",""geometry"": {""type"": ""Point"",""coordinates"": -3.22587431527, 55.9318468334}}"
730611,,Serious,2,3,10/11/2011,Thursday,10,November,11,15,0,230,A,90,Single carriageway - 2 lanes,30,Not at or within 20 metres of junction,unset,\,,Daylight: street lights present,Fine (without high winds),Dry,None,None,No overtaking,323700,674230,555573,Segment,T.V.N.P.,351513,unset,EH42HS,No crossing facility within 50m or physical crossing facility not controlled by authorised person,No physical crossing facility within 50m,At scene,55.9550695091,-3.22212305429,"{""type"": ""Feature"",""geometry"": {""type"": ""Point"",""coordinates"": -3.22212305429, 55.9550695091}}"
731711,,Slight,1,1,12/11/2011,Saturday,12,November,11,17,15,230,C,,Single carriageway - 2 lanes,30,Other junction,Automatic Traffic Signal,B,901,Darkness: street lights present and lit,Fine (without high winds),Dry,None,None,No overtaking,325930,674380,520599,Junction,Pedestrian,351514,unset,EH13JG,No crossing facility within 50m or physical crossing facility not controlled by authorised person,Pedestrian phase at traffic signal junction,Elsewhere,55.9567660521,-3.18645434965,"{""type"": ""Feature"",""geometry"": {""type"": ""Point"",""coordinates"": -3.18645434965, 55.9567660521}}"
732111,,Slight,2,1,13/11/2011,Sunday,13,November,11,10,25,230,A,8,Single carriageway - 2 lanes,40,Other junction,Give way sign or markings,A,8,Daylight: street lights present,Fine (without high winds),Dry,None,None,No overtaking,318670,672790,4550182,Junction,T.V.N.P.,351515,unset,EH128LJ,No crossing facility within 50m or physical crossing facility not controlled by authorised person,No physical crossing facility within 50m,At scene,55.9413081705,-3.30223330052,"{""type"": ""Feature"",""geometry"": {""type"": ""Point"",""coordinates"": -3.30223330052, 55.9413081705}}"
733811,,Slight,1,1,14/11/2011,Monday,14,November,11,18,0,230,C,,Single carriageway - 2 lanes,30,Crossroads,Automatic Traffic Signal,C,,Darkness: street lights present and lit,Fine (without high winds),Dry,None,None,No overtaking,325300,674200,520521,Junction,Pedestrian,351516,unset,EH21JX,No crossing facility within 50m or physical crossing facility not controlled by authorised person,Pedestrian phase at traffic signal junction,At scene,55.9550514171,-3.19649334882,"{""type"": ""Feature"",""geometry"": {""type"": ""Point"",""coordinates"": -3.19649334882, 55.9550514171}}"
734811,,Slight,2,1,14/11/2011,Monday,14,November,11,16,10,230,A,7,Single carriageway - 2 lanes,30,Crossroads,Automatic Traffic Signal,Unclassified,,Darkness: street lights present and lit,Fine (without high winds),Dry,None,None,No overtaking,326340,672620,532690,Junction,Cyclist,351517,unset,EH89JD,No crossing facility within 50m or physical crossing facility not controlled by authorised person,Pedestrian phase at traffic signal junction,At scene,55.9410173951,-3.17940776793,"{""type"": ""Feature"",""geometry"": {""type"": ""Point"",""coordinates"": -3.17940776793, 55.9410173951}}"
734911,,Slight,2,1,14/01/2011,Friday,14,January,11,9,5,230,Unclassified,,Single carriageway - 2 lanes,40,Not at or within 20 metres of junction,unset,\,,Daylight: street lights present,Fine (without high winds),Dry,None,None,No overtaking,324190,672910,559245,Segment,T.V.N.P.,356879,unset,EH38DZ,No crossing facility within 50m or physical crossing facility not controlled by authorised person,No physical crossing facility within 50m,Elsewhere,55.9432884532,-3.21390544131,"{""type"": ""Feature"",""geometry"": {""type"": ""Point"",""coordinates"": -3.21390544131, 55.9432884532}}"
736611,,Serious,2,1,15/11/2011,Tuesday,15,November,11,18,45,230,A,71,Single carriageway - 2 lanes,30,'T' or staggered junction,Give way sign or markings,Unclassified,,Darkness: street lights present and lit,Fine (without high winds),Dry,None,None,No overtaking,323000,672280,521958,Junction,T.V.N.P.,351518,unset,EH111TU,No crossing facility within 50m or physical crossing facility not controlled by authorised person,"Pelican, puffin, toucan or similar non-junction pedestrian light crossing",At scene,55.937439536,-3.23277556206,"{""type"": ""Feature"",""geometry"": {""type"": ""Point"",""coordinates"": -3.23277556206, 55.937439536}}"
736911,,Fatal,2,1,15/11/2011,Tuesday,15,November,11,18,53,230,A,199,Single carriageway - 2 lanes,30,'T' or staggered junction,Give way sign or markings,Unclassified,,Daylight: no street lighting,Fine (without high winds),Dry,None,None,No overtaking,327520,676400,519280,Junction,T.V.N.P.,351519,unset,EH67HW,No crossing facility within 50m or physical crossing facility not controlled by authorised person,Pedestrian phase at traffic signal junction,At scene,55.9751561367,-3.16153519249,"{""type"": ""Feature"",""geometry"": {""type"": ""Point"",""coordinates"": -3.16153519249, 55.9751561367}}"
737111,,Slight,1,1,06/11/2011,Sunday,6,November,11,0,5,230,A,702,Single carriageway - 2 lanes,30,Other junction,Automatic Traffic Signal,Unclassified,,Darkness: street lights present and lit,Raining (without high winds),Dry,None,None,No overtaking,324760,673520,520953,Junction,Pedestrian,351520,unset,EH12DP,No crossing facility within 50m or physical crossing facility not controlled by authorised person,Pedestrian phase at traffic signal junction,At scene,55.9488581541,-3.20495078348,"{""type"": ""Feature"",""geometry"": {""type"": ""Point"",""coordinates"": -3.20495078348, 55.9488581541}}"
737811,,Slight,2,2,16/11/2011,Wednesday,16,November,11,11,10,230,Unclassified,,Single carriageway - 2 lanes,40,Other junction,Give way sign or markings,Unclassified,,Daylight: street lights present,Fine (without high winds),Dry,None,None,No overtaking,317920,672790,0,Unset,T.V.N.P.,351521,unset,EH128ND,No crossing facility within 50m or physical crossing facility not controlled by authorised person,No physical crossing facility within 50m,At scene,55.9411806973,-3.31423855491,"{""type"": ""Feature"",""geometry"": {""type"": ""Point"",""coordinates"": -3.31423855491, 55.9411806973}}"
738011,,Slight,1,1,16/11/2011,Wednesday,16,November,11,8,45,230,Unclassified,,Single carriageway - 2 lanes,30,'T' or staggered junction,Give way sign or markings,Unclassified,,Daylight: street lights present,Fine (without high winds),Dry,None,None,No overtaking,322000,676250,0,Unset,Pedestrian,351522,unset,EH44HP,Control by school crossing patrol,Central refuge - no other controls,Elsewhere,55.9729435335,-3.24993018089,"{""type"": ""Feature"",""geometry"": {""type"": ""Point"",""coordinates"": -3.24993018089, 55.9729435335}}"
739111,,Slight,2,1,16/11/2011,Wednesday,16,November,11,17,5,230,A,720,Dual carriageway - 2 lanes,70,Not at or within 20 metres of junction,unset,\,,Darkness: no street lighting,Fine (without high winds),Dry,None,None,No overtaking,326490,667090,2588141,Segment,T.V.N.P.,351523,unset,EH209NR,No crossing facility within 50m or physical crossing facility not controlled by authorised person,No physical crossing facility within 50m,Elsewhere,55.8913589729,-3.17550221755,"{""type"": ""Feature"",""geometry"": {""type"": ""Point"",""coordinates"": -3.17550221755, 55.8913589729}}"