acc_ref,beat_no,severity,no_vehicle,no_casualt,a_date,a_day,a_date_day,a_date_mon,a_date_yr,a_time_hr,a_time_min,loc_auth,road1_class,road1_no,road_type,speed_limi,junc_det,junc_ctrl,road2_class,road2_no,light_cond,weather,road_surf,spec_cond,cway_hzrds,ovrtk_patrn,easting,northing,net_id,net_type,acc_type,text_id,division,Postcode,ped_xing_hc,ped_xing_p,place_reported,latitude,longitude,geojson
739411,,Slight,2,3,16/11/2011,Wednesday,16,November,11,20,0,230,Unclassified,,Single carriageway - 2 lanes,20,Crossroads,Automatic Traffic Signal,Unclassified,,Daylight: no street lighting,Fine (without high winds),Dry,None,None,No overtaking,323650,671840,522279,Junction,T.V.N.P.,351524,unset,EH111NJ,No crossing facility within 50m or physical crossing facility not controlled by authorised person,Pedestrian phase at traffic signal junction,At scene,55.9335903275,-3.22224721469,"{""type"": ""Feature"",""geometry"": {""type"": ""Point"",""coordinates"": -3.22224721469, 55.9335903275}}"
739911,,Slight,2,1,16/11/2011,Wednesday,16,November,11,13,10,230,A,701,Single carriageway - 2 lanes,40,Not at or within 20 metres of junction,unset,\,,Daylight: no street lighting,Fine (without high winds),Dry,None,None,No overtaking,326490,672250,569297,Segment,T.V.N.P.,351525,unset,EH91QN,No crossing facility within 50m or physical crossing facility not controlled by authorised person,No physical crossing facility within 50m,Elsewhere,55.9377162986,-3.17690580861,"{""type"": ""Feature"",""geometry"": {""type"": ""Point"",""coordinates"": -3.17690580861, 55.9377162986}}"
740311,,Slight,2,1,16/11/2011,Wednesday,16,November,11,21,45,230,Unclassified,,Single carriageway - 2 lanes,30,'T' or staggered junction,Give way sign or markings,Unclassified,,Darkness: street lights present and lit,Fine (without high winds),Dry,None,None,No overtaking,318680,670720,12232063,Junction,Cyclist,351526,unset,EH114DW,No crossing facility within 50m or physical crossing facility not controlled by authorised person,No physical crossing facility within 50m,Elsewhere,55.9227139629,-3.30144965565,"{""type"": ""Feature"",""geometry"": {""type"": ""Point"",""coordinates"": -3.30144965565, 55.9227139629}}"
740411,,Slight,2,1,17/11/2011,Thursday,17,November,11,10,15,230,Unclassified,,Single carriageway - 2 lanes,40,Not at or within 20 metres of junction,unset,\,,Daylight: street lights present,Fine (without high winds),Dry,None,None,No overtaking,323510,672700,559227,Segment,T.V.N.P.,351527,unset,EH112LN,No crossing facility within 50m or physical crossing facility not controlled by authorised person,No physical crossing facility within 50m,Elsewhere,55.9412941332,-3.22473159358,"{""type"": ""Feature"",""geometry"": {""type"": ""Point"",""coordinates"": -3.22473159358, 55.9412941332}}"
741411,,Slight,2,1,17/11/2011,Thursday,17,November,11,15,38,230,Unclassified,,Single carriageway - 2 lanes,30,Crossroads,Automatic Traffic Signal,Unclassified,,Daylight: street lights present,Fine (without high winds),Dry,Automatic Traffic Signal out,None,No overtaking,324520,670890,529828,Junction,T.V.N.P.,351528,unset,EH106AD,No crossing facility within 50m or physical crossing facility not controlled by authorised person,Pedestrian phase at traffic signal junction,At scene,55.9251930208,-3.2080577544,"{""type"": ""Feature"",""geometry"": {""type"": ""Point"",""coordinates"": -3.2080577544, 55.9251930208}}"
742211,,Serious,2,1,18/11/2011,Friday,18,November,11,8,15,230,Unclassified,,Single carriageway - 2 lanes,40,Roundabout,Give way sign or markings,A,1,Daylight: street lighting unknown,Fine (without high winds),Dry,None,None,No overtaking,331210,672910,521499,Junction,T.V.N.P.,351529,unset,EH153QH,No crossing facility within 50m or physical crossing facility not controlled by authorised person,No physical crossing facility within 50m,At scene,55.9443443738,-3.10152244839,"{""type"": ""Feature"",""geometry"": {""type"": ""Point"",""coordinates"": -3.10152244839, 55.9443443738}}"
742411,,Slight,3,1,18/11/2011,Friday,18,November,11,12,30,230,C,,Single carriageway - 2 lanes,30,Not at or within 20 metres of junction,unset,\,,Daylight: street lights present,Fine (without high winds),Dry,None,None,No overtaking,322050,672260,565409,Segment,M.V.N.P.,351530,unset,EH113AX,No crossing facility within 50m or physical crossing facility not controlled by authorised person,No physical crossing facility within 50m,Elsewhere,55.9371067766,-3.24797532086,"{""type"": ""Feature"",""geometry"": {""type"": ""Point"",""coordinates"": -3.24797532086, 55.9371067766}}"
742511,,Slight,2,1,17/11/2011,Thursday,17,November,11,9,0,230,Unclassified,,Single carriageway - 2 lanes,30,Not at or within 20 metres of junction,unset,\,,Daylight: street lights present,Fine (without high winds),Dry,None,None,No overtaking,328900,673170,0,Unset,T.V.N.P.,351531,unset,EH87NL,No crossing facility within 50m or physical crossing facility not controlled by authorised person,No physical crossing facility within 50m,Elsewhere,55.9463440786,-3.13857253976,"{""type"": ""Feature"",""geometry"": {""type"": ""Point"",""coordinates"": -3.13857253976, 55.9463440786}}"
742811,,Slight,2,1,18/11/2011,Friday,18,November,11,12,53,230,C,,Single carriageway - 2 lanes,30,Other junction,Give way sign or markings,Unclassified,,Daylight: street lights present,Fine (without high winds),Dry,None,None,No overtaking,326560,671600,529465,Junction,Cyclist,351532,unset,EH92PA,No crossing facility within 50m or physical crossing facility not controlled by authorised person,Central refuge - no other controls,At scene,55.931887429,-3.17560849661,"{""type"": ""Feature"",""geometry"": {""type"": ""Point"",""coordinates"": -3.17560849661, 55.931887429}}"
743011,,Slight,1,1,18/11/2011,Friday,18,November,11,16,10,230,C,,Roundabout,30,Roundabout,Automatic Traffic Signal,C,,Darkness: street lights present and lit,Fine (without high winds),Dry,None,Pedestrian in carriagway - not injured,No overtaking,325150,673990,521070,Junction,Bus,351533,unset,EH22JG,No crossing facility within 50m or physical crossing facility not controlled by authorised person,Pedestrian phase at traffic signal junction,At scene,55.9531414649,-3.19883704501,"{""type"": ""Feature"",""geometry"": {""type"": ""Point"",""coordinates"": -3.19883704501, 55.9531414649}}"
744011,,Slight,2,1,19/11/2011,Saturday,19,November,11,13,5,230,A,702,Single carriageway - 2 lanes,30,'T' or staggered junction,Automatic Traffic Signal,Unclassified,,Daylight: no street lighting,Fine (without high winds),Dry,None,None,No overtaking,324760,673430,10254968,Junction,Bus,351534,unset,EH12DA,No crossing facility within 50m or physical crossing facility not controlled by authorised person,Pedestrian phase at traffic signal junction,At scene,55.948049609,-3.2049256723,"{""type"": ""Feature"",""geometry"": {""type"": ""Point"",""coordinates"": -3.2049256723, 55.948049609}}"
744111,,Slight,3,3,19/11/2011,Saturday,19,November,11,9,15,230,Unclassified,,Single carriageway - 2 lanes,30,'T' or staggered junction,Give way sign or markings,Unclassified,,Daylight: street lights present,Fine (without high winds),Dry,None,None,No overtaking,323530,668750,533086,Junction,M.V.N.P.,351535,unset,EH139NE,No crossing facility within 50m or physical crossing facility not controlled by authorised person,No physical crossing facility within 50m,At scene,55.9058112733,-3.22329308986,"{""type"": ""Feature"",""geometry"": {""type"": ""Point"",""coordinates"": -3.22329308986, 55.9058112733}}"
744211,,Slight,1,1,19/11/2011,Saturday,19,November,11,17,44,230,A,7,Single carriageway - 2 lanes,30,Not at or within 20 metres of junction,unset,\,,Darkness: street lights present and lit,Fine (without high winds),Dry,None,None,No overtaking,328190,670690,568093,Segment,Bus,351536,unset,EH164TE,No crossing facility within 50m or physical crossing facility not controlled by authorised person,No physical crossing facility within 50m,At scene,55.9239581209,-3.14927983598,"{""type"": ""Feature"",""geometry"": {""type"": ""Point"",""coordinates"": -3.14927983598, 55.9239581209}}"
744511,,Slight,2,1,18/11/2011,Friday,18,November,11,21,0,230,Unclassified,,Single carriageway - 2 lanes,30,Other junction,Automatic Traffic Signal,C,,Darkness: street lights present and lit,Fine (without high winds),Dry,None,None,No overtaking,324370,673880,520902,Junction,T.V.N.P.,351537,unset,EH37TT,No crossing facility within 50m or physical crossing facility not controlled by authorised person,No physical crossing facility within 50m,At scene,55.9520311088,-3.21129595348,"{""type"": ""Feature"",""geometry"": {""type"": ""Point"",""coordinates"": -3.21129595348, 55.9520311088}}"
744811,,Slight,1,1,20/11/2011,Sunday,20,November,11,1,1,230,A,90,Single carriageway - 2 lanes,30,Not at or within 20 metres of junction,unset,\,,Darkness: street lights present and lit,Fine (without high winds),Dry,None,None,No overtaking,324620,673700,555627,Segment,Pedestrian,351538,unset,EH24RA,No crossing facility within 50m or physical crossing facility not controlled by authorised person,"Pelican, puffin, toucan or similar non-junction pedestrian light crossing",At scene,55.9504533036,-3.20724261074,"{""type"": ""Feature"",""geometry"": {""type"": ""Point"",""coordinates"": -3.20724261074, 55.9504533036}}"
745611,,Slight,1,1,17/11/2011,Thursday,17,November,11,9,30,230,A,7,Single carriageway - 2 lanes,30,Not at or within 20 metres of junction,unset,\,,Daylight: street lights present,Fine (without high winds),Dry,None,None,No overtaking,325960,673560,569279,Segment,Bus,351539,unset,EH11HN,No crossing facility within 50m or physical crossing facility not controlled by authorised person,No physical crossing facility within 50m,At scene,55.9494038863,-3.18574871679,"{""type"": ""Feature"",""geometry"": {""type"": ""Point"",""coordinates"": -3.18574871679, 55.9494038863}}"
745711,,Slight,2,1,20/11/2011,Sunday,20,November,11,10,30,230,Unclassified,,Single carriageway - 2 lanes,30,Not at or within 20 metres of junction,unset,\,,Daylight: no street lighting,Fine (without high winds),Dry,None,None,No overtaking,325040,670410,0,Unset,T.V.N.P.,351540,unset,EH106BY,No crossing facility within 50m or physical crossing facility not controlled by authorised person,No physical crossing facility within 50m,At scene,55.9209620726,-3.19960399661,"{""type"": ""Feature"",""geometry"": {""type"": ""Point"",""coordinates"": -3.19960399661, 55.9209620726}}"
747111,,Slight,2,2,21/11/2011,Monday,21,November,11,16,40,230,A,720,Dual carriageway - 2 lanes,70,Slip road,Give way sign or markings,Unclassified,,Darkness: street lights present and lit,Fine (without high winds),Dry,None,None,No overtaking,318760,670150,2581994,Junction,T.V.N.P.,351541,unset,EH142SR,No crossing facility within 50m or physical crossing facility not controlled by authorised person,No physical crossing facility within 50m,At scene,55.9176068567,-3.29999829085,"{""type"": ""Feature"",""geometry"": {""type"": ""Point"",""coordinates"": -3.29999829085, 55.9176068567}}"
748211,,Slight,2,1,21/11/2011,Monday,21,November,11,7,59,230,A,199,Single carriageway - 2 lanes,30,Crossroads,Automatic Traffic Signal,Unclassified,,Daylight: no street lighting,Fine (without high winds),Dry,None,None,No overtaking,327640,676340,519277,Junction,Cyclist,351542,unset,EH67LA,No crossing facility within 50m or physical crossing facility not controlled by authorised person,Pedestrian phase at traffic signal junction,At scene,55.9746352012,-3.15959643739,"{""type"": ""Feature"",""geometry"": {""type"": ""Point"",""coordinates"": -3.15959643739, 55.9746352012}}"
748911,,Slight,2,1,22/11/2011,Tuesday,22,November,11,11,25,230,Unclassified,,Single carriageway - 2 lanes,30,Crossroads,Stop sign,Unclassified,,Daylight: street lights present,Fine (without high winds),Dry,None,None,No overtaking,325610,671520,523860,Junction,T.V.N.P.,351543,unset,EH92HZ,No crossing facility within 50m or physical crossing facility not controlled by authorised person,No physical crossing facility within 50m,At scene,55.9310226952,-3.19079013556,"{""type"": ""Feature"",""geometry"": {""type"": ""Point"",""coordinates"": -3.19079013556, 55.9310226952}}"
749211,,Slight,3,1,22/11/2011,Tuesday,22,November,11,12,10,230,Unclassified,,Single carriageway - 2 lanes,30,Not at or within 20 metres of junction,unset,\,,Daylight: street lights present,Fine (without high winds),Dry,None,None,No overtaking,330250,673120,569094,Segment,M.V.N.P.,351544,unset,EH151JX,No crossing facility within 50m or physical crossing facility not controlled by authorised person,No physical crossing facility within 50m,Elsewhere,55.9460926882,-3.11694580763,"{""type"": ""Feature"",""geometry"": {""type"": ""Point"",""coordinates"": -3.11694580763, 55.9460926882}}"
751011,,Serious,1,1,16/11/2011,Wednesday,16,November,11,10,30,230,C,,Single carriageway - 2 lanes,30,Not at or within 20 metres of junction,unset,\,,Daylight: street lights present,Fine (without high winds),Dry,None,None,No overtaking,324790,673890,566537,Segment,Bus,351545,unset,EH24JS,No crossing facility within 50m or physical crossing facility not controlled by authorised person,No physical crossing facility within 50m,Elsewhere,55.9521868682,-3.20457366726,"{""type"": ""Feature"",""geometry"": {""type"": ""Point"",""coordinates"": -3.20457366726, 55.9521868682}}"
751611,,Slight,2,1,23/11/2011,Wednesday,23,November,11,11,0,230,C,,Single carriageway - 2 lanes,30,Not at or within 20 metres of junction,unset,\,,Daylight: street lights present,Fine (without high winds),Dry,None,None,No overtaking,323220,676870,559682,Segment,T.V.N.P.,351546,unset,EH51PD,No crossing facility within 50m or physical crossing facility not controlled by authorised person,"Pelican, puffin, toucan or similar non-junction pedestrian light crossing",At scene,55.9787100736,-3.23056193827,"{""type"": ""Feature"",""geometry"": {""type"": ""Point"",""coordinates"": -3.23056193827, 55.9787100736}}"
751911,,Slight,2,2,23/11/2011,Wednesday,23,November,11,15,45,230,Unclassified,,Single carriageway - 2 lanes,30,'T' or staggered junction,Give way sign or markings,Unclassified,,Darkness: street lights present and lit,Fine (without high winds),Dry,None,None,No overtaking,330190,673510,523566,Junction,Cyclist,351547,unset,EH151JJ,No crossing facility within 50m or physical crossing facility not controlled by authorised person,No physical crossing facility within 50m,At scene,55.9495877807,-3.11800737437,"{""type"": ""Feature"",""geometry"": {""type"": ""Point"",""coordinates"": -3.11800737437, 55.9495877807}}"
752011,,Slight,2,1,23/11/2011,Wednesday,23,November,11,16,40,230,A,701,Single carriageway - 2 lanes,30,Crossroads,Automatic Traffic Signal,C,,Darkness: street lights present and lit,Fine (without high winds),Dry,None,None,No overtaking,327380,669440,530191,Junction,T.V.N.P.,351548,unset,EH166JX,No crossing facility within 50m or physical crossing facility not controlled by authorised person,"Pelican, puffin, toucan or similar non-junction pedestrian light crossing",At scene,55.9126064956,-3.16190448225,"{""type"": ""Feature"",""geometry"": {""type"": ""Point"",""coordinates"": -3.16190448225, 55.9126064956}}"
752111,,Slight,1,1,23/11/2011,Wednesday,23,November,11,15,0,230,Unclassified,,Single carriageway - 2 lanes,30,Not at or within 20 metres of junction,unset,\,,Daylight: street lights present,Raining (without high winds),Dry,None,None,No overtaking,323710,674770,554330,Segment,Pedestrian,351549,unset,EH42HX,No crossing facility within 50m or physical crossing facility not controlled by authorised person,No physical crossing facility within 50m,At scene,55.9599223299,-3.22211577893,"{""type"": ""Feature"",""geometry"": {""type"": ""Point"",""coordinates"": -3.22211577893, 55.9599223299}}"
752611,,Slight,3,1,23/11/2011,Wednesday,23,November,11,17,50,230,A,720,Dual carriageway - 2 lanes,70,Slip road,Give way sign or markings,C,,Darkness: street lights present and lit,Raining (without high winds),Dry,None,None,No overtaking,328820,667040,2579085,Junction,M.V.N.P.,351550,unset,EH178SD,No crossing facility within 50m or physical crossing facility not controlled by authorised person,No physical crossing facility within 50m,At scene,55.891259769,-3.13823831661,"{""type"": ""Feature"",""geometry"": {""type"": ""Point"",""coordinates"": -3.13823831661, 55.891259769}}"
752711,,Slight,2,1,11/11/2011,Friday,11,November,11,18,0,230,B,1350,Single carriageway - 2 lanes,30,Other junction,Give way sign or markings,Unclassified,,Darkness: street lights present and lit,Unknown,Dry,None,None,No overtaking,326390,674500,520668,Junction,Cyclist,351551,unset,EH75DX,No crossing facility within 50m or physical crossing facility not controlled by authorised person,No physical crossing facility within 50m,Elsewhere,55.9579148202,-3.17912059811,"{""type"": ""Feature"",""geometry"": {""type"": ""Point"",""coordinates"": -3.17912059811, 55.9579148202}}"
752911,,Slight,2,1,19/11/2011,Saturday,19,November,11,12,40,230,C,,Roundabout,30,Roundabout,Give way sign or markings,C,,Daylight: street lights present,Fine (without high winds),Dry,None,None,No overtaking,325340,674030,520509,Junction,T.V.N.P.,351552,unset,EH22LE,No crossing facility within 50m or physical crossing facility not controlled by authorised person,Pedestrian phase at traffic signal junction,Elsewhere,55.9535303789,-3.19580572922,"{""type"": ""Feature"",""geometry"": {""type"": ""Point"",""coordinates"": -3.19580572922, 55.9535303789}}"
753311,,Slight,1,1,24/11/2011,Thursday,24,November,11,10,20,230,Unclassified,,Single carriageway - 2 lanes,30,Not at or within 20 metres of junction,unset,\,,Daylight: no street lighting,Fine (without high winds),Dry,None,None,No overtaking,322850,670790,554732,Segment,S.V.N.P.,351553,unset,EH141BY,No crossing facility within 50m or physical crossing facility not controlled by authorised person,No physical crossing facility within 50m,At scene,55.9240296867,-3.23475064221,"{""type"": ""Feature"",""geometry"": {""type"": ""Point"",""coordinates"": -3.23475064221, 55.9240296867}}"
754511,,Slight,1,1,24/11/2011,Thursday,24,November,11,21,20,230,Unclassified,,Single carriageway - 2 lanes,30,Not at or within 20 metres of junction,unset,\,,Daylight: street lights present,Raining (without high winds),Dry,None,None,No overtaking,325490,673390,2106553,Segment,Pedestrian,351554,unset,EH12HJ,No crossing facility within 50m or physical crossing facility not controlled by authorised person,No physical crossing facility within 50m,At scene,55.9478039863,-3.1932269522,"{""type"": ""Feature"",""geometry"": {""type"": ""Point"",""coordinates"": -3.1932269522, 55.9478039863}}"
754811,,Slight,2,1,24/11/2011,Thursday,24,November,11,17,15,230,A,772,Single carriageway - 2 lanes,30,Crossroads,Automatic Traffic Signal,C,,Daylight: no street lighting,Fine (without high winds),Dry,None,None,No overtaking,328070,669940,530179,Junction,Cyclist,351555,unset,EH177PR,No crossing facility within 50m or physical crossing facility not controlled by authorised person,Pedestrian phase at traffic signal junction,Elsewhere,55.9172021549,-3.15100023299,"{""type"": ""Feature"",""geometry"": {""type"": ""Point"",""coordinates"": -3.15100023299, 55.9172021549}}"
754911,,Slight,3,2,25/11/2011,Friday,25,November,11,7,20,230,Unclassified,,Single carriageway - 2 lanes,30,Not at or within 20 metres of junction,unset,\,,Daylight: no street lighting,Raining (without high winds),Dry,None,None,No overtaking,319360,676300,557148,Segment,M.V.N.P.,351556,unset,EH46JH,No crossing facility within 50m or physical crossing facility not controlled by authorised person,No physical crossing facility within 50m,At scene,55.9729565861,-3.29223857883,"{""type"": ""Feature"",""geometry"": {""type"": ""Point"",""coordinates"": -3.29223857883, 55.9729565861}}"
755011,,Slight,1,1,24/11/2011,Thursday,24,November,11,9,30,230,Unclassified,,Single carriageway - 2 lanes,30,Not at or within 20 metres of junction,unset,\,,Daylight: no street lighting,Fine (without high winds),Dry,None,None,No overtaking,312920,678220,4421969,Segment,S.V.N.P.,351557,unset,EH309SD,No crossing facility within 50m or physical crossing facility not controlled by authorised person,No physical crossing facility within 50m,Elsewhere,55.9890794081,-3.39602628442,"{""type"": ""Feature"",""geometry"": {""type"": ""Point"",""coordinates"": -3.39602628442, 55.9890794081}}"
755311,,Slight,1,1,25/11/2011,Friday,25,November,11,12,30,230,A,702,Single carriageway - 2 lanes,30,Not at or within 20 metres of junction,unset,\,,Daylight: street lights present,Raining with high winds,Dry,None,None,No overtaking,324880,672550,549171,Segment,Pedestrian,351558,unset,EH104HW,No crossing facility within 50m or physical crossing facility not controlled by authorised person,No physical crossing facility within 50m,Elsewhere,55.9401625948,-3.20275934488,"{""type"": ""Feature"",""geometry"": {""type"": ""Point"",""coordinates"": -3.20275934488, 55.9401625948}}"
755411,,Slight,1,1,25/11/2011,Friday,25,November,11,12,45,230,C,,Single carriageway - 2 lanes,30,'T' or staggered junction,Give way sign or markings,Unclassified,,Daylight: street lights present,Raining with high winds,Dry,None,None,No overtaking,325690,673330,521541,Junction,Pedestrian,351559,unset,EH11EN,No crossing facility within 50m or physical crossing facility not controlled by authorised person,Zebra crossing,At scene,55.947295919,-3.19000833336,"{""type"": ""Feature"",""geometry"": {""type"": ""Point"",""coordinates"": -3.19000833336, 55.947295919}}"
755811,,Slight,2,1,25/11/2011,Friday,25,November,11,8,45,230,Unclassified,,Single carriageway - 2 lanes,30,'T' or staggered junction,Give way sign or markings,Unclassified,,Daylight: street lights present,Unknown,Dry,None,None,No overtaking,323390,668940,533059,Junction,T.V.N.P.,351560,unset,EH139NB,Control by school crossing patrol,No physical crossing facility within 50m,Elsewhere,55.907495939,-3.22558593398,"{""type"": ""Feature"",""geometry"": {""type"": ""Point"",""coordinates"": -3.22558593398, 55.907495939}}"
756011,,Slight,1,1,25/11/2011,Friday,25,November,11,18,50,230,Unclassified,,Single carriageway - 2 lanes,30,Not at or within 20 metres of junction,unset,\,,Darkness: street lights present and lit,Fine (without high winds),Dry,None,None,No overtaking,322910,673870,565718,Segment,S.V.N.P.,351561,unset,EH43JB,No crossing facility within 50m or physical crossing facility not controlled by authorised person,No physical crossing facility within 50m,Elsewhere,55.9517092629,-3.23467051885,"{""type"": ""Feature"",""geometry"": {""type"": ""Point"",""coordinates"": -3.23467051885, 55.9517092629}}"
757111,,Slight,1,1,26/11/2011,Saturday,26,November,11,19,45,230,Unclassified,,Roundabout,30,Roundabout,Automatic Traffic Signal,Unclassified,,Darkness: street lights present and lit,Raining (without high winds),Dry,None,None,No overtaking,327530,671300,523107,Junction,Pedestrian,351562,unset,EH165DT,No crossing facility within 50m or physical crossing facility not controlled by authorised person,Pedestrian phase at traffic signal junction,At scene,55.9293393872,-3.16000405901,"{""type"": ""Feature"",""geometry"": {""type"": ""Point"",""coordinates"": -3.16000405901, 55.9293393872}}"
757211,,Serious,2,1,26/11/2011,Saturday,26,November,11,22,7,230,B,900,Single carriageway - 2 lanes,30,Other junction,Give way sign or markings,Unclassified,,Darkness: street lights present and lit,Raining with high winds,Dry,None,None,No overtaking,323380,674570,520065,Junction,T.V.N.P.,351563,unset,EH42DP,No crossing facility within 50m or physical crossing facility not controlled by authorised person,No physical crossing facility within 50m,At scene,55.9580730598,-3.22734393718,"{""type"": ""Feature"",""geometry"": {""type"": ""Point"",""coordinates"": -3.22734393718, 55.9580730598}}"
759011,,Serious,1,1,27/11/2011,Sunday,27,November,11,23,25,230,Unclassified,,Single carriageway - 2 lanes,30,'T' or staggered junction,Give way sign or markings,Unclassified,,Darkness: street lights present and lit,Fine (without high winds),Dry,None,None,No overtaking,325670,676240,519244,Junction,Pedestrian,351564,unset,EH64SP,No crossing facility within 50m or physical crossing facility not controlled by authorised person,No physical crossing facility within 50m,At scene,55.9734358697,-3.19113125255,"{""type"": ""Feature"",""geometry"": {""type"": ""Point"",""coordinates"": -3.19113125255, 55.9734358697}}"
759211,,Slight,1,1,27/11/2011,Sunday,27,November,11,15,5,230,Unclassified,,Single carriageway - 2 lanes,30,Not at or within 20 metres of junction,unset,\,,Daylight: street lighting unknown,Fine (without high winds),Dry,None,None,No overtaking,322470,672320,559251,Segment,Pedestrian,351565,unset,EH112SJ,No crossing facility within 50m or physical crossing facility not controlled by authorised person,No physical crossing facility within 50m,At scene,55.937713711,-3.24127016093,"{""type"": ""Feature"",""geometry"": {""type"": ""Point"",""coordinates"": -3.24127016093, 55.937713711}}"
759411,,Serious,1,1,27/11/2011,Sunday,27,November,11,20,46,230,C,,Roundabout,30,Roundabout,Give way sign or markings,Unclassified,,Darkness: street lights present and lit,Fine with high winds,Dry,None,None,No overtaking,324570,672910,522729,Junction,Pedestrian,351566,unset,EH38DJ,No crossing facility within 50m or physical crossing facility not controlled by authorised person,Pedestrian phase at traffic signal junction,At scene,55.9433482346,-3.2078222266,"{""type"": ""Feature"",""geometry"": {""type"": ""Point"",""coordinates"": -3.2078222266, 55.9433482346}}"
761311,,Serious,1,1,23/11/2011,Wednesday,23,November,11,19,45,230,Unclassified,,Single carriageway - 2 lanes,30,Crossroads,Automatic Traffic Signal,A,900,Darkness: street lights present and lit,Unknown,Dry,None,None,No overtaking,327210,676230,519253,Junction,Pedestrian,351567,unset,EH67AE,No crossing facility within 50m or physical crossing facility not controlled by authorised person,Pedestrian phase at traffic signal junction,Elsewhere,55.9735819701,-3.16645600818,"{""type"": ""Feature"",""geometry"": {""type"": ""Point"",""coordinates"": -3.16645600818, 55.9735819701}}"
761511,,Slight,2,1,16/11/2011,Wednesday,16,November,11,16,20,230,Unclassified,,Single carriageway - 2 lanes,30,'T' or staggered junction,Give way sign or markings,Unclassified,,Darkness: street lights present and lit,Unknown,Dry,None,None,No overtaking,322020,674580,520044,Junction,Cyclist,351568,unset,EH42BS,No crossing facility within 50m or physical crossing facility not controlled by authorised person,No physical crossing facility within 50m,Elsewhere,55.9579440692,-3.24912633279,"{""type"": ""Feature"",""geometry"": {""type"": ""Point"",""coordinates"": -3.24912633279, 55.9579440692}}"
761611,,Slight,2,1,28/11/2011,Monday,28,November,11,16,45,230,B,901,Single carriageway - 2 lanes,30,Crossroads,Automatic Traffic Signal,Unclassified,,Darkness: street lights present and lit,Fine (without high winds),Dry,None,None,No overtaking,325400,675010,519819,Junction,Cyclist,351569,unset,EH74EN,No crossing facility within 50m or physical crossing facility not controlled by authorised person,Pedestrian phase at traffic signal junction,Elsewhere,55.9623438744,-3.19511623349,"{""type"": ""Feature"",""geometry"": {""type"": ""Point"",""coordinates"": -3.19511623349, 55.9623438744}}"
761811,,Slight,1,1,28/11/2011,Monday,28,November,11,16,30,230,Unclassified,,Single carriageway - 2 lanes,30,'T' or staggered junction,Give way sign or markings,Unclassified,,Daylight: no street lighting,Raining (without high winds),Dry,None,None,No overtaking,328200,674550,523275,Junction,Pedestrian,351570,unset,EH76BH,No crossing facility within 50m or physical crossing facility not controlled by authorised person,Pedestrian phase at traffic signal junction,At scene,55.9586379438,-3.15014711694,"{""type"": ""Feature"",""geometry"": {""type"": ""Point"",""coordinates"": -3.15014711694, 55.9586379438}}"
762111,,Slight,1,1,28/11/2011,Monday,28,November,11,0,55,230,Unclassified,,Single carriageway - 2 lanes,30,Not at or within 20 metres of junction,unset,\,,Darkness: street lights present and lit,Raining (without high winds),Dry,None,None,No overtaking,328610,669830,12240584,Segment,Pedestrian,351571,unset,EH177RG,No crossing facility within 50m or physical crossing facility not controlled by authorised person,Pedestrian phase at traffic signal junction,At scene,55.9162943316,-3.14233220597,"{""type"": ""Feature"",""geometry"": {""type"": ""Point"",""coordinates"": -3.14233220597, 55.9162943316}}"
763111,,Slight,2,1,22/11/2011,Tuesday,22,November,11,9,36,230,C,,Single carriageway - 2 lanes,30,'T' or staggered junction,Give way sign or markings,Unclassified,,Daylight: street lights present,Unknown,Dry,None,None,No overtaking,325700,673320,521541,Junction,Cyclist,351572,unset,EH11HU,No crossing facility within 50m or physical crossing facility not controlled by authorised person,Zebra crossing,Elsewhere,55.9472076262,-3.18984547605,"{""type"": ""Feature"",""geometry"": {""type"": ""Point"",""coordinates"": -3.18984547605, 55.9472076262}}"
763311,,Slight,1,1,29/11/2011,Tuesday,29,November,11,7,45,230,Unclassified,,Single carriageway - 2 lanes,30,Not at or within 20 metres of junction,unset,\,,Daylight: no street lighting,Raining (without high winds),Dry,None,None,No overtaking,320040,671610,559338,Segment,Pedestrian,351573,unset,EH113SN,No crossing facility within 50m or physical crossing facility not controlled by authorised person,No physical crossing facility within 50m,Elsewhere,55.9309373585,-3.2799538374,"{""type"": ""Feature"",""geometry"": {""type"": ""Point"",""coordinates"": -3.2799538374, 55.9309373585}}"
765411,,Slight,1,1,30/11/2011,Wednesday,30,November,11,16,35,230,A,8,Single carriageway - 2 lanes,30,'T' or staggered junction,Give way sign or markings,Unclassified,,Darkness: street lights present and lit,Raining (without high winds),Dry,None,None,No overtaking,324340,673430,521304,Junction,Pedestrian,351574,unset,EH38HA,No crossing facility within 50m or physical crossing facility not controlled by authorised person,No physical crossing facility within 50m,At scene,55.9479836717,-3.21165004584,"{""type"": ""Feature"",""geometry"": {""type"": ""Point"",""coordinates"": -3.21165004584, 55.9479836717}}"