acc_ref,beat_no,severity,no_vehicle,no_casualt,a_date,a_day,a_date_day,a_date_mon,a_date_yr,a_time_hr,a_time_min,loc_auth,road1_class,road1_no,road_type,speed_limi,junc_det,junc_ctrl,road2_class,road2_no,light_cond,weather,road_surf,spec_cond,cway_hzrds,ovrtk_patrn,easting,northing,net_id,net_type,acc_type,text_id,division,Postcode,ped_xing_hc,ped_xing_p,place_reported,latitude,longitude,geojson
765511,,Serious,1,1,29/11/2011,Tuesday,29,November,11,21,9,230,A,71,Single carriageway - 2 lanes,30,Not at or within 20 metres of junction,unset,\,,Darkness: street lights present and lit,Fine (without high winds),Dry,None,None,No overtaking,323370,672440,549758,Segment,Bus,351575,unset,EH112NB,No crossing facility within 50m or physical crossing facility not controlled by authorised person,No physical crossing facility within 50m,At scene,55.9389360553,-3.22689880353,"{""type"": ""Feature"",""geometry"": {""type"": ""Point"",""coordinates"": -3.22689880353, 55.9389360553}}"
765711,,Slight,1,1,30/11/2011,Wednesday,30,November,11,17,45,230,Unclassified,,Single carriageway - 2 lanes,30,Crossroads,Give way sign or markings,Unclassified,,Daylight: no street lighting,Raining (without high winds),Dry,None,None,No overtaking,326000,672840,0,Unset,Pedestrian,351576,unset,EH89LW,No crossing facility within 50m or physical crossing facility not controlled by authorised person,Central refuge - no other controls,At scene,55.9429416372,-3.18491072147,"{""type"": ""Feature"",""geometry"": {""type"": ""Point"",""coordinates"": -3.18491072147, 55.9429416372}}"
765811,,Slight,2,1,30/11/2011,Wednesday,30,November,11,19,37,230,C,,Single carriageway - 2 lanes,30,Not at or within 20 metres of junction,unset,\,,Daylight: no street lighting,Raining (without high winds),Dry,None,None,No overtaking,325100,673970,566561,Segment,T.V.N.P.,351577,unset,EH23EE,No crossing facility within 50m or physical crossing facility not controlled by authorised person,No physical crossing facility within 50m,At scene,55.9529539967,-3.19963211733,"{""type"": ""Feature"",""geometry"": {""type"": ""Point"",""coordinates"": -3.19963211733, 55.9529539967}}"
765911,,Slight,2,1,30/11/2011,Wednesday,30,November,11,16,4,230,A,702,Single carriageway - 2 lanes,30,'T' or staggered junction,Give way sign or markings,Unclassified,,Daylight: street lights present,Fine (without high winds),Dry,None,None,No overtaking,324470,669070,532981,Junction,Cyclist,351578,unset,EH106UU,No crossing facility within 50m or physical crossing facility not controlled by authorised person,No physical crossing facility within 50m,At scene,55.9088345316,-3.2083490572,"{""type"": ""Feature"",""geometry"": {""type"": ""Point"",""coordinates"": -3.2083490572, 55.9088345316}}"
766111,,Slight,1,1,27/11/2011,Sunday,27,November,11,2,0,230,Unclassified,,Single carriageway - 2 lanes,30,Not at or within 20 metres of junction,unset,\,,Darkness: street lights present and lit,Raining with high winds,Dry,None,None,No overtaking,325610,673700,567177,Segment,Pedestrian,351579,unset,EH11PY,No crossing facility within 50m or physical crossing facility not controlled by authorised person,"Pelican, puffin, toucan or similar non-junction pedestrian light crossing",At scene,55.9506075779,-3.19139122257,"{""type"": ""Feature"",""geometry"": {""type"": ""Point"",""coordinates"": -3.19139122257, 55.9506075779}}"
766211,,Slight,3,2,30/11/2011,Wednesday,30,November,11,18,0,230,A,902,Single carriageway - 2 lanes,30,Other junction,Automatic Traffic Signal,Unclassified,,Darkness: street lights present and lit,Raining with high winds,Dry,None,None,No overtaking,322460,674950,520062,Junction,M.V.N.P.,351580,unset,EH42LZ,No crossing facility within 50m or physical crossing facility not controlled by authorised person,Pedestrian phase at traffic signal junction,At scene,55.9613392542,-3.24218650604,"{""type"": ""Feature"",""geometry"": {""type"": ""Point"",""coordinates"": -3.24218650604, 55.9613392542}}"
767111,,Slight,3,1,01/12/2011,Thursday,1,December,11,10,0,230,Unclassified,,Single carriageway - 2 lanes,30,Not at or within 20 metres of junction,unset,\,,Daylight: street lights present,Fine (without high winds),Dry,None,None,No overtaking,328740,670320,568099,Segment,M.V.N.P.,352068,unset,EH164SU,No crossing facility within 50m or physical crossing facility not controlled by authorised person,Pedestrian phase at traffic signal junction,At scene,55.9207158043,-3.14038174156,"{""type"": ""Feature"",""geometry"": {""type"": ""Point"",""coordinates"": -3.14038174156, 55.9207158043}}"
767411,,Slight,1,1,01/12/2011,Thursday,1,December,11,9,20,230,C,,Single carriageway - 2 lanes,30,Not at or within 20 metres of junction,unset,\,,Daylight: street lighting unknown,Fine (without high winds),Dry,None,None,No overtaking,325360,673080,567120,Segment,Bus,352069,unset,EH39EZ,No crossing facility within 50m or physical crossing facility not controlled by authorised person,No physical crossing facility within 50m,At scene,55.9449988145,-3.19522251146,"{""type"": ""Feature"",""geometry"": {""type"": ""Point"",""coordinates"": -3.19522251146, 55.9449988145}}"
767911,,Slight,1,1,01/12/2011,Thursday,1,December,11,13,45,230,Unclassified,,Unknown,30,Not at or within 20 metres of junction,unset,\,,Daylight: street lights present,Fine (without high winds),Dry,None,None,No overtaking,318000,672440,0,Unset,Bus,352070,unset,EH129DG,No crossing facility within 50m or physical crossing facility not controlled by authorised person,No physical crossing facility within 50m,Elsewhere,55.9380501338,-3.31285163103,"{""type"": ""Feature"",""geometry"": {""type"": ""Point"",""coordinates"": -3.31285163103, 55.9380501338}}"
768111,,Slight,2,1,01/12/2011,Thursday,1,December,11,16,59,230,C,,Single carriageway - 2 lanes,30,Crossroads,Give way sign or markings,Unclassified,,Darkness: street lights present and lit,Fine (without high winds),Dry,None,None,No overtaking,327030,675220,519900,Junction,Cyclist,352071,unset,EH68RT,No crossing facility within 50m or physical crossing facility not controlled by authorised person,No physical crossing facility within 50m,At scene,55.9644808877,-3.16906616566,"{""type"": ""Feature"",""geometry"": {""type"": ""Point"",""coordinates"": -3.16906616566, 55.9644808877}}"
770611,,Serious,3,2,02/12/2011,Friday,2,December,11,14,0,230,Unclassified,,Single carriageway - 2 lanes,30,'T' or staggered junction,Give way sign or markings,Unclassified,,Daylight: street lights present,Fine (without high winds),Dry,None,None,No overtaking,324060,675930,519421,Junction,M.V.N.P.,352072,unset,EH52PR,No crossing facility within 50m or physical crossing facility not controlled by authorised person,No physical crossing facility within 50m,At scene,55.9703989612,-3.21683744586,"{""type"": ""Feature"",""geometry"": {""type"": ""Point"",""coordinates"": -3.21683744586, 55.9703989612}}"
771111,,Slight,2,1,01/12/2011,Thursday,1,December,11,17,50,230,A,772,Single carriageway - 2 lanes,30,'T' or staggered junction,Give way sign or markings,Unclassified,,Darkness: street lights present and lit,Fine (without high winds),Dry,None,None,No overtaking,328660,669330,530215,Junction,T.V.N.P.,352073,unset,EH177JG,No crossing facility within 50m or physical crossing facility not controlled by authorised person,No physical crossing facility within 50m,At scene,55.9118097031,-3.14140033176,"{""type"": ""Feature"",""geometry"": {""type"": ""Point"",""coordinates"": -3.14140033176, 55.9118097031}}"
771211,,Serious,1,1,02/12/2011,Friday,2,December,11,12,10,230,A,702,Single carriageway - 2 lanes,30,Other junction,Automatic Traffic Signal,Unclassified,,Daylight: street lights present,Fine (without high winds),Dry,None,None,No overtaking,324760,673400,10254972,Junction,Pedestrian,352074,unset,EH12DA,No crossing facility within 50m or physical crossing facility not controlled by authorised person,Pedestrian phase at traffic signal junction,At scene,55.9477800939,-3.20491730219,"{""type"": ""Feature"",""geometry"": {""type"": ""Point"",""coordinates"": -3.20491730219, 55.9477800939}}"
773011,,Slight,2,1,03/12/2011,Saturday,3,December,11,14,20,230,A,702,Single carriageway - 2 lanes,30,Crossroads,Automatic Traffic Signal,A,702,Daylight: street lights present,Fine (without high winds),Dry,None,None,No overtaking,324910,672960,533374,Junction,Cyclist,352075,unset,EH39LY,No crossing facility within 50m or physical crossing facility not controlled by authorised person,Pedestrian phase at traffic signal junction,At scene,55.9438506613,-3.2023932494,"{""type"": ""Feature"",""geometry"": {""type"": ""Point"",""coordinates"": -3.2023932494, 55.9438506613}}"
773111,,Slight,1,2,04/12/2011,Sunday,4,December,11,5,0,230,A,1,Single carriageway - 2 lanes,30,Multiple junction,Automatic Traffic Signal,Unclassified,,Darkness: street lights present and lit,Fine (without high winds),Dry,None,None,No overtaking,327980,674200,520758,Junction,S.V.N.P.,352076,unset,EH87AW,No crossing facility within 50m or physical crossing facility not controlled by authorised person,Pedestrian phase at traffic signal junction,At scene,55.9554606168,-3.15357691574,"{""type"": ""Feature"",""geometry"": {""type"": ""Point"",""coordinates"": -3.15357691574, 55.9554606168}}"
774611,,Slight,1,1,04/12/2011,Sunday,4,December,11,17,25,230,A,90,Single carriageway - 2 lanes,30,'T' or staggered junction,Give way sign or markings,Unclassified,,Darkness: street lights present and lit,Fine (without high winds),Dry,None,None,No overtaking,324130,674250,520473,Junction,Pedestrian,352077,unset,EH41PU,No crossing facility within 50m or physical crossing facility not controlled by authorised person,Central refuge - no other controls,At scene,55.9553172783,-3.21524297486,"{""type"": ""Feature"",""geometry"": {""type"": ""Point"",""coordinates"": -3.21524297486, 55.9553172783}}"
775111,,Slight,2,1,05/12/2011,Monday,5,December,11,9,40,230,Unclassified,,Single carriageway - 2 lanes,30,Other junction,Give way sign or markings,Unclassified,,Daylight: street lights present,Fine (without high winds),Dry,None,None,No overtaking,323530,672630,12223733,Junction,Cyclist,352078,unset,EH112LG,No crossing facility within 50m or physical crossing facility not controlled by authorised person,No physical crossing facility within 50m,At scene,55.9406684505,-3.22439160192,"{""type"": ""Feature"",""geometry"": {""type"": ""Point"",""coordinates"": -3.22439160192, 55.9406684505}}"
777211,,Slight,2,1,05/12/2011,Monday,5,December,11,16,20,230,A,71,Roundabout,40,Roundabout,Give way sign or markings,C,,Darkness: street lights present and lit,Fine (without high winds),Dry,None,None,No overtaking,320760,671100,529501,Junction,T.V.N.P.,352079,unset,EH113PA,No crossing facility within 50m or physical crossing facility not controlled by authorised person,No physical crossing facility within 50m,At scene,55.9264748739,-3.26828200641,"{""type"": ""Feature"",""geometry"": {""type"": ""Point"",""coordinates"": -3.26828200641, 55.9264748739}}"
779511,,Serious,2,1,06/12/2011,Tuesday,6,December,11,13,35,230,A,7,Single carriageway - 2 lanes,30,Crossroads,Automatic Traffic Signal,A,7,Daylight: street lights present,Fine (without high winds),Dry,None,None,No overtaking,326410,672440,532786,Junction,Bus,352080,unset,EH89PT,No crossing facility within 50m or physical crossing facility not controlled by authorised person,"Pelican, puffin, toucan or similar non-junction pedestrian light crossing",At scene,55.939411008,-3.17823813346,"{""type"": ""Feature"",""geometry"": {""type"": ""Point"",""coordinates"": -3.17823813346, 55.939411008}}"
779811,,Slight,2,2,06/12/2011,Tuesday,6,December,11,16,39,230,Unclassified,,Single carriageway - 2 lanes,30,Crossroads,Stop sign,Unclassified,,Darkness: street lights present and lit,Raining (without high winds),Dry,Permanent road signing or marking defective or obscured,None,No overtaking,325610,671520,523860,Junction,T.V.N.P.,352081,unset,EH92HZ,No crossing facility within 50m or physical crossing facility not controlled by authorised person,No physical crossing facility within 50m,At scene,55.9310226952,-3.19079013556,"{""type"": ""Feature"",""geometry"": {""type"": ""Point"",""coordinates"": -3.19079013556, 55.9310226952}}"
780411,,Slight,2,1,07/12/2011,Wednesday,7,December,11,9,15,230,A,902,Roundabout,30,Roundabout,Give way sign or markings,Unclassified,,Daylight: street lighting unknown,Fine with high winds,Dry,None,None,No overtaking,322920,675740,519394,Junction,T.V.N.P.,352082,unset,EH52NJ,No crossing facility within 50m or physical crossing facility not controlled by authorised person,No physical crossing facility within 50m,At scene,55.9685104194,-3.23504530887,"{""type"": ""Feature"",""geometry"": {""type"": ""Point"",""coordinates"": -3.23504530887, 55.9685104194}}"
780811,,Slight,2,1,07/12/2011,Wednesday,7,December,11,8,45,230,Unclassified,,Single carriageway - 2 lanes,30,Not at or within 20 metres of junction,unset,\,,Daylight: street lights present,Fine (without high winds),Dry,None,None,No overtaking,323180,671930,564157,Segment,T.V.N.P.,352083,unset,EH111QL,No crossing facility within 50m or physical crossing facility not controlled by authorised person,"Pelican, puffin, toucan or similar non-junction pedestrian light crossing",At scene,55.9343240108,-3.22979487074,"{""type"": ""Feature"",""geometry"": {""type"": ""Point"",""coordinates"": -3.22979487074, 55.9343240108}}"
781911,,Slight,1,2,07/12/2011,Wednesday,7,December,11,14,15,230,C,,Roundabout,30,Roundabout,Give way sign or markings,Unclassified,,Daylight: street lights present,Fine (without high winds),Dry,None,None,No overtaking,324600,672920,522732,Junction,Pedestrian,352084,unset,EH38DF,No crossing facility within 50m or physical crossing facility not controlled by authorised person,Pedestrian phase at traffic signal junction,At scene,55.9434427798,-3.207344767,"{""type"": ""Feature"",""geometry"": {""type"": ""Point"",""coordinates"": -3.207344767, 55.9434427798}}"
782411,,Slight,2,1,07/12/2011,Wednesday,7,December,11,17,29,230,A,902,Roundabout,30,Roundabout,Give way sign or markings,Unclassified,,Daylight: no street lighting,Raining (without high winds),Dry,None,None,No overtaking,322910,675710,519406,Junction,Cyclist,352085,unset,EH42PW,No crossing facility within 50m or physical crossing facility not controlled by authorised person,Pedestrian phase at traffic signal junction,At scene,55.9682393031,-3.23519690899,"{""type"": ""Feature"",""geometry"": {""type"": ""Point"",""coordinates"": -3.23519690899, 55.9682393031}}"
784511,,Serious,2,1,09/12/2011,Friday,9,December,11,6,10,230,A,8,Dual carriageway - 2 lanes,70,Slip road,Give way sign or markings,Unclassified,,Darkness: street lights present and lit,Fine (without high winds),Dry,None,None,No overtaking,315470,672360,522348,Junction,Cyclist,352086,unset,EH288NQ,No crossing facility within 50m or physical crossing facility not controlled by authorised person,No physical crossing facility within 50m,At scene,55.9368933044,-3.35332033067,"{""type"": ""Feature"",""geometry"": {""type"": ""Point"",""coordinates"": -3.35332033067, 55.9368933044}}"
785211,,Slight,2,1,07/12/2011,Wednesday,7,December,11,13,10,230,Unclassified,,Single carriageway - 2 lanes,30,Not at or within 20 metres of junction,unset,\,,Daylight: street lights present,Fine (without high winds),Dry,None,None,No overtaking,320260,673930,565988,Segment,T.V.N.P.,352087,unset,EH126UP,No crossing facility within 50m or physical crossing facility not controlled by authorised person,No physical crossing facility within 50m,At scene,55.9518158415,-3.27711890244,"{""type"": ""Feature"",""geometry"": {""type"": ""Point"",""coordinates"": -3.27711890244, 55.9518158415}}"
786311,,Slight,1,1,23/11/2011,Wednesday,23,November,11,10,20,230,A,6095,Single carriageway - 2 lanes,30,Not at or within 20 metres of junction,unset,\,,Daylight: no street lighting,Fine (without high winds),Dry,None,None,No overtaking,331130,671830,0,Unset,Bus,351581,unset,EH153HR,No crossing facility within 50m or physical crossing facility not controlled by authorised person,Zebra crossing,Elsewhere,55.9346300132,-3.10252754,"{""type"": ""Feature"",""geometry"": {""type"": ""Point"",""coordinates"": -3.10252754, 55.9346300132}}"
786411,,Slight,1,1,09/12/2011,Friday,9,December,11,14,35,230,A,8,Single carriageway - 2 lanes,30,Not at or within 20 metres of junction,unset,\,,Daylight: street lights present,Fine (without high winds),Dry,None,None,No overtaking,324540,673590,550511,Segment,Pedestrian,352088,unset,EH24SD,No crossing facility within 50m or physical crossing facility not controlled by authorised person,Central refuge - no other controls,At scene,55.9494525277,-3.20849274012,"{""type"": ""Feature"",""geometry"": {""type"": ""Point"",""coordinates"": -3.20849274012, 55.9494525277}}"
786611,,Slight,1,1,09/12/2011,Friday,9,December,11,23,40,230,A,70,Single carriageway - 2 lanes,30,Not at or within 20 metres of junction,unset,\,,Darkness: street lights present and lit,Fine (without high winds),Dry,None,None,No overtaking,322080,670710,561790,Segment,Pedestrian,352089,unset,EH141TH,No crossing facility within 50m or physical crossing facility not controlled by authorised person,No physical crossing facility within 50m,At scene,55.9231868748,-3.24704779611,"{""type"": ""Feature"",""geometry"": {""type"": ""Point"",""coordinates"": -3.24704779611, 55.9231868748}}"
786711,,Slight,2,1,10/12/2011,Saturday,10,December,11,4,17,230,Unclassified,,Single carriageway - 2 lanes,30,Crossroads,Give way sign or markings,Unclassified,,Darkness: street lights present and lit,Snowing (without high winds),Dry,None,None,No overtaking,326920,676300,12238386,Junction,T.V.N.P.,352090,unset,EH66DL,No crossing facility within 50m or physical crossing facility not controlled by authorised person,No physical crossing facility within 50m,At scene,55.9741667909,-3.17112115419,"{""type"": ""Feature"",""geometry"": {""type"": ""Point"",""coordinates"": -3.17112115419, 55.9741667909}}"
787911,,Serious,1,1,26/11/2011,Saturday,26,November,11,13,35,230,Unclassified,,Single carriageway - 2 lanes,30,'T' or staggered junction,Give way sign or markings,Unclassified,,Daylight: street lights present,Fine with high winds,Dry,None,None,No overtaking,325300,672040,0,Unset,S.V.N.P.,351582,unset,EH91BZ,No crossing facility within 50m or physical crossing facility not controlled by authorised person,No physical crossing facility within 50m,At scene,55.9356462626,-3.19589512297,"{""type"": ""Feature"",""geometry"": {""type"": ""Point"",""coordinates"": -3.19589512297, 55.9356462626}}"
788211,,Slight,2,1,10/12/2011,Saturday,10,December,11,17,0,230,Unclassified,,Single carriageway - 2 lanes,30,Mini-roundabout,Give way sign or markings,Unclassified,,Darkness: street lights present and lit,Fine (without high winds),Dry,None,None,No overtaking,324470,670310,529996,Junction,Cyclist,352091,unset,EH106ET,No crossing facility within 50m or physical crossing facility not controlled by authorised person,No physical crossing facility within 50m,At scene,55.9199745335,-3.20869561902,"{""type"": ""Feature"",""geometry"": {""type"": ""Point"",""coordinates"": -3.20869561902, 55.9199745335}}"
788311,,Serious,1,1,10/12/2011,Saturday,10,December,11,16,25,230,Unclassified,,Single carriageway - 2 lanes,30,Not at or within 20 metres of junction,unset,\,,Darkness: street lights present and lit,Fine (without high winds),Dry,None,None,No overtaking,326460,676440,563724,Segment,Pedestrian,352092,unset,EH64AE,No crossing facility within 50m or physical crossing facility not controlled by authorised person,Pedestrian phase at traffic signal junction,At scene,55.9753542969,-3.17852923748,"{""type"": ""Feature"",""geometry"": {""type"": ""Point"",""coordinates"": -3.17852923748, 55.9753542969}}"
788411,,Slight,1,1,10/12/2011,Saturday,10,December,11,17,30,230,Unclassified,,Single carriageway - 2 lanes,30,Not at or within 20 metres of junction,unset,\,,Darkness: street lights present and lit,Fine (without high winds),Dry,None,None,No overtaking,326820,675260,0,Unset,Pedestrian,352093,unset,EH68RG,No crossing facility within 50m or physical crossing facility not controlled by authorised person,No physical crossing facility within 50m,At scene,55.9648082938,-3.17244069026,"{""type"": ""Feature"",""geometry"": {""type"": ""Point"",""coordinates"": -3.17244069026, 55.9648082938}}"
788511,,Slight,2,1,10/12/2011,Saturday,10,December,11,18,30,230,A,90,Dual carriageway - 2 lanes,40,Not at or within 20 metres of junction,unset,\,,Darkness: street lights present and lit,Fine (without high winds),Dry,None,None,No overtaking,312430,677920,555708,Segment,T.V.N.P.,352094,unset,EH309XS,No crossing facility within 50m or physical crossing facility not controlled by authorised person,No physical crossing facility within 50m,At scene,55.9862953185,-3.40378143047,"{""type"": ""Feature"",""geometry"": {""type"": ""Point"",""coordinates"": -3.40378143047, 55.9862953185}}"
788611,,Slight,1,1,09/12/2011,Friday,9,December,11,20,40,230,A,702,Single carriageway - 2 lanes,30,Not at or within 20 metres of junction,unset,\,,Darkness: street lights present and lit,Other,Dry,None,None,No overtaking,324870,672530,549171,Segment,Pedestrian,352095,unset,EH104HW,No crossing facility within 50m or physical crossing facility not controlled by authorised person,No physical crossing facility within 50m,Elsewhere,55.9399813551,-3.20291384779,"{""type"": ""Feature"",""geometry"": {""type"": ""Point"",""coordinates"": -3.20291384779, 55.9399813551}}"
788811,,Slight,1,1,10/12/2011,Saturday,10,December,11,19,0,230,Unclassified,,One way Street,30,Not at or within 20 metres of junction,unset,\,,Darkness: street lights present and lit,Raining (without high winds),Dry,None,None,No overtaking,326460,676820,0,Unset,Bus,352096,unset,EH66NW,No crossing facility within 50m or physical crossing facility not controlled by authorised person,No physical crossing facility within 50m,At scene,55.9787681709,-3.17863305513,"{""type"": ""Feature"",""geometry"": {""type"": ""Point"",""coordinates"": -3.17863305513, 55.9787681709}}"
789011,,Slight,1,1,07/12/2011,Wednesday,7,December,11,16,30,230,A,71,Single carriageway - 2 lanes,30,'T' or staggered junction,Give way sign or markings,Unclassified,,Daylight: street lights present,Fine (without high winds),Dry,None,None,No overtaking,322930,672260,521961,Junction,Pedestrian,352097,unset,EH112PP,No crossing facility within 50m or physical crossing facility not controlled by authorised person,Central refuge - no other controls,Elsewhere,55.937248645,-3.23389026304,"{""type"": ""Feature"",""geometry"": {""type"": ""Point"",""coordinates"": -3.23389026304, 55.937248645}}"
791411,,Serious,2,1,12/12/2011,Monday,12,December,11,15,25,230,Unclassified,,Roundabout,30,Mini-roundabout,Give way sign or markings,Unclassified,,Daylight: street lighting unknown,Fine (without high winds),Dry,None,None,No overtaking,321250,675490,519780,Junction,Cyclist,352098,unset,EH45PZ,No crossing facility within 50m or physical crossing facility not controlled by authorised person,No physical crossing facility within 50m,At scene,55.9659935654,-3.26172324037,"{""type"": ""Feature"",""geometry"": {""type"": ""Point"",""coordinates"": -3.26172324037, 55.9659935654}}"
791511,,Slight,1,1,12/12/2011,Monday,12,December,11,6,37,230,A,702,Single carriageway - 2 lanes,30,Crossroads,Automatic Traffic Signal,B,701,Darkness: street lights present and lit,Fine (without high winds),Dry,None,None,No overtaking,324790,668230,522522,Junction,Pedestrian,352099,unset,EH107AR,No crossing facility within 50m or physical crossing facility not controlled by authorised person,Pedestrian phase at traffic signal junction,At scene,55.9013381635,-3.20299724816,"{""type"": ""Feature"",""geometry"": {""type"": ""Point"",""coordinates"": -3.20299724816, 55.9013381635}}"
791711,,Slight,1,1,12/12/2011,Monday,12,December,11,8,7,230,C,,Single carriageway - 2 lanes,30,Not at or within 20 metres of junction,unset,\,,Darkness: street lights present and lit,Fine (without high winds),Dry,None,None,No overtaking,323590,674550,560033,Segment,Pedestrian,352100,unset,EH42EW,Control by school crossing patrol,Zebra crossing,At scene,55.9579268312,-3.22397522855,"{""type"": ""Feature"",""geometry"": {""type"": ""Point"",""coordinates"": -3.22397522855, 55.9579268312}}"
791811,,Slight,2,1,27/06/2011,Monday,27,June,11,16,10,230,Unclassified,,Single carriageway - 2 lanes,30,Not at or within 20 metres of junction,unset,\,,Daylight: no street lighting,Raining (without high winds),Dry,None,None,No overtaking,327750,674920,557947,Segment,Cyclist,356881,unset,EH76DE,No crossing facility within 50m or physical crossing facility not controlled by authorised person,No physical crossing facility within 50m,At scene,55.961894546,-3.15745311757,"{""type"": ""Feature"",""geometry"": {""type"": ""Point"",""coordinates"": -3.15745311757, 55.961894546}}"
792111,,Slight,2,1,08/12/2011,Thursday,8,December,11,7,20,230,Unclassified,,Roundabout,50,Roundabout,Automatic Traffic Signal,A,90,Darkness: street lights present and lit,Raining with high winds,Dry,None,None,No overtaking,312470,677710,533311,Junction,T.V.N.P.,352101,unset,EH309XS,No crossing facility within 50m or physical crossing facility not controlled by authorised person,Pedestrian phase at traffic signal junction,At scene,55.9844161703,-3.40307210915,"{""type"": ""Feature"",""geometry"": {""type"": ""Point"",""coordinates"": -3.40307210915, 55.9844161703}}"
792311,,Serious,1,1,12/12/2011,Monday,12,December,11,6,15,230,A,6095,Single carriageway - 2 lanes,30,Not at or within 20 metres of junction,unset,\,,Darkness: street lights present and lit,Raining (without high winds),Dry,None,None,No overtaking,330350,671770,553888,Segment,Pedestrian,352102,unset,EH153HQ,No crossing facility within 50m or physical crossing facility not controlled by authorised person,"Pelican, puffin, toucan or similar non-junction pedestrian light crossing",Elsewhere,55.9339786118,-3.11499629348,"{""type"": ""Feature"",""geometry"": {""type"": ""Point"",""coordinates"": -3.11499629348, 55.9339786118}}"
792911,,Serious,2,1,12/12/2011,Monday,12,December,11,13,30,230,Unclassified,,Single carriageway - 2 lanes,30,Other junction,Give way sign or markings,Unclassified,,Daylight: street lights present,Fine (without high winds),Dry,None,None,No overtaking,322190,671160,0,Unset,Cyclist,352103,unset,EH141RJ,No crossing facility within 50m or physical crossing facility not controlled by authorised person,No physical crossing facility within 50m,At scene,55.9272473601,-3.24541745458,"{""type"": ""Feature"",""geometry"": {""type"": ""Point"",""coordinates"": -3.24541745458, 55.9272473601}}"
793111,,Slight,1,1,12/12/2011,Monday,12,December,11,20,0,230,Unclassified,,Single carriageway - 2 lanes,30,Other junction,Automatic Traffic Signal,A,701,Darkness: street lights present and lit,Fine (without high winds),Dry,None,None,No overtaking,327200,671020,523077,Junction,Pedestrian,352104,unset,EH165PD,No crossing facility within 50m or physical crossing facility not controlled by authorised person,Pedestrian phase at traffic signal junction,At scene,55.9267740289,-3.16520954483,"{""type"": ""Feature"",""geometry"": {""type"": ""Point"",""coordinates"": -3.16520954483, 55.9267740289}}"
793411,,Slight,1,1,09/12/2011,Friday,9,December,11,16,55,230,C,,Single carriageway - 2 lanes,30,Multiple junction,Automatic Traffic Signal,B,1350,Darkness: street lights present and lit,Fine (without high winds),Dry,None,None,No overtaking,326920,674470,520680,Junction,Pedestrian,352105,unset,EH75AP,No crossing facility within 50m or physical crossing facility not controlled by authorised person,"Pelican, puffin, toucan or similar non-junction pedestrian light crossing",At scene,55.9577262176,-3.17062466708,"{""type"": ""Feature"",""geometry"": {""type"": ""Point"",""coordinates"": -3.17062466708, 55.9577262176}}"
798311,,Slight,1,1,13/12/2011,Tuesday,13,December,11,16,25,230,C,,One way Street,30,Other junction,Give way sign or markings,Unclassified,,Darkness: street lights present and lit,Raining with high winds,Dry,None,None,No overtaking,325680,674060,520587,Junction,Pedestrian,352106,unset,EH22AU,No crossing facility within 50m or physical crossing facility not controlled by authorised person,"Pelican, puffin, toucan or similar non-junction pedestrian light crossing",At scene,55.9538526048,-3.19036965193,"{""type"": ""Feature"",""geometry"": {""type"": ""Point"",""coordinates"": -3.19036965193, 55.9538526048}}"
799011,,Slight,2,1,13/12/2011,Tuesday,13,December,11,18,15,230,Unclassified,,One way Street,30,'T' or staggered junction,Automatic Traffic Signal,Unclassified,,Darkness: street lights present and lit,Raining (without high winds),Dry,None,None,No overtaking,325570,674040,520557,Junction,Bus,352107,unset,EH21AF,No crossing facility within 50m or physical crossing facility not controlled by authorised person,Pedestrian phase at traffic signal junction,Elsewhere,55.9536559004,-3.19212555084,"{""type"": ""Feature"",""geometry"": {""type"": ""Point"",""coordinates"": -3.19212555084, 55.9536559004}}"
799911,,Serious,1,1,14/12/2011,Wednesday,14,December,11,8,40,230,Unclassified,,Single carriageway - 2 lanes,30,Not at or within 20 metres of junction,unset,\,,Daylight: no street lighting,Fine (without high winds),Dry,None,None,No overtaking,324640,673580,0,Unset,Pedestrian,356645,unset,EH12AE,No crossing facility within 50m or physical crossing facility not controlled by authorised person,No physical crossing facility within 50m,At scene,55.9493783813,-3.20688884413,"{""type"": ""Feature"",""geometry"": {""type"": ""Point"",""coordinates"": -3.20688884413, 55.9493783813}}"