acc_ref,beat_no,severity,no_vehicle,no_casualt,a_date,a_day,a_date_day,a_date_mon,a_date_yr,a_time_hr,a_time_min,loc_auth,road1_class,road1_no,road_type,speed_limi,junc_det,junc_ctrl,road2_class,road2_no,light_cond,weather,road_surf,spec_cond,cway_hzrds,ovrtk_patrn,easting,northing,net_id,net_type,acc_type,text_id,division,Postcode,ped_xing_hc,ped_xing_p,place_reported,latitude,longitude,geojson
800211,,Slight,2,1,14/12/2011,Wednesday,14,December,11,13,5,230,Unclassified,,Single carriageway - 2 lanes,40,Not at or within 20 metres of junction,unset,\,,Daylight: no street lighting,Fine (without high winds),Dry,None,None,No overtaking,311970,670450,12231370,Segment,T.V.N.P.,356646,unset,EH288NR,No crossing facility within 50m or physical crossing facility not controlled by authorised person,Pedestrian phase at traffic signal junction,At scene,55.9191074468,-3.40871376536,"{""type"": ""Feature"",""geometry"": {""type"": ""Point"",""coordinates"": -3.40871376536, 55.9191074468}}"
800411,,Slight,4,1,14/12/2011,Wednesday,14,December,11,11,50,230,A,71,Single carriageway - 2 lanes,30,'T' or staggered junction,Automatic Traffic Signal,Unclassified,,Daylight: street lights present,Fine (without high winds),Dry,None,None,No overtaking,321850,671610,522204,Junction,M.V.N.P.,356647,unset,EH113AJ,No crossing facility within 50m or physical crossing facility not controlled by authorised person,No physical crossing facility within 50m,At scene,55.9312349041,-3.25098825103,"{""type"": ""Feature"",""geometry"": {""type"": ""Point"",""coordinates"": -3.25098825103, 55.9312349041}}"
800811,,Slight,2,1,14/12/2011,Wednesday,14,December,11,18,48,230,A,70,Single carriageway - 2 lanes,30,Crossroads,Automatic Traffic Signal,Unclassified,,Darkness: street lights present and lit,Fine with high winds,Dry,None,None,No overtaking,323030,671910,522273,Junction,T.V.N.P.,356648,unset,EH111QR,No crossing facility within 50m or physical crossing facility not controlled by authorised person,Pedestrian phase at traffic signal junction,At scene,55.9341203478,-3.23218986123,"{""type"": ""Feature"",""geometry"": {""type"": ""Point"",""coordinates"": -3.23218986123, 55.9341203478}}"
801911,,Slight,1,1,14/12/2011,Wednesday,14,December,11,8,35,230,A,8,Single carriageway - 2 lanes,30,Multiple junction,Automatic Traffic Signal,A,7,Daylight: no street lighting,Fine (without high winds),Dry,None,None,No overtaking,325830,674000,517891,Junction,Pedestrian,356649,unset,EH22EJ,No crossing facility within 50m or physical crossing facility not controlled by authorised person,Pedestrian phase at traffic signal junction,At scene,55.9533367499,-3.18795120307,"{""type"": ""Feature"",""geometry"": {""type"": ""Point"",""coordinates"": -3.18795120307, 55.9533367499}}"
802211,,Slight,2,1,14/12/2011,Wednesday,14,December,11,7,12,230,A,720,Dual carriageway - 2 lanes,70,Not at or within 20 metres of junction,unset,\,,Daylight: no street lighting,Fine (without high winds),Dry,None,None,No overtaking,320660,668290,570552,Segment,T.V.N.P.,356650,unset,EH130PF,No crossing facility within 50m or physical crossing facility not controlled by authorised person,No physical crossing facility within 50m,At scene,55.901214286,-3.26905718616,"{""type"": ""Feature"",""geometry"": {""type"": ""Point"",""coordinates"": -3.26905718616, 55.901214286}}"
802611,,Slight,1,1,14/12/2011,Wednesday,14,December,11,14,50,230,Unclassified,,Single carriageway - 2 lanes,30,Not at or within 20 metres of junction,unset,\,,Daylight: street lights present,Fine (without high winds),Dry,None,None,No overtaking,326240,673510,558296,Segment,Pedestrian,356651,unset,EH89UE,No crossing facility within 50m or physical crossing facility not controlled by authorised person,No physical crossing facility within 50m,At scene,55.9489977483,-3.18125192089,"{""type"": ""Feature"",""geometry"": {""type"": ""Point"",""coordinates"": -3.18125192089, 55.9489977483}}"
804411,,Slight,2,1,16/12/2011,Friday,16,December,11,15,20,230,A,199,Single carriageway - 2 lanes,30,Not at or within 20 metres of junction,unset,\,,Darkness: street lights present and lit,Fine (without high winds),Dry,None,None,No overtaking,328240,675970,563284,Segment,T.V.N.P.,356652,unset,EH67JZ,No crossing facility within 50m or physical crossing facility not controlled by authorised person,No physical crossing facility within 50m,At scene,55.9714011841,-3.14988478369,"{""type"": ""Feature"",""geometry"": {""type"": ""Point"",""coordinates"": -3.14988478369, 55.9714011841}}"
804711,,Slight,1,1,16/12/2011,Friday,16,December,11,13,35,230,Unclassified,,Single carriageway - 2 lanes,30,'T' or staggered junction,Give way sign or markings,Unclassified,,Daylight: street lights present,Fine (without high winds),Dry,None,None,No overtaking,322540,673500,0,Unset,Pedestrian,356653,unset,EH126EE,No crossing facility within 50m or physical crossing facility not controlled by authorised person,No physical crossing facility within 50m,At scene,55.9483257884,-3.24048857525,"{""type"": ""Feature"",""geometry"": {""type"": ""Point"",""coordinates"": -3.24048857525, 55.9483257884}}"
804911,,Slight,3,2,16/12/2011,Friday,16,December,11,14,45,230,A,720,Single carriageway - 3 lanes,40,Roundabout,Give way sign or markings,A,701,Daylight: street lights present,Fine (without high winds),Dry,None,None,No overtaking,327400,666980,2587878,Junction,M.V.N.P.,356654,unset,EH178SG,No crossing facility within 50m or physical crossing facility not controlled by authorised person,No physical crossing facility within 50m,At scene,55.8905087634,-3.16092423228,"{""type"": ""Feature"",""geometry"": {""type"": ""Point"",""coordinates"": -3.16092423228, 55.8905087634}}"
805511,,Slight,1,1,16/12/2011,Friday,16,December,11,17,20,230,A,900,Single carriageway - 2 lanes,30,Crossroads,Automatic Traffic Signal,Unclassified,,Darkness: street lights present and lit,Fine (without high winds),Dry,None,None,No overtaking,326380,674890,520266,Junction,Pedestrian,356655,unset,EH74LU,No crossing facility within 50m or physical crossing facility not controlled by authorised person,Central refuge - no other controls,At scene,55.9614170095,-3.17938729286,"{""type"": ""Feature"",""geometry"": {""type"": ""Point"",""coordinates"": -3.17938729286, 55.9614170095}}"
805811,,Slight,2,2,16/12/2011,Friday,16,December,11,23,0,230,A,900,Single carriageway - 2 lanes,30,Crossroads,Automatic Traffic Signal,A,199,Darkness: street lights present and lit,Fine (without high winds),Dry,None,None,No overtaking,327280,676420,519259,Junction,T.V.N.P.,356656,unset,EH66PW,No crossing facility within 50m or physical crossing facility not controlled by authorised person,Pedestrian phase at traffic signal junction,At scene,55.975299523,-3.16538584449,"{""type"": ""Feature"",""geometry"": {""type"": ""Point"",""coordinates"": -3.16538584449, 55.975299523}}"
806311,,Slight,1,1,14/12/2011,Wednesday,14,December,11,8,10,230,Unclassified,,Single carriageway - 2 lanes,30,'T' or staggered junction,Give way sign or markings,Unclassified,,Daylight: street lights present,Fine (without high winds),Dry,None,None,No overtaking,319370,673200,0,Unset,Pedestrian,356657,unset,EH128SA,No crossing facility within 50m or physical crossing facility not controlled by authorised person,No physical crossing facility within 50m,At scene,55.9451093449,-3.29115085866,"{""type"": ""Feature"",""geometry"": {""type"": ""Point"",""coordinates"": -3.29115085866, 55.9451093449}}"
806411,,Slight,1,1,17/12/2011,Saturday,17,December,11,9,0,230,Unclassified,,Single carriageway - 2 lanes,30,Roundabout,Give way sign or markings,Unclassified,,Daylight: street lights present,Fine (without high winds),Dry,None,None,No overtaking,328950,670140,12240598,Junction,S.V.N.P.,356658,unset,EH177RZ,No crossing facility within 50m or physical crossing facility not controlled by authorised person,No physical crossing facility within 50m,At scene,55.9191297277,-3.13697449301,"{""type"": ""Feature"",""geometry"": {""type"": ""Point"",""coordinates"": -3.13697449301, 55.9191297277}}"
807111,,Slight,1,1,17/12/2011,Saturday,17,December,11,0,15,230,C,,Single carriageway - 2 lanes,30,'T' or staggered junction,Automatic Traffic Signal,Unclassified,,Darkness: street lights present and lit,Fine (without high winds),Dry,None,None,No overtaking,325510,674080,520560,Junction,Pedestrian,356659,unset,EH22AF,No crossing facility within 50m or physical crossing facility not controlled by authorised person,No physical crossing facility within 50m,At scene,55.9540059571,-3.19309737371,"{""type"": ""Feature"",""geometry"": {""type"": ""Point"",""coordinates"": -3.19309737371, 55.9540059571}}"
807811,,Slight,2,1,17/12/2011,Saturday,17,December,11,13,30,230,Unclassified,,Single carriageway - 2 lanes,30,Not at or within 20 metres of junction,unset,\,,Daylight: street lights present,Fine (without high winds),Dry,None,None,No overtaking,327350,674380,2106013,Segment,T.V.N.P.,356660,unset,EH75TA,No crossing facility within 50m or physical crossing facility not controlled by authorised person,Pedestrian phase at traffic signal junction,Elsewhere,55.95698288,-3.16371409736,"{""type"": ""Feature"",""geometry"": {""type"": ""Point"",""coordinates"": -3.16371409736, 55.95698288}}"
808311,,Slight,2,1,18/12/2011,Sunday,18,December,11,8,48,230,Unclassified,,Single carriageway - 2 lanes,40,Other junction,Give way sign or markings,Unclassified,,Daylight: no street lighting,Fine (without high winds),Dry,None,None,No overtaking,324510,669040,533005,Junction,T.V.N.P.,356661,unset,EH106HG,No crossing facility within 50m or physical crossing facility not controlled by authorised person,Pedestrian phase at traffic signal junction,At scene,55.9085712906,-3.20770090932,"{""type"": ""Feature"",""geometry"": {""type"": ""Point"",""coordinates"": -3.20770090932, 55.9085712906}}"
808411,,Serious,1,1,18/12/2011,Sunday,18,December,11,17,0,230,Unclassified,,Single carriageway - 2 lanes,30,Not at or within 20 metres of junction,unset,\,,Darkness: street lights present and lit,Fine (without high winds),Dry,None,None,No overtaking,325000,675210,566978,Segment,Pedestrian,356662,unset,EH35NS,No crossing facility within 50m or physical crossing facility not controlled by authorised person,No physical crossing facility within 50m,Elsewhere,55.9640783495,-3.20157845926,"{""type"": ""Feature"",""geometry"": {""type"": ""Point"",""coordinates"": -3.20157845926, 55.9640783495}}"
811111,,Slight,2,1,19/12/2011,Monday,19,December,11,16,15,230,B,701,Single carriageway - 2 lanes,30,'T' or staggered junction,Give way sign or markings,Unclassified,,Darkness: street lights present and lit,Unknown,Dry,None,None,No overtaking,318970,674530,519924,Junction,Cyclist,356663,unset,EH48AY,No crossing facility within 50m or physical crossing facility not controlled by authorised person,Pedestrian phase at traffic signal junction,Elsewhere,55.9569901495,-3.29795403438,"{""type"": ""Feature"",""geometry"": {""type"": ""Point"",""coordinates"": -3.29795403438, 55.9569901495}}"
811211,,Slight,1,1,19/12/2011,Monday,19,December,11,17,35,230,A,6095,Single carriageway - 2 lanes,30,Not at or within 20 metres of junction,unset,\,,Darkness: street lights present and lit,Fine (without high winds),Dry,None,None,No overtaking,331770,671810,553843,Segment,Pedestrian,356664,unset,EH218RX,No crossing facility within 50m or physical crossing facility not controlled by authorised person,No physical crossing facility within 50m,Elsewhere,55.9345415714,-3.09227894179,"{""type"": ""Feature"",""geometry"": {""type"": ""Point"",""coordinates"": -3.09227894179, 55.9345415714}}"
812511,,Serious,3,1,20/12/2011,Tuesday,20,December,11,16,50,230,A,900,Single carriageway - 2 lanes,30,'T' or staggered junction,Give way sign or markings,Unclassified,,Darkness: street lights present and lit,Fine (without high winds),Dry,None,None,No overtaking,326590,675170,519873,Junction,M.V.N.P.,356665,unset,EH68SD,No crossing facility within 50m or physical crossing facility not controlled by authorised person,No physical crossing facility within 50m,Elsewhere,55.963964643,-3.17610019828,"{""type"": ""Feature"",""geometry"": {""type"": ""Point"",""coordinates"": -3.17610019828, 55.963964643}}"
812911,,Slight,2,2,19/12/2011,Monday,19,December,11,20,0,230,A,6095,Roundabout,30,Roundabout,Give way sign or markings,A,1,Darkness: street lights present and lit,Fine (without high winds),Dry,None,None,No overtaking,331480,671750,4464195,Junction,T.V.N.P.,356666,unset,EH218RX,No crossing facility within 50m or physical crossing facility not controlled by authorised person,No physical crossing facility within 50m,At scene,55.9339612813,-3.09690530073,"{""type"": ""Feature"",""geometry"": {""type"": ""Point"",""coordinates"": -3.09690530073, 55.9339612813}}"
813011,,Slight,2,1,20/12/2011,Tuesday,20,December,11,17,50,230,B,900,Single carriageway - 2 lanes,30,Other junction,Give way sign or markings,Unclassified,,Darkness: street lights present and lit,Unknown,Dry,None,None,No overtaking,323740,674670,520083,Junction,Cyclist,356667,unset,EH41BQ,No crossing facility within 50m or physical crossing facility not controlled by authorised person,No physical crossing facility within 50m,Elsewhere,55.959028717,-3.22160702221,"{""type"": ""Feature"",""geometry"": {""type"": ""Point"",""coordinates"": -3.22160702221, 55.959028717}}"
814111,,Slight,1,1,20/12/2011,Tuesday,20,December,11,14,0,230,C,,Single carriageway - 2 lanes,30,Not at or within 20 metres of junction,unset,\,,Daylight: street lights present,Fine (without high winds),Dry,None,None,No overtaking,325180,674160,566768,Segment,Pedestrian,356668,unset,EH21JX,No crossing facility within 50m or physical crossing facility not controlled by authorised person,No physical crossing facility within 50m,Elsewhere,55.9546733914,-3.19840385123,"{""type"": ""Feature"",""geometry"": {""type"": ""Point"",""coordinates"": -3.19840385123, 55.9546733914}}"
814511,,Slight,1,1,20/12/2011,Tuesday,20,December,11,11,45,230,A,6095,Single carriageway - 2 lanes,30,Not at or within 20 metres of junction,unset,\,,Daylight: street lights present,Fine (without high winds),Dry,None,None,No overtaking,330550,671750,553840,Segment,Pedestrian,356669,unset,EH153HH,No crossing facility within 50m or physical crossing facility not controlled by authorised person,Central refuge - no other controls,At scene,55.9338278572,-3.11179011392,"{""type"": ""Feature"",""geometry"": {""type"": ""Point"",""coordinates"": -3.11179011392, 55.9338278572}}"
815411,,Slight,2,2,21/12/2011,Wednesday,21,December,11,15,0,230,Unclassified,,Single carriageway - 2 lanes,30,'T' or staggered junction,Give way sign or markings,Unclassified,,Daylight: street lights present,Other,Dry,None,None,No overtaking,327410,675060,12239013,Junction,T.V.N.P.,356670,unset,EH76BT,No crossing facility within 50m or physical crossing facility not controlled by authorised person,No physical crossing facility within 50m,At scene,55.9631010381,-3.16293641641,"{""type"": ""Feature"",""geometry"": {""type"": ""Point"",""coordinates"": -3.16293641641, 55.9631010381}}"
815511,,Slight,2,1,21/12/2011,Wednesday,21,December,11,16,45,230,Unclassified,,Single carriageway - 2 lanes,30,'T' or staggered junction,Authorised Person,Unclassified,,Darkness: street lights present and lit,Fine (without high winds),Dry,None,None,No overtaking,329090,673840,523542,Junction,Cyclist,356671,unset,EH87SA,No crossing facility within 50m or physical crossing facility not controlled by authorised person,No physical crossing facility within 50m,Elsewhere,55.9523914656,-3.13570680571,"{""type"": ""Feature"",""geometry"": {""type"": ""Point"",""coordinates"": -3.13570680571, 55.9523914656}}"
815611,,Slight,2,1,17/12/2011,Saturday,17,December,11,12,40,230,C,,Single carriageway - 2 lanes,30,'T' or staggered junction,Automatic Traffic Signal,Unclassified,,Daylight: no street lighting,Raining (without high winds),Dry,None,None,No overtaking,325630,674290,520572,Junction,T.V.N.P.,356672,unset,EH13EB,No crossing facility within 50m or physical crossing facility not controlled by authorised person,Pedestrian phase at traffic signal junction,At scene,55.9559111585,-3.19123375493,"{""type"": ""Feature"",""geometry"": {""type"": ""Point"",""coordinates"": -3.19123375493, 55.9559111585}}"
816711,,Slight,1,1,21/12/2011,Wednesday,21,December,11,16,30,230,A,702,Single carriageway - 2 lanes,30,Multiple junction,Automatic Traffic Signal,Unclassified,,Darkness: street lights present and lit,Raining (without high winds),Dry,None,None,No overtaking,324720,673650,522381,Junction,Pedestrian,356673,unset,EH12DA,No crossing facility within 50m or physical crossing facility not controlled by authorised person,Pedestrian phase at traffic signal junction,Elsewhere,55.950019788,-3.20562750781,"{""type"": ""Feature"",""geometry"": {""type"": ""Point"",""coordinates"": -3.20562750781, 55.950019788}}"
817411,,Slight,1,1,22/12/2011,Thursday,22,December,11,16,15,230,A,903,Single carriageway - 2 lanes,30,Not at or within 20 metres of junction,unset,\,,Darkness: street lights present and lit,Fine (without high winds),Dry,None,None,No overtaking,324200,676720,559703,Segment,Bus,356674,unset,EH53RG,No crossing facility within 50m or physical crossing facility not controlled by authorised person,No physical crossing facility within 50m,At scene,55.9775182554,-3.21481711979,"{""type"": ""Feature"",""geometry"": {""type"": ""Point"",""coordinates"": -3.21481711979, 55.9775182554}}"
817611,,Slight,2,2,22/12/2011,Thursday,22,December,11,16,19,230,C,,Single carriageway - 2 lanes,30,'T' or staggered junction,Automatic Traffic Signal,Unclassified,,Darkness: street lights present and lit,Fine (without high winds),Dry,None,None,No overtaking,324230,672740,521838,Junction,T.V.N.P.,356675,unset,EH111AL,No crossing facility within 50m or physical crossing facility not controlled by authorised person,No physical crossing facility within 50m,At scene,55.9417675115,-3.21321735559,"{""type"": ""Feature"",""geometry"": {""type"": ""Point"",""coordinates"": -3.21321735559, 55.9417675115}}"
818611,,Slight,2,1,17/12/2011,Saturday,17,December,11,3,40,230,A,6095,Single carriageway - 2 lanes,30,Not at or within 20 metres of junction,unset,\,,Darkness: street lights present and lit,Unknown,Dry,Road suface defective,None,No overtaking,328310,671580,553852,Segment,Cyclist,356676,unset,EH165LT,No crossing facility within 50m or physical crossing facility not controlled by authorised person,Pedestrian phase at traffic signal junction,Elsewhere,55.9319718244,-3.14759603455,"{""type"": ""Feature"",""geometry"": {""type"": ""Point"",""coordinates"": -3.14759603455, 55.9319718244}}"
819611,,Serious,1,1,21/12/2011,Wednesday,21,December,11,8,35,230,C,,Single carriageway - 2 lanes,30,Other junction,Give way sign or markings,Unclassified,,Daylight: street lights present,Fine (without high winds),Dry,None,None,No overtaking,325490,672010,522045,Junction,Pedestrian,356677,unset,EH91AQ,No crossing facility within 50m or physical crossing facility not controlled by authorised person,No physical crossing facility within 50m,Elsewhere,55.9354062269,-3.19284581478,"{""type"": ""Feature"",""geometry"": {""type"": ""Point"",""coordinates"": -3.19284581478, 55.9354062269}}"
819811,,Slight,1,1,24/12/2011,Saturday,24,December,11,9,10,230,Unclassified,,Unknown,30,Not at or within 20 metres of junction,unset,\,,Daylight: no street lighting,Other,Dry,None,None,No overtaking,325220,675960,0,Unset,S.V.N.P.,356678,unset,EH74QY,No crossing facility within 50m or physical crossing facility not controlled by authorised person,No physical crossing facility within 50m,At scene,55.9708505242,-3.19826292863,"{""type"": ""Feature"",""geometry"": {""type"": ""Point"",""coordinates"": -3.19826292863, 55.9708505242}}"
821811,,Slight,2,2,22/12/2011,Thursday,22,December,11,13,39,230,C,,Single carriageway - 2 lanes,30,Not at or within 20 metres of junction,unset,\,,Daylight: street lights present,Fine (without high winds),Dry,None,None,No overtaking,322290,672130,559260,Segment,Bus,356679,unset,EH112SF,No crossing facility within 50m or physical crossing facility not controlled by authorised person,No physical crossing facility within 50m,At scene,55.9359777439,-3.24409651988,"{""type"": ""Feature"",""geometry"": {""type"": ""Point"",""coordinates"": -3.24409651988, 55.9359777439}}"
821911,,Slight,1,1,26/12/2011,Monday,26,December,11,13,20,230,B,900,Single carriageway - 2 lanes,30,Other junction,Automatic Traffic Signal,C,,Daylight: street lights present,Fine (without high winds),Dry,None,None,No overtaking,324550,674630,520152,Junction,Pedestrian,356680,unset,EH41LZ,No crossing facility within 50m or physical crossing facility not controlled by authorised person,Pedestrian phase at traffic signal junction,At scene,55.958797265,-3.20862371815,"{""type"": ""Feature"",""geometry"": {""type"": ""Point"",""coordinates"": -3.20862371815, 55.958797265}}"
822611,,Slight,2,3,26/12/2011,Monday,26,December,11,22,0,230,A,772,Single carriageway - 2 lanes,30,Crossroads,Automatic Traffic Signal,B,701,Darkness: street lights present but unlit,Raining with high winds,Dry,Automatic Traffic Signal out,None,No overtaking,329240,668680,530257,Junction,T.V.N.P.,356681,unset,EH178RQ,No crossing facility within 50m or physical crossing facility not controlled by authorised person,No physical crossing facility within 50m,At scene,55.9060556522,-3.13195256422,"{""type"": ""Feature"",""geometry"": {""type"": ""Point"",""coordinates"": -3.13195256422, 55.9060556522}}"
823611,,Slight,2,1,27/12/2011,Tuesday,27,December,11,15,30,230,A,720,Single carriageway - 3 lanes,50,Not at or within 20 metres of junction,unset,\,,Darkness: street lights present and lit,Raining (without high winds),Dry,None,None,No overtaking,317760,671430,9657470,Segment,T.V.N.P.,356682,unset,EH129DF,No crossing facility within 50m or physical crossing facility not controlled by authorised person,No physical crossing facility within 50m,At scene,55.9289358343,-3.31638525803,"{""type"": ""Feature"",""geometry"": {""type"": ""Point"",""coordinates"": -3.31638525803, 55.9289358343}}"
824111,,Slight,2,2,27/12/2011,Tuesday,27,December,11,15,10,230,Unclassified,,Single carriageway - 2 lanes,30,'T' or staggered junction,Automatic Traffic Signal,C,,Daylight: no street lighting,Fine (without high winds),Dry,None,None,No overtaking,325530,674090,520563,Junction,Bus,356683,unset,EH22AF,No crossing facility within 50m or physical crossing facility not controlled by authorised person,Pedestrian phase at traffic signal junction,At scene,55.9540988959,-3.19277987676,"{""type"": ""Feature"",""geometry"": {""type"": ""Point"",""coordinates"": -3.19277987676, 55.9540988959}}"
824211,,Slight,2,1,28/11/2011,Monday,28,November,11,17,2,230,A,71,Single carriageway - 2 lanes,30,Using private drive or entrance,Automatic Traffic Signal,Unclassified,,Daylight: no street lighting,Fine (without high winds),Dry,None,None,No overtaking,321930,671660,549737,Segment,Cyclist,351583,unset,EH113AL,No crossing facility within 50m or physical crossing facility not controlled by authorised person,Pedestrian phase at traffic signal junction,At scene,55.9316970836,-3.24972245135,"{""type"": ""Feature"",""geometry"": {""type"": ""Point"",""coordinates"": -3.24972245135, 55.9316970836}}"
824411,,Slight,1,1,25/12/2011,Sunday,25,December,11,11,50,230,B,900,Single carriageway - 2 lanes,30,Not at or within 20 metres of junction,unset,\,,Daylight: street lights present,Raining with high winds,Dry,None,None,No overtaking,323340,674560,554168,Segment,S.V.N.P.,356684,unset,EH42DL,No crossing facility within 50m or physical crossing facility not controlled by authorised person,No physical crossing facility within 50m,At scene,55.9579768412,-3.22798167057,"{""type"": ""Feature"",""geometry"": {""type"": ""Point"",""coordinates"": -3.22798167057, 55.9579768412}}"
824511,,Slight,1,1,28/12/2011,Wednesday,28,December,11,13,45,230,Unclassified,,Single carriageway - 2 lanes,30,Not at or within 20 metres of junction,unset,\,,Daylight: street lights present,Raining with high winds,Dry,None,None,No overtaking,327740,671140,568084,Segment,Pedestrian,356685,unset,EH165UF,No crossing facility within 50m or physical crossing facility not controlled by authorised person,Central refuge - no other controls,At scene,55.9279335428,-3.15660060724,"{""type"": ""Feature"",""geometry"": {""type"": ""Point"",""coordinates"": -3.15660060724, 55.9279335428}}"
825311,,Slight,1,1,24/12/2011,Saturday,24,December,11,21,40,230,A,8000,Roundabout,30,Roundabout,Give way sign or markings,Unclassified,,Darkness: street lights present and lit,Fine (without high winds),Dry,None,None,No overtaking,312960,677560,10292784,Junction,S.V.N.P.,356686,unset,EH309YA,No crossing facility within 50m or physical crossing facility not controlled by authorised person,"Pelican, puffin, toucan or similar non-junction pedestrian light crossing",At scene,55.983157818,-3.39517170219,"{""type"": ""Feature"",""geometry"": {""type"": ""Point"",""coordinates"": -3.39517170219, 55.983157818}}"
825411,,Slight,1,1,28/12/2011,Wednesday,28,December,11,22,35,230,Unclassified,,Single carriageway - 2 lanes,30,Not at or within 20 metres of junction,unset,\,,Daylight: no street lighting,Fine (without high winds),Dry,None,None,No overtaking,325990,673790,10293588,Segment,Pedestrian,356687,unset,EH11DH,No crossing facility within 50m or physical crossing facility not controlled by authorised person,No physical crossing facility within 50m,At scene,55.9514748035,-3.18533151519,"{""type"": ""Feature"",""geometry"": {""type"": ""Point"",""coordinates"": -3.18533151519, 55.9514748035}}"
825511,,Serious,1,1,28/12/2011,Wednesday,28,December,11,4,30,230,A,71,Single carriageway - 2 lanes,50,Not at or within 20 metres of junction,unset,\,,Darkness: no street lighting,Raining with high winds,Dry,None,None,No overtaking,313810,668860,549671,Segment,S.V.N.P.,356688,unset,EH278EB,No crossing facility within 50m or physical crossing facility not controlled by authorised person,No physical crossing facility within 50m,At scene,55.9051571914,-3.37877154928,"{""type"": ""Feature"",""geometry"": {""type"": ""Point"",""coordinates"": -3.37877154928, 55.9051571914}}"
826911,,Serious,1,2,29/12/2011,Thursday,29,December,11,15,10,230,Unclassified,,Single carriageway - 2 lanes,60,Not at or within 20 metres of junction,unset,\,,Daylight: no street lighting,Fine (without high winds),Dry,None,None,No overtaking,316420,675960,0,Unset,S.V.N.P.,356689,unset,EH309TN,No crossing facility within 50m or physical crossing facility not controlled by authorised person,No physical crossing facility within 50m,At scene,55.9693994897,-3.33923168908,"{""type"": ""Feature"",""geometry"": {""type"": ""Point"",""coordinates"": -3.33923168908, 55.9693994897}}"
827411,,Slight,1,1,30/12/2011,Friday,30,December,11,7,15,230,Unclassified,,Single carriageway - 2 lanes,60,Not at or within 20 metres of junction,unset,\,,Darkness: no street lighting,Other,Dry,None,None,No overtaking,313280,674970,0,Unset,S.V.N.P.,356690,unset,EH299EQ,No crossing facility within 50m or physical crossing facility not controlled by authorised person,No physical crossing facility within 50m,At scene,55.9599493974,-3.38920998309,"{""type"": ""Feature"",""geometry"": {""type"": ""Point"",""coordinates"": -3.38920998309, 55.9599493974}}"
828011,,Serious,1,1,30/12/2011,Friday,30,December,11,13,35,230,A,8,Single carriageway - 2 lanes,30,'T' or staggered junction,Automatic Traffic Signal,Unclassified,,Daylight: street lights present,Fog (or mist if hazard),Dry,None,None,No overtaking,319840,672950,521703,Junction,Pedestrian,356691,unset,EH127SL,No crossing facility within 50m or physical crossing facility not controlled by authorised person,No physical crossing facility within 50m,At scene,55.9429420657,-3.2835524536,"{""type"": ""Feature"",""geometry"": {""type"": ""Point"",""coordinates"": -3.2835524536, 55.9429420657}}"
828211,,Slight,2,1,30/12/2011,Friday,30,December,11,14,40,230,Unclassified,,Single carriageway - 2 lanes,30,'T' or staggered junction,Give way sign or markings,Unclassified,,Daylight: street lights present,Raining (without high winds),Dry,None,None,No overtaking,326500,672680,522462,Junction,Cyclist,356692,unset,EH89RB,No crossing facility within 50m or physical crossing facility not controlled by authorised person,"Pelican, puffin, toucan or similar non-junction pedestrian light crossing",At scene,55.9415809214,-3.17686288115,"{""type"": ""Feature"",""geometry"": {""type"": ""Point"",""coordinates"": -3.17686288115, 55.9415809214}}"
828311,,Slight,1,1,30/12/2011,Friday,30,December,11,12,15,230,A,1140,Single carriageway - 2 lanes,30,Other junction,Give way sign or markings,Unclassified,,Daylight: street lights present,Raining (without high winds),Dry,None,None,No overtaking,328400,674160,523371,Junction,Pedestrian,356693,unset,EH87AY,No crossing facility within 50m or physical crossing facility not controlled by authorised person,No physical crossing facility within 50m,Elsewhere,55.9551640304,-3.14684048077,"{""type"": ""Feature"",""geometry"": {""type"": ""Point"",""coordinates"": -3.14684048077, 55.9551640304}}"
828911,,Serious,1,1,31/12/2011,Saturday,31,December,11,4,28,230,A,900,Dual carriageway - 2 lanes,30,'T' or staggered junction,Give way sign or markings,Unclassified,,Darkness: street lights present and lit,Fine with high winds,Dry,None,None,No overtaking,326360,674840,520263,Junction,Pedestrian,356694,unset,EH74AQ,No crossing facility within 50m or physical crossing facility not controlled by authorised person,Central refuge - no other controls,At scene,55.9609647489,-3.17969395005,"{""type"": ""Feature"",""geometry"": {""type"": ""Point"",""coordinates"": -3.17969395005, 55.9609647489}}"